V240001,version,V243001,V243002,V243050,V243051,V243052,V243053,V243054,V243060,V243061,V243062,V243063,V245001,V245010
140001,ANES2024TimeSeries_20250808,OK,NA,20240812,200133,20240812,223951,.,20250116,153457,20250122,144420,-1. Inapplicable,-1. Inapplicable
140002,ANES2024TimeSeries_20250808,ID,NA,20240818,174753,20240818,192616,.,20241119,141236,20241119,141248,-1. Inapplicable,-1. Inapplicable
140003,ANES2024TimeSeries_20250808,VA,NA,20240809,130237,20240809,155157,.,20241114,082604,20241114,082613,-1. Inapplicable,-1. Inapplicable
140004,ANES2024TimeSeries_20250808,CA,NA,20240815,191526,20240815,200618,.,20241121,214201,20241121,223121,-1. Inapplicable,-1. Inapplicable
140005,ANES2024TimeSeries_20250808,CO,NA,20240814,173901,20240814,181901,.,20241123,170405,20241123,174132,-1. Inapplicable,-1. Inapplicable
140006,ANES2024TimeSeries_20250808,TX,NA,20241017,163231,20241017,180001,.,20250215,161618,20250215,174443,-1. Inapplicable,-1. Inapplicable
140007,ANES2024TimeSeries_20250808,WI,NA,20240808,200335,20240808,214646,.,20241114,234810,20241114,234822,-1. Inapplicable,-1. Inapplicable
140008,ANES2024TimeSeries_20250808,MS,NA,20240817,125837,20240817,191157,.,20241120,122319,20241120,122341,-1. Inapplicable,-1. Inapplicable
140010,ANES2024TimeSeries_20250808,CA,NA,20240902,090524,20241011,045032,.,20250115,172653,20250121,152326,-1. Inapplicable,-1. Inapplicable
140011,ANES2024TimeSeries_20250808,MD,NA,20240819,234024,20240929,215836,.,20241113,203915,20241113,203929,-1. Inapplicable,-1. Inapplicable
140012,ANES2024TimeSeries_20250808,WI,NA,20240824,161818,20240824,170812,.,20250214,090604,20250214,104753,-1. Inapplicable,-1. Inapplicable
140013,ANES2024TimeSeries_20250808,OR,NA,20240820,113600,20240820,121628,.,20241119,150627,20241119,150645,-1. Inapplicable,-1. Inapplicable
140014,ANES2024TimeSeries_20250808,VA,NA,20240816,223446,20240816,235341,.,20241113,214552,20241113,214600,-1. Inapplicable,-1. Inapplicable
140016,ANES2024TimeSeries_20250808,NV,NA,20240815,155945,20240815,171416,.,20241224,111544,20241224,123926,-1. Inapplicable,-1. Inapplicable
140017,ANES2024TimeSeries_20250808,MA,NA,20240911,105451,20240911,115217,.,20241126,114322,20241126,123213,-1. Inapplicable,-1. Inapplicable
140018,ANES2024TimeSeries_20250808,NH,NA,20241009,112948,20241009,132457,.,20250205,132217,20250205,142944,-1. Inapplicable,-1. Inapplicable
140019,ANES2024TimeSeries_20250808,NV,NA,20240819,163912,20240819,195910,.,20241115,165552,20241115,165621,-1. Inapplicable,-1. Inapplicable
140021,ANES2024TimeSeries_20250808,PA,NA,20240828,063535,20240828,072154,.,20241125,081048,20241125,084851,-1. Inapplicable,-1. Inapplicable
140023,ANES2024TimeSeries_20250808,NY,NA,20240813,181932,20240813,194634,.,20241114,165425,20241114,165431,-1. Inapplicable,-1. Inapplicable
140026,ANES2024TimeSeries_20250808,GA,NA,20240816,115809,20240816,211039,.,20241209,000509,20241209,013452,-1. Inapplicable,-1. Inapplicable
140027,ANES2024TimeSeries_20250808,NC,NA,20241013,174344,20241013,190541,.,20241121,143402,20241121,155847,-1. Inapplicable,-1. Inapplicable
140028,ANES2024TimeSeries_20250808,VA,NA,20240814,151916,20240814,161345,.,20241120,153105,20241120,153124,-1. Inapplicable,-1. Inapplicable
140029,ANES2024TimeSeries_20250808,NY,NA,20240812,155334,20240812,164339,.,20241119,104137,20241119,104150,-1. Inapplicable,-1. Inapplicable
140030,ANES2024TimeSeries_20250808,AZ,NA,20240815,012656,20240816,155735,.,20241127,152943,20241231,113344,-1. Inapplicable,-1. Inapplicable
140032,ANES2024TimeSeries_20250808,CO,NA,20240808,234031,20240809,002458,.,20241113,223646,20241113,223700,-1. Inapplicable,-1. Inapplicable
140033,ANES2024TimeSeries_20250808,ID,NA,20240817,142338,20240817,164426,.,20241114,212941,20241114,213315,-1. Inapplicable,-1. Inapplicable
140034,ANES2024TimeSeries_20250808,WI,NA,20240817,130240,20240817,135125,.,20241123,145121,20241123,154406,-1. Inapplicable,-1. Inapplicable
140035,ANES2024TimeSeries_20250808,NY,NA,20240818,174436,20240818,183426,.,20241124,113555,20241124,122329,-1. Inapplicable,-1. Inapplicable
140037,ANES2024TimeSeries_20250808,IL,NA,20240813,000458,20240816,195501,.,20250118,131730,20250118,145416,-1. Inapplicable,-1. Inapplicable
140038,ANES2024TimeSeries_20250808,OH,NA,20240808,185432,20240808,193716,.,20241113,221035,20241113,221040,-1. Inapplicable,-1. Inapplicable
140039,ANES2024TimeSeries_20250808,AR,NA,20240814,152136,20240814,161239,.,20241119,135949,20241119,140002,-1. Inapplicable,-1. Inapplicable
140040,ANES2024TimeSeries_20250808,GA,NA,20240819,095833,20240819,125222,.,20241204,095455,20241204,121950,-1. Inapplicable,-1. Inapplicable
140041,ANES2024TimeSeries_20250808,TX,NA,20241104,201620,20241104,205826,.,.,NA,.,NA,-1. Inapplicable,-1. Inapplicable
140043,ANES2024TimeSeries_20250808,NM,NA,20240808,224054,20240808,232039,.,20241118,185837,20241118,185845,-1. Inapplicable,-1. Inapplicable
140044,ANES2024TimeSeries_20250808,KS,NA,20240826,170512,20240826,174516,.,20241202,164952,20241202,200509,-1. Inapplicable,-1. Inapplicable
140046,ANES2024TimeSeries_20250808,MO,NA,20240816,153436,20240816,160815,.,20241114,085004,20241114,085033,-1. Inapplicable,-1. Inapplicable
140048,ANES2024TimeSeries_20250808,MN,NA,20241012,004038,20241012,014051,.,20250119,232314,20250120,004037,-1. Inapplicable,-1. Inapplicable
140049,ANES2024TimeSeries_20250808,CA,NA,20240820,022732,20240820,033853,.,20241117,181036,20241117,181047,-1. Inapplicable,-1. Inapplicable
140050,ANES2024TimeSeries_20250808,MO,NA,20240815,113412,20240815,131317,.,20241114,090620,20241114,090636,-1. Inapplicable,-1. Inapplicable
140052,ANES2024TimeSeries_20250808,VA,NA,20241011,140555,20241011,155820,.,20241130,154922,20241130,165130,-1. Inapplicable,-1. Inapplicable
140053,ANES2024TimeSeries_20250808,KY,NA,20241010,233325,20241010,234835,.,20241119,102101,20241119,102109,-1. Inapplicable,-1. Inapplicable
140054,ANES2024TimeSeries_20250808,PA,NA,20240808,195903,20240808,205013,.,20241114,093942,20241114,093951,-1. Inapplicable,-1. Inapplicable
140055,ANES2024TimeSeries_20250808,GA,NA,20240919,100941,20240919,122236,.,20241221,115511,20241221,142316,-1. Inapplicable,-1. Inapplicable
140056,ANES2024TimeSeries_20250808,NY,NA,20240819,150234,20240819,162211,.,20241114,082416,20241114,082422,-1. Inapplicable,-1. Inapplicable
140057,ANES2024TimeSeries_20250808,OH,NA,20240818,142222,20240818,153004,.,20241202,172144,20241202,182732,-1. Inapplicable,-1. Inapplicable
140058,ANES2024TimeSeries_20250808,TX,NA,20240831,150524,20240831,161039,.,20241123,174833,20241123,190305,-1. Inapplicable,-1. Inapplicable
140060,ANES2024TimeSeries_20250808,MT,NA,20240808,195423,20240808,224809,.,20241219,114854,20241219,123921,-1. Inapplicable,-1. Inapplicable
140061,ANES2024TimeSeries_20250808,TN,NA,20240818,230451,20240819,031144,.,20241120,075353,20241120,075401,-1. Inapplicable,-1. Inapplicable
140062,ANES2024TimeSeries_20250808,LA,NA,20240817,165804,20240817,183351,.,20241125,093621,20241125,101318,-1. Inapplicable,-1. Inapplicable
140063,ANES2024TimeSeries_20250808,NJ,NA,20241030,135205,20241030,142615,.,20241114,164300,20241114,164306,-1. Inapplicable,-1. Inapplicable
140065,ANES2024TimeSeries_20250808,CA,NA,20240812,185512,20240812,202505,.,20241121,122117,20241121,135659,-1. Inapplicable,-1. Inapplicable
140066,ANES2024TimeSeries_20250808,CA,NA,20240808,195742,20240808,203806,.,20241113,204313,20241113,204326,-1. Inapplicable,-1. Inapplicable
140067,ANES2024TimeSeries_20250808,CO,NA,20240811,172323,20240811,175555,.,20241130,103839,20241130,111131,-1. Inapplicable,-1. Inapplicable
140068,ANES2024TimeSeries_20250808,IL,NA,20240901,170625,20240901,182611,.,.,NA,.,NA,-1. Inapplicable,-1. Inapplicable
140070,ANES2024TimeSeries_20250808,MN,NA,20240809,124754,20240809,132834,.,20241114,084820,20241114,084830,-1. Inapplicable,-1. Inapplicable
140072,ANES2024TimeSeries_20250808,PA,NA,20240821,082055,20240830,131217,.,20241122,140052,.,-1,-1. Inapplicable,-1. Inapplicable
140073,ANES2024TimeSeries_20250808,PA,NA,20240813,140422,20240818,080233,.,20241120,175908,20241120,191335,-1. Inapplicable,-1. Inapplicable
140074,ANES2024TimeSeries_20250808,FL,NA,20240903,212057,20240903,223202,.,20241113,221047,20250203,180050,-1. Inapplicable,-1. Inapplicable
140076,ANES2024TimeSeries_20250808,PA,NA,20240822,162518,20240822,185815,.,20250215,113230,20250215,132623,-1. Inapplicable,-1. Inapplicable
140077,ANES2024TimeSeries_20250808,FL,NA,20240812,162655,20240812,172847,.,20241114,081005,20241114,081027,-1. Inapplicable,-1. Inapplicable
140078,ANES2024TimeSeries_20250808,TX,NA,20240906,184458,20240906,205131,.,20241224,145639,20241224,161926,-1. Inapplicable,-1. Inapplicable
140079,ANES2024TimeSeries_20250808,OK,NA,20240810,152907,20240813,152633,.,20241130,135702,20241130,155334,-1. Inapplicable,-1. Inapplicable
140080,ANES2024TimeSeries_20250808,AZ,NA,20240813,104541,20240813,125425,.,20241118,165526,20241118,165600,-1. Inapplicable,-1. Inapplicable
140081,ANES2024TimeSeries_20250808,DE,NA,20240819,082726,20240819,091339,.,20241202,185142,20241202,200301,-1. Inapplicable,-1. Inapplicable
140082,ANES2024TimeSeries_20250808,DC,NA,20240808,203711,20240808,211846,.,20241115,124320,20241115,124327,-1. Inapplicable,-1. Inapplicable
140083,ANES2024TimeSeries_20250808,IN,NA,20240808,203018,20240808,221529,.,20241114,123311,20241114,123318,-1. Inapplicable,-1. Inapplicable
140084,ANES2024TimeSeries_20250808,NV,NA,20240808,190906,20240808,224343,.,20241118,125704,20241118,125723,-1. Inapplicable,-1. Inapplicable
140085,ANES2024TimeSeries_20250808,FL,NA,20240823,205126,20240823,211536,.,20241204,135233,20241204,142200,-1. Inapplicable,-1. Inapplicable
140086,ANES2024TimeSeries_20250808,WV,NA,20240817,132022,20240817,134637,.,20241114,082219,20241114,082224,-1. Inapplicable,-1. Inapplicable
140087,ANES2024TimeSeries_20250808,MA,NA,20240809,084434,20240809,093136,.,20241114,142234,20241114,142247,-1. Inapplicable,-1. Inapplicable
140088,ANES2024TimeSeries_20250808,OH,NA,20241027,192721,20241027,200032,.,20250121,110524,20250121,113021,-1. Inapplicable,-1. Inapplicable
140089,ANES2024TimeSeries_20250808,VA,NA,20241031,080505,20241031,085644,.,20250211,074511,20250211,085837,-1. Inapplicable,-1. Inapplicable
140090,ANES2024TimeSeries_20250808,AZ,NA,20240828,111659,20240929,141526,.,20241114,104634,20241114,104641,-1. Inapplicable,-1. Inapplicable
140092,ANES2024TimeSeries_20250808,OH,NA,20240815,120247,20240821,125637,.,20241129,145803,20241129,162820,-1. Inapplicable,-1. Inapplicable
140093,ANES2024TimeSeries_20250808,MI,NA,20240808,191321,20240808,202819,.,20241114,113249,20241114,113307,-1. Inapplicable,-1. Inapplicable
140094,ANES2024TimeSeries_20250808,TX,NA,20240814,193228,20240814,210841,.,20241126,160932,20241126,173914,-1. Inapplicable,-1. Inapplicable
140095,ANES2024TimeSeries_20250808,MA,NA,20240813,125726,20240813,142634,.,20241122,141206,20241122,152623,-1. Inapplicable,-1. Inapplicable
140096,ANES2024TimeSeries_20250808,GA,NA,20240812,185907,20240813,130140,.,20241121,172804,20241125,104834,-1. Inapplicable,-1. Inapplicable
140097,ANES2024TimeSeries_20250808,SC,NA,20240808,192342,20240808,203940,.,20241114,022200,20241114,022209,-1. Inapplicable,-1. Inapplicable
140098,ANES2024TimeSeries_20250808,WA,NA,20240813,125848,20240813,142221,.,20241120,175420,20241120,192544,-1. Inapplicable,-1. Inapplicable
140101,ANES2024TimeSeries_20250808,CA,NA,20240816,220522,20240816,225343,.,20241130,223609,20241201,000346,-1. Inapplicable,-1. Inapplicable
140102,ANES2024TimeSeries_20250808,ID,NA,20240814,172004,20240814,180810,.,20241203,112426,20241203,120323,-1. Inapplicable,-1. Inapplicable
140103,ANES2024TimeSeries_20250808,IN,NA,20240814,090201,20240922,210842,.,20241120,152854,20241120,152914,-1. Inapplicable,-1. Inapplicable
140105,ANES2024TimeSeries_20250808,MD,NA,20240903,165505,20240903,190153,.,20241116,081751,20241116,083608,-1. Inapplicable,-1. Inapplicable
140107,ANES2024TimeSeries_20250808,KS,NA,20240903,173959,20240903,185234,.,.,NA,.,NA,-1. Inapplicable,-1. Inapplicable
140108,ANES2024TimeSeries_20250808,PA,NA,20240817,125713,20240817,141548,.,20241202,090639,20241202,093925,-1. Inapplicable,-1. Inapplicable
140110,ANES2024TimeSeries_20250808,CA,NA,20240827,014437,20240827,051048,.,20241124,140147,20241124,160940,-1. Inapplicable,-1. Inapplicable
140112,ANES2024TimeSeries_20250808,OH,NA,20240812,145248,20240812,163510,.,20241118,191631,20241118,191642,-1. Inapplicable,-1. Inapplicable
140113,ANES2024TimeSeries_20250808,IL,NA,20240815,191602,20240815,215028,.,20241113,224145,20241113,224203,-1. Inapplicable,-1. Inapplicable
140114,ANES2024TimeSeries_20250808,MA,NA,20240815,114057,20240815,144414,.,20241130,154242,20241130,170947,-1. Inapplicable,-1. Inapplicable
140115,ANES2024TimeSeries_20250808,NC,NA,20241031,152548,20241031,170713,.,20241121,133515,20241121,151241,-1. Inapplicable,-1. Inapplicable
140116,ANES2024TimeSeries_20250808,NY,NA,20240819,130258,20240819,140001,.,20250123,144332,20250123,154306,-1. Inapplicable,-1. Inapplicable
140117,ANES2024TimeSeries_20250808,PA,NA,20240906,132154,20240916,095912,.,20241125,111912,20241207,181102,-1. Inapplicable,-1. Inapplicable
140119,ANES2024TimeSeries_20250808,FL,NA,20240826,111832,20240826,142700,.,20241114,095320,20241114,095344,-1. Inapplicable,-1. Inapplicable
140120,ANES2024TimeSeries_20250808,CO,NA,20240809,172206,20240809,184135,.,20241116,215246,20241116,215309,-1. Inapplicable,-1. Inapplicable
140122,ANES2024TimeSeries_20250808,VA,NA,20240819,184858,20240912,194237,.,20241119,232302,20241119,232313,-1. Inapplicable,-1. Inapplicable
140123,ANES2024TimeSeries_20250808,TN,NA,20240812,090724,20240812,094900,.,20241120,163358,20241120,172820,-1. Inapplicable,-1. Inapplicable
140124,ANES2024TimeSeries_20250808,OR,NA,20241103,161715,20241103,165730,.,20241124,232858,20241126,100435,-1. Inapplicable,-1. Inapplicable
140125,ANES2024TimeSeries_20250808,WI,NA,20241007,172212,20241007,183142,.,20241208,161939,20241208,171737,-1. Inapplicable,-1. Inapplicable
140126,ANES2024TimeSeries_20250808,AZ,NA,20240814,015146,20240814,031241,.,20241126,005341,20241126,015913,-1. Inapplicable,-1. Inapplicable
140127,ANES2024TimeSeries_20250808,CA,NA,20240817,012057,20240817,014650,.,20241212,151151,.,-1,-1. Inapplicable,-1. Inapplicable
140128,ANES2024TimeSeries_20250808,PA,NA,20240812,111732,20240812,124733,.,20241115,104616,20241115,104642,-1. Inapplicable,-1. Inapplicable
140129,ANES2024TimeSeries_20250808,MO,NA,20240808,223418,20240908,160834,.,20241115,163438,20241115,163447,-1. Inapplicable,-1. Inapplicable
140131,ANES2024TimeSeries_20250808,MD,NA,20240815,115621,20240818,114253,.,20241127,085026,20241127,102822,-1. Inapplicable,-1. Inapplicable
140132,ANES2024TimeSeries_20250808,AZ,NA,20240819,004700,20240819,012504,.,20241113,185347,20241113,185356,-1. Inapplicable,-1. Inapplicable
140133,ANES2024TimeSeries_20250808,NH,NA,20240813,160900,20240813,203133,.,.,NA,.,NA,-1. Inapplicable,-1. Inapplicable
140134,ANES2024TimeSeries_20250808,OH,NA,20240812,101714,20240812,122126,.,20241119,203742,20241119,203749,-1. Inapplicable,-1. Inapplicable
140135,ANES2024TimeSeries_20250808,AZ,NA,20240812,195226,20240812,204214,.,20241123,202400,20241123,222317,-1. Inapplicable,-1. Inapplicable
140136,ANES2024TimeSeries_20250808,NV,NA,20240814,001614,20240814,021617,.,20241116,020012,20241116,020046,-1. Inapplicable,-1. Inapplicable
140139,ANES2024TimeSeries_20250808,MN,NA,20240821,130811,20240821,145819,.,20241118,130453,20241118,130515,-1. Inapplicable,-1. Inapplicable
140140,ANES2024TimeSeries_20250808,IL,NA,20240808,205539,20240808,220714,.,20241117,080040,20241117,080055,-1. Inapplicable,-1. Inapplicable
140141,ANES2024TimeSeries_20250808,NC,NA,20240816,170732,20240816,180233,.,20241118,165748,20241118,165754,-1. Inapplicable,-1. Inapplicable
140142,ANES2024TimeSeries_20250808,NJ,NA,20240809,085546,20240809,113430,.,20241119,113506,20241119,113514,-1. Inapplicable,-1. Inapplicable
140143,ANES2024TimeSeries_20250808,NH,NA,20240808,195653,20240808,204206,.,20241113,201543,20241113,201556,-1. Inapplicable,-1. Inapplicable
140144,ANES2024TimeSeries_20250808,MA,NA,20240907,140054,20240907,223339,.,20241120,150258,20241120,150310,-1. Inapplicable,-1. Inapplicable
140145,ANES2024TimeSeries_20250808,NY,NA,20240812,181353,20240812,192908,.,20241114,095259,20241114,095304,-1. Inapplicable,-1. Inapplicable
140146,ANES2024TimeSeries_20250808,MI,NA,20240816,145239,20240816,153841,.,20241113,225607,20241113,225615,-1. Inapplicable,-1. Inapplicable
140147,ANES2024TimeSeries_20250808,FL,NA,20240816,121524,20240816,150237,.,20250131,135519,20250131,154334,-1. Inapplicable,-1. Inapplicable
140149,ANES2024TimeSeries_20250808,SC,NA,20240813,084649,20240813,100343,.,20241116,214827,20241116,214846,-1. Inapplicable,-1. Inapplicable
140150,ANES2024TimeSeries_20250808,FL,NA,20240813,162523,20240813,182712,.,20241123,204229,20241123,220021,-1. Inapplicable,-1. Inapplicable
140151,ANES2024TimeSeries_20250808,IL,NA,20240815,090642,20240815,105110,.,20241114,153952,20241114,154017,-1. Inapplicable,-1. Inapplicable
140152,ANES2024TimeSeries_20250808,TN,NA,20240812,101925,20240812,112039,.,20241120,085505,20241120,085515,-1. Inapplicable,-1. Inapplicable
140155,ANES2024TimeSeries_20250808,KY,NA,20240819,092235,20240819,102826,.,20250126,191827,20250126,201750,-1. Inapplicable,-1. Inapplicable
140156,ANES2024TimeSeries_20250808,NY,NA,20240820,164426,20240826,203359,.,20250209,104633,.,-1,-1. Inapplicable,-1. Inapplicable
140157,ANES2024TimeSeries_20250808,KS,NA,20240903,231100,20240904,131152,.,20241127,100537,20241127,105228,-1. Inapplicable,-1. Inapplicable
140158,ANES2024TimeSeries_20250808,NC,NA,20240814,144838,20240814,163712,.,20241230,130247,20241230,141947,-1. Inapplicable,-1. Inapplicable
140159,ANES2024TimeSeries_20250808,CT,NA,20240827,184217,20240827,195039,.,20241126,135203,20241126,145426,-1. Inapplicable,-1. Inapplicable
140160,ANES2024TimeSeries_20250808,MO,NA,20240814,115055,20240814,130653,.,20250120,133619,20250120,144010,-1. Inapplicable,-1. Inapplicable
140161,ANES2024TimeSeries_20250808,KY,NA,20240912,170202,20240913,214626,.,20250115,180313,20250116,015116,-1. Inapplicable,-1. Inapplicable
140162,ANES2024TimeSeries_20250808,VA,NA,20241104,191831,20241104,200038,.,20241209,084937,20241209,094021,-1. Inapplicable,-1. Inapplicable
140163,ANES2024TimeSeries_20250808,MO,NA,20240820,145555,20240820,163805,.,20241119,114856,20241119,114908,-1. Inapplicable,-1. Inapplicable
140166,ANES2024TimeSeries_20250808,NC,NA,20240810,120841,20240810,123330,.,20241114,094919,20241114,094925,-1. Inapplicable,-1. Inapplicable
140167,ANES2024TimeSeries_20250808,TX,NA,20240816,095415,20240816,102412,.,20241119,181606,20241119,181616,-1. Inapplicable,-1. Inapplicable
140168,ANES2024TimeSeries_20250808,IL,NA,20240815,205457,20240818,224053,.,20241120,170245,20241120,180446,-1. Inapplicable,-1. Inapplicable
140169,ANES2024TimeSeries_20250808,AZ,NA,20240826,192304,20240826,205130,.,20241115,090247,20241115,090310,-1. Inapplicable,-1. Inapplicable
140171,ANES2024TimeSeries_20250808,KY,NA,20240818,194324,20240818,214623,.,20241114,192200,20241114,192549,-1. Inapplicable,-1. Inapplicable
140172,ANES2024TimeSeries_20250808,AL,NA,20240819,215517,20240819,230408,.,.,NA,.,NA,-1. Inapplicable,-1. Inapplicable
140173,ANES2024TimeSeries_20250808,NJ,NA,20240929,121616,20240929,135827,.,20241120,143242,20241120,143300,-1. Inapplicable,-1. Inapplicable
140175,ANES2024TimeSeries_20250808,TX,NA,20240813,074055,20240813,084129,.,20241113,185441,20241113,185504,-1. Inapplicable,-1. Inapplicable
140176,ANES2024TimeSeries_20250808,MD,NA,20240828,175134,20240830,172001,.,20241201,012531,20241212,233056,-1. Inapplicable,-1. Inapplicable
140177,ANES2024TimeSeries_20250808,OH,NA,20240810,102308,20240810,110340,.,20241120,093926,20241120,094411,-1. Inapplicable,-1. Inapplicable
140178,ANES2024TimeSeries_20250808,PA,NA,20240812,170528,20240812,185212,.,20241118,172809,20241118,172818,-1. Inapplicable,-1. Inapplicable
140180,ANES2024TimeSeries_20250808,CA,NA,20240818,205950,20240818,220246,.,20241116,185646,20241116,185656,-1. Inapplicable,-1. Inapplicable
140181,ANES2024TimeSeries_20250808,CA,NA,20240813,124142,20240813,144048,.,20241119,172204,20241119,172209,-1. Inapplicable,-1. Inapplicable
140183,ANES2024TimeSeries_20250808,OH,NA,20240819,203026,20240819,210547,.,20241124,141540,20241124,144641,-1. Inapplicable,-1. Inapplicable
140185,ANES2024TimeSeries_20250808,CA,NA,20241021,215315,20241021,231822,.,20241203,172501,20241203,181040,-1. Inapplicable,-1. Inapplicable
140187,ANES2024TimeSeries_20250808,FL,NA,20241002,160703,20241002,164326,.,20250115,123540,20250115,140814,-1. Inapplicable,-1. Inapplicable
140188,ANES2024TimeSeries_20250808,MD,NA,20240819,094237,20240819,103833,.,20241127,201654,20241127,213107,-1. Inapplicable,-1. Inapplicable
140189,ANES2024TimeSeries_20250808,DC,NA,20240808,192311,20240808,200413,.,20241118,190319,20241118,190328,-1. Inapplicable,-1. Inapplicable
140190,ANES2024TimeSeries_20250808,TN,NA,20241012,091454,20241012,094512,.,20250119,162433,20250119,170257,-1. Inapplicable,-1. Inapplicable
140191,ANES2024TimeSeries_20250808,CA,NA,20240809,174528,.,-1,.,20250206,013903,20250206,024528,-1. Inapplicable,-1. Inapplicable
140192,ANES2024TimeSeries_20250808,CA,NA,20240826,182341,20240826,194029,.,20241228,142704,20241228,153519,-1. Inapplicable,-1. Inapplicable
140193,ANES2024TimeSeries_20250808,FL,NA,20240813,142056,20240813,163626,.,20241115,093608,20241115,093634,-1. Inapplicable,-1. Inapplicable
140194,ANES2024TimeSeries_20250808,KS,NA,20240815,112709,20240815,134941,.,20241124,153009,20241124,172417,-1. Inapplicable,-1. Inapplicable
140196,ANES2024TimeSeries_20250808,TX,NA,20240820,143153,20240905,160618,.,20241121,143416,20241121,154115,-1. Inapplicable,-1. Inapplicable
140197,ANES2024TimeSeries_20250808,TX,NA,20240816,232718,20240817,004322,.,20250203,005911,20250203,012926,-1. Inapplicable,-1. Inapplicable
140199,ANES2024TimeSeries_20250808,ID,NA,20240817,223935,20240817,232010,.,20250118,201229,20250118,210642,-1. Inapplicable,-1. Inapplicable
140202,ANES2024TimeSeries_20250808,FL,NA,20240813,101554,20240813,111735,.,20241119,185410,20241119,185422,-1. Inapplicable,-1. Inapplicable
140203,ANES2024TimeSeries_20250808,OR,NA,20240812,061718,20240812,072640,.,20241119,053503,20241119,053515,-1. Inapplicable,-1. Inapplicable
140204,ANES2024TimeSeries_20250808,MN,NA,20240822,202359,20240822,220521,.,20241209,192600,20241209,203034,-1. Inapplicable,-1. Inapplicable
140205,ANES2024TimeSeries_20250808,MI,NA,20240812,132947,20240812,142443,.,20241113,223355,20241113,223405,-1. Inapplicable,-1. Inapplicable
140206,ANES2024TimeSeries_20250808,CA,NA,20240823,161005,20240825,133454,.,20241123,143505,20241123,153705,-1. Inapplicable,-1. Inapplicable
140207,ANES2024TimeSeries_20250808,MO,NA,20241014,141429,20241014,164003,.,20241226,135941,.,-1,-1. Inapplicable,-1. Inapplicable
140208,ANES2024TimeSeries_20250808,TX,NA,20240909,153819,20240909,164556,.,20241126,191921,20241126,201145,-1. Inapplicable,-1. Inapplicable
140209,ANES2024TimeSeries_20250808,WI,NA,20241103,164010,20241103,231350,.,20250115,171508,20250115,181341,-1. Inapplicable,-1. Inapplicable
140210,ANES2024TimeSeries_20250808,CA,NA,20240901,152010,20240901,155335,.,20250115,164539,20250115,172516,-1. Inapplicable,-1. Inapplicable
140212,ANES2024TimeSeries_20250808,PA,NA,20240808,193833,20240808,204109,.,20241113,221220,20241113,221235,-1. Inapplicable,-1. Inapplicable
140213,ANES2024TimeSeries_20250808,MO,NA,20240903,164451,20241001,085345,.,20241113,175119,20241113,183300,-1. Inapplicable,-1. Inapplicable
140214,ANES2024TimeSeries_20250808,IN,NA,20240813,125341,20240813,131751,.,20250118,123826,20250118,131131,-1. Inapplicable,-1. Inapplicable
140215,ANES2024TimeSeries_20250808,AZ,NA,20240809,130038,20240809,132735,.,20241120,142926,20241120,142932,-1. Inapplicable,-1. Inapplicable
140216,ANES2024TimeSeries_20250808,AR,NA,20241012,172958,20241012,181435,.,20241224,152908,20241224,160515,-1. Inapplicable,-1. Inapplicable
140217,ANES2024TimeSeries_20250808,PA,NA,20240822,190037,20240822,215830,.,20241215,132739,20241215,140525,-1. Inapplicable,-1. Inapplicable
140218,ANES2024TimeSeries_20250808,OR,NA,20240808,212523,20240808,224021,.,20241113,221908,20241113,221923,-1. Inapplicable,-1. Inapplicable
140219,ANES2024TimeSeries_20250808,TX,NA,20240817,131652,20240817,140536,.,20250116,082317,20250116,091332,-1. Inapplicable,-1. Inapplicable
140220,ANES2024TimeSeries_20250808,VA,NA,20240809,073057,20240809,094247,.,20241114,071625,20241114,071636,-1. Inapplicable,-1. Inapplicable
140221,ANES2024TimeSeries_20250808,FL,NA,20240813,153631,20240813,165055,.,20241115,114717,20241115,114736,-1. Inapplicable,-1. Inapplicable
140222,ANES2024TimeSeries_20250808,CT,NA,20240918,081846,20240918,092817,.,20241120,135138,20241120,135151,-1. Inapplicable,-1. Inapplicable
140223,ANES2024TimeSeries_20250808,MI,NA,20240816,174608,20240816,183941,.,20241225,123006,20250130,194357,-1. Inapplicable,-1. Inapplicable
140224,ANES2024TimeSeries_20250808,GA,NA,20240905,101409,20240905,122207,.,20241211,112009,20241211,172946,-1. Inapplicable,-1. Inapplicable
140225,ANES2024TimeSeries_20250808,VA,NA,20241103,144618,20241103,154110,.,20241220,152709,20241220,162752,-1. Inapplicable,-1. Inapplicable
140226,ANES2024TimeSeries_20250808,VA,NA,20240825,095658,20240825,114228,.,20241123,113627,20241123,135437,-1. Inapplicable,-1. Inapplicable
140227,ANES2024TimeSeries_20250808,NY,NA,20240817,114037,20240817,121229,.,20241115,115945,20241115,120018,-1. Inapplicable,-1. Inapplicable
140228,ANES2024TimeSeries_20250808,CA,NA,20240813,152456,20240813,162539,.,20241206,204916,20241206,220135,-1. Inapplicable,-1. Inapplicable
140229,ANES2024TimeSeries_20250808,NE,NA,20240808,191300,20240808,201653,.,20241122,084246,20241122,094641,-1. Inapplicable,-1. Inapplicable
140230,ANES2024TimeSeries_20250808,NH,NA,20240816,214322,20240816,232429,.,20241114,144541,20241114,144830,-1. Inapplicable,-1. Inapplicable
140231,ANES2024TimeSeries_20250808,NV,NA,20240902,175326,20240902,203738,.,20250117,111028,20250117,130404,-1. Inapplicable,-1. Inapplicable
140232,ANES2024TimeSeries_20250808,MD,NA,20240823,184122,20241105,002611,.,20241118,224012,20241118,224023,-1. Inapplicable,-1. Inapplicable
140233,ANES2024TimeSeries_20250808,CA,NA,20240813,154622,20240813,170033,.,20241114,132051,20241114,132103,-1. Inapplicable,-1. Inapplicable
140234,ANES2024TimeSeries_20250808,TN,NA,20240813,201408,20241013,143553,.,20241119,161437,20241119,161451,-1. Inapplicable,-1. Inapplicable
140235,ANES2024TimeSeries_20250808,AZ,NA,20240830,140325,20240830,150253,.,20241222,070251,.,-1,-1. Inapplicable,-1. Inapplicable
140236,ANES2024TimeSeries_20250808,NY,NA,20240902,180741,20240902,190612,.,20241124,140114,20241124,145433,-1. Inapplicable,-1. Inapplicable
140237,ANES2024TimeSeries_20250808,FL,NA,20240813,170327,20240814,154040,.,20241217,155658,20241218,113818,-1. Inapplicable,-1. Inapplicable
140238,ANES2024TimeSeries_20250808,WI,NA,20240812,201405,20240812,211538,.,20241119,151637,20241119,151648,-1. Inapplicable,-1. Inapplicable
140239,ANES2024TimeSeries_20250808,FL,NA,20241009,154804,20241009,170615,.,20241226,091345,20241226,101831,-1. Inapplicable,-1. Inapplicable
140241,ANES2024TimeSeries_20250808,CA,NA,20240818,142955,20240818,213249,.,20241118,210903,20241118,210917,-1. Inapplicable,-1. Inapplicable
140242,ANES2024TimeSeries_20250808,TX,NA,20240812,212716,20240812,223219,.,20241122,152831,20241122,213537,-1. Inapplicable,-1. Inapplicable
140243,ANES2024TimeSeries_20250808,CA,NA,20240808,201634,20240808,222236,.,20241114,120601,20241114,120700,-1. Inapplicable,-1. Inapplicable
140245,ANES2024TimeSeries_20250808,WA,NA,20240814,202136,20240814,223232,.,20241222,090852,20241222,113238,-1. Inapplicable,-1. Inapplicable
140249,ANES2024TimeSeries_20250808,TX,NA,20241017,100343,20241017,110249,.,20241125,104949,20241125,114612,-1. Inapplicable,-1. Inapplicable
140250,ANES2024TimeSeries_20250808,CO,NA,20240826,121723,20240826,125240,.,20250119,004714,20250119,013548,-1. Inapplicable,-1. Inapplicable
140251,ANES2024TimeSeries_20250808,NY,NA,20240812,180903,20240812,205013,.,20250117,195730,20250117,215510,-1. Inapplicable,-1. Inapplicable
140252,ANES2024TimeSeries_20250808,PA,NA,20240820,174141,20240820,183752,.,20250123,184751,20250123,193823,-1. Inapplicable,-1. Inapplicable
140253,ANES2024TimeSeries_20250808,NC,NA,20240814,174220,20240814,185616,.,20241113,201036,20241113,201050,-1. Inapplicable,-1. Inapplicable
140254,ANES2024TimeSeries_20250808,CA,NA,20240808,220020,20240808,233557,.,20241120,181618,20241120,202238,-1. Inapplicable,-1. Inapplicable
140255,ANES2024TimeSeries_20250808,GA,NA,20240809,075509,20240809,092123,.,20241114,152003,20241114,152013,-1. Inapplicable,-1. Inapplicable
140258,ANES2024TimeSeries_20250808,CO,NA,20240814,083452,20241005,180101,.,20241121,023526,20241121,032857,-1. Inapplicable,-1. Inapplicable
140259,ANES2024TimeSeries_20250808,MI,NA,20240808,194258,20240816,150815,.,20241113,203811,20241113,203834,-1. Inapplicable,-1. Inapplicable
140260,ANES2024TimeSeries_20250808,CA,NA,20240818,151936,20240818,171612,.,.,NA,.,NA,-1. Inapplicable,-1. Inapplicable
140261,ANES2024TimeSeries_20250808,IN,NA,20240820,085144,20240820,095219,.,20250121,083058,20250121,095220,-1. Inapplicable,-1. Inapplicable
140263,ANES2024TimeSeries_20250808,KY,NA,20240808,190806,20240809,213004,.,20241113,221802,20241113,221807,-1. Inapplicable,-1. Inapplicable
140264,ANES2024TimeSeries_20250808,IN,NA,20241010,110314,20241010,131930,.,20241126,103948,20241126,121025,-1. Inapplicable,-1. Inapplicable
140266,ANES2024TimeSeries_20250808,OH,NA,20240811,221829,20240812,084439,.,20241118,192659,20241118,192715,-1. Inapplicable,-1. Inapplicable
140267,ANES2024TimeSeries_20250808,PA,NA,20240813,101647,20240813,112121,.,20241124,183335,20241124,195146,-1. Inapplicable,-1. Inapplicable
140268,ANES2024TimeSeries_20250808,CA,NA,20241020,191457,20241020,211804,.,20241215,205415,20241215,225942,-1. Inapplicable,-1. Inapplicable
140269,ANES2024TimeSeries_20250808,KS,NA,20240916,181423,20240916,192213,.,20241124,171119,20241124,183359,-1. Inapplicable,-1. Inapplicable
140270,ANES2024TimeSeries_20250808,FL,NA,20240809,193004,20240809,200737,.,20241113,184243,20241113,184258,-1. Inapplicable,-1. Inapplicable
140271,ANES2024TimeSeries_20250808,IL,NA,20240826,134349,20240826,145305,.,20241119,192432,20241119,192445,-1. Inapplicable,-1. Inapplicable
140273,ANES2024TimeSeries_20250808,TX,NA,20240809,084359,20240809,094204,.,20241113,211227,20241113,211255,-1. Inapplicable,-1. Inapplicable
140274,ANES2024TimeSeries_20250808,AL,NA,20240816,141631,20240816,165410,.,20241118,204956,20241118,205013,-1. Inapplicable,-1. Inapplicable
140275,ANES2024TimeSeries_20250808,TX,NA,20240812,152736,20240812,160448,.,20241113,231554,20241113,231609,-1. Inapplicable,-1. Inapplicable
140276,ANES2024TimeSeries_20250808,GA,NA,20240812,120911,20240812,130913,.,20241120,123037,20241120,123045,-1. Inapplicable,-1. Inapplicable
140277,ANES2024TimeSeries_20250808,TX,NA,20240817,215815,20240817,230933,.,20241126,222805,20241126,232204,-1. Inapplicable,-1. Inapplicable
140278,ANES2024TimeSeries_20250808,WA,NA,20240811,140847,20240811,151303,.,20241120,163200,20241120,181703,-1. Inapplicable,-1. Inapplicable
140279,ANES2024TimeSeries_20250808,FL,NA,20240808,205555,20240808,223403,.,20241113,223030,20241113,223049,-1. Inapplicable,-1. Inapplicable
140280,ANES2024TimeSeries_20250808,WI,NA,20240814,224757,20240815,015848,.,20241121,210553,20241121,235749,-1. Inapplicable,-1. Inapplicable
140281,ANES2024TimeSeries_20250808,IN,NA,20240827,111848,20240827,142509,.,20250118,103419,20250118,122008,-1. Inapplicable,-1. Inapplicable
140282,ANES2024TimeSeries_20250808,MI,NA,20240816,171114,20240816,184117,.,20241206,171002,20241206,184314,-1. Inapplicable,-1. Inapplicable
140283,ANES2024TimeSeries_20250808,MI,NA,20240918,130226,20240918,140046,.,20241119,162854,20241119,162900,-1. Inapplicable,-1. Inapplicable
140285,ANES2024TimeSeries_20250808,GA,NA,20240813,122127,20240813,130258,.,20241120,150351,20241120,150416,-1. Inapplicable,-1. Inapplicable
140286,ANES2024TimeSeries_20250808,CT,NA,20240817,202056,20240817,230429,.,20241123,121920,20241123,152041,-1. Inapplicable,-1. Inapplicable
140287,ANES2024TimeSeries_20250808,PA,NA,20240817,041246,20241011,093548,.,20241118,051412,20241118,051438,-1. Inapplicable,-1. Inapplicable
140288,ANES2024TimeSeries_20250808,MI,NA,20240810,161643,20240810,164053,.,20241113,204127,20241113,204137,-1. Inapplicable,-1. Inapplicable
140289,ANES2024TimeSeries_20250808,NJ,NA,20240831,150326,20240831,155514,.,20250116,093953,20250116,104155,-1. Inapplicable,-1. Inapplicable
140290,ANES2024TimeSeries_20250808,NJ,NA,20240814,214157,20240814,222408,.,20241120,181330,20241120,190024,-1. Inapplicable,-1. Inapplicable
140291,ANES2024TimeSeries_20250808,VT,NA,20240827,110503,20240827,131246,.,20241122,175601,20241122,193835,-1. Inapplicable,-1. Inapplicable
140292,ANES2024TimeSeries_20250808,KY,NA,20240812,131620,20240812,133740,.,20241207,125550,20241207,133335,-1. Inapplicable,-1. Inapplicable
140293,ANES2024TimeSeries_20250808,MI,NA,20240816,212630,20240816,222255,.,20241119,214549,20241119,214608,-1. Inapplicable,-1. Inapplicable
140294,ANES2024TimeSeries_20250808,WI,NA,20241005,125115,20241005,150230,.,20241221,111107,20241221,130909,-1. Inapplicable,-1. Inapplicable
140295,ANES2024TimeSeries_20250808,FL,NA,20240809,070842,20240809,074700,.,20241114,074735,20241114,074742,-1. Inapplicable,-1. Inapplicable
140296,ANES2024TimeSeries_20250808,IL,NA,20240812,172539,20240812,190124,.,20241119,171725,20241119,171747,-1. Inapplicable,-1. Inapplicable
140297,ANES2024TimeSeries_20250808,OH,NA,20240813,131137,20240813,140912,.,20241120,153208,20241120,153242,-1. Inapplicable,-1. Inapplicable
140298,ANES2024TimeSeries_20250808,WI,NA,20240813,163032,20240813,170502,.,20241119,165031,20241119,165042,-1. Inapplicable,-1. Inapplicable
140299,ANES2024TimeSeries_20250808,MD,NA,20240813,123452,20240813,130925,.,20241115,164720,20241115,164726,-1. Inapplicable,-1. Inapplicable
140300,ANES2024TimeSeries_20250808,FL,NA,20240820,172734,20240820,181717,.,20241114,043431,20241114,043438,-1. Inapplicable,-1. Inapplicable
140301,ANES2024TimeSeries_20250808,CA,NA,20240816,220459,20240817,000325,.,20250116,201044,20250117,205057,-1. Inapplicable,-1. Inapplicable
140302,ANES2024TimeSeries_20250808,WA,NA,20240813,171144,20240813,180151,.,20241125,124247,20241125,133809,-1. Inapplicable,-1. Inapplicable
140303,ANES2024TimeSeries_20250808,NJ,NA,20240828,105100,20240828,142928,.,20250211,182542,20250211,190944,-1. Inapplicable,-1. Inapplicable
140304,ANES2024TimeSeries_20250808,AZ,NA,20240913,125853,20240913,134149,.,20241210,180958,20241210,185314,-1. Inapplicable,-1. Inapplicable
140305,ANES2024TimeSeries_20250808,KS,NA,20240808,193133,20240808,210002,.,20241114,114149,20241114,150107,-1. Inapplicable,-1. Inapplicable
140306,ANES2024TimeSeries_20250808,MD,NA,20240824,181814,20240825,125531,.,20241120,134803,20241120,134821,-1. Inapplicable,-1. Inapplicable
140309,ANES2024TimeSeries_20250808,NE,NA,20240814,105053,20240814,114513,.,20241125,192156,20241203,144326,-1. Inapplicable,-1. Inapplicable
140310,ANES2024TimeSeries_20250808,WA,NA,20240812,165818,20240812,182704,.,20241118,170057,20241118,170123,-1. Inapplicable,-1. Inapplicable
140311,ANES2024TimeSeries_20250808,AZ,NA,20240815,165449,20240815,182535,.,20241120,165127,20241120,175011,-1. Inapplicable,-1. Inapplicable
140312,ANES2024TimeSeries_20250808,IN,NA,20240816,162459,20240816,172159,.,20241124,130823,20241124,135834,-1. Inapplicable,-1. Inapplicable
140313,ANES2024TimeSeries_20250808,MI,NA,20240812,221421,20240812,224915,.,20241113,214914,20241113,214921,-1. Inapplicable,-1. Inapplicable
140315,ANES2024TimeSeries_20250808,GA,NA,20240812,204016,20240812,223256,.,20241119,133305,20241119,133336,-1. Inapplicable,-1. Inapplicable
140316,ANES2024TimeSeries_20250808,NY,NA,20240903,234400,20240904,003324,.,20241122,160919,20241122,165629,-1. Inapplicable,-1. Inapplicable
140317,ANES2024TimeSeries_20250808,TX,NA,20240911,180315,20240911,203547,.,20241201,200251,20241201,214922,-1. Inapplicable,-1. Inapplicable
140319,ANES2024TimeSeries_20250808,NC,NA,20240924,182748,20240924,202347,.,20241119,182934,20241119,182948,-1. Inapplicable,-1. Inapplicable
140320,ANES2024TimeSeries_20250808,PA,NA,20240811,063634,20240811,105719,.,20241114,102325,20241114,102349,-1. Inapplicable,-1. Inapplicable
140321,ANES2024TimeSeries_20250808,NC,NA,20241015,212822,20241015,230916,.,20241115,165658,20241115,165719,-1. Inapplicable,-1. Inapplicable
140322,ANES2024TimeSeries_20250808,NY,NA,20240813,061005,20240813,075930,.,20241220,201429,20241220,211102,-1. Inapplicable,-1. Inapplicable
140323,ANES2024TimeSeries_20250808,NH,NA,20240909,160126,20240909,174158,.,20250115,161748,20250115,172816,-1. Inapplicable,-1. Inapplicable
140324,ANES2024TimeSeries_20250808,IN,NA,20240812,190549,20240812,204905,.,20241124,210651,20241124,223738,-1. Inapplicable,-1. Inapplicable
140325,ANES2024TimeSeries_20250808,NY,NA,20240810,232442,20240819,224237,.,20241210,100226,20241228,175348,-1. Inapplicable,-1. Inapplicable
140329,ANES2024TimeSeries_20250808,IN,NA,20240822,123825,20240822,133014,.,20241116,200332,20241116,200350,-1. Inapplicable,-1. Inapplicable
140330,ANES2024TimeSeries_20250808,MA,NA,20240809,202623,20240809,213457,.,20241220,183011,20241220,192629,-1. Inapplicable,-1. Inapplicable
140331,ANES2024TimeSeries_20250808,NC,NA,20240812,174810,20240812,203555,.,20250206,185918,20250206,223653,-1. Inapplicable,-1. Inapplicable
140332,ANES2024TimeSeries_20250808,FL,NA,20240906,144317,20240906,160055,.,20241114,084952,20241114,085004,-1. Inapplicable,-1. Inapplicable
140334,ANES2024TimeSeries_20250808,NJ,NA,20240819,143650,20240819,153041,.,20241121,163906,20241121,173520,-1. Inapplicable,-1. Inapplicable
140335,ANES2024TimeSeries_20250808,MD,NA,20240910,120535,20240910,142957,.,20241224,155711,20241224,170802,-1. Inapplicable,-1. Inapplicable
140336,ANES2024TimeSeries_20250808,AZ,NA,20240808,235359,20240809,003641,.,20241113,231318,20241113,231330,-1. Inapplicable,-1. Inapplicable
140337,ANES2024TimeSeries_20250808,AZ,NA,20240814,012805,20240814,023242,.,20241121,001745,20241121,012033,-1. Inapplicable,-1. Inapplicable
140339,ANES2024TimeSeries_20250808,FL,NA,20240816,235432,20240820,110617,.,20250116,101649,20250116,130739,-1. Inapplicable,-1. Inapplicable
140340,ANES2024TimeSeries_20250808,TX,NA,20240826,190704,20240827,035644,.,20250116,084126,20250117,141338,-1. Inapplicable,-1. Inapplicable
140341,ANES2024TimeSeries_20250808,AZ,NA,20240917,125507,20240917,143752,.,20241215,120616,20241215,134404,-1. Inapplicable,-1. Inapplicable
140343,ANES2024TimeSeries_20250808,CA,NA,20240826,165841,20240826,174440,.,20250117,100550,20250117,115557,-1. Inapplicable,-1. Inapplicable
140344,ANES2024TimeSeries_20250808,MN,NA,20240813,123253,20240826,164115,.,.,NA,.,NA,-1. Inapplicable,-1. Inapplicable
140345,ANES2024TimeSeries_20250808,KS,NA,20240826,205051,20240826,212454,.,20250115,174537,20250116,144832,-1. Inapplicable,-1. Inapplicable
140347,ANES2024TimeSeries_20250808,NC,NA,20240814,174042,20240814,182627,.,20241125,111234,20241125,114732,-1. Inapplicable,-1. Inapplicable
140348,ANES2024TimeSeries_20250808,FL,NA,20240817,104603,20240817,121118,.,20241130,112634,20241130,124749,-1. Inapplicable,-1. Inapplicable
140349,ANES2024TimeSeries_20250808,PA,NA,20241012,122018,20241012,140917,.,20241123,104507,20241123,111935,-1. Inapplicable,-1. Inapplicable
140350,ANES2024TimeSeries_20250808,IL,NA,20240808,210118,20240808,234618,.,20241119,214920,20241119,214942,-1. Inapplicable,-1. Inapplicable
140351,ANES2024TimeSeries_20250808,CO,NA,20240809,120117,20240809,131244,.,20241120,114215,20241120,114223,-1. Inapplicable,-1. Inapplicable
140352,ANES2024TimeSeries_20250808,SC,NA,20240809,153653,20240809,191811,.,20241121,142525,20241121,154538,-1. Inapplicable,-1. Inapplicable
140353,ANES2024TimeSeries_20250808,NM,NA,20240813,124602,20240813,145154,.,20241120,120911,20241120,120922,-1. Inapplicable,-1. Inapplicable
140354,ANES2024TimeSeries_20250808,FL,NA,20240813,131249,20240813,141411,.,20241121,092648,20241121,101613,-1. Inapplicable,-1. Inapplicable
140356,ANES2024TimeSeries_20250808,CO,NA,20240812,115907,20240812,124132,.,20241114,145256,20241114,145304,-1. Inapplicable,-1. Inapplicable
140357,ANES2024TimeSeries_20250808,PA,NA,20241014,185338,20241014,193422,.,20241119,144105,20241119,144118,-1. Inapplicable,-1. Inapplicable
140359,ANES2024TimeSeries_20250808,FL,NA,20240814,123711,20240814,134429,.,20241126,081903,20241130,123118,-1. Inapplicable,-1. Inapplicable
140360,ANES2024TimeSeries_20250808,OH,NA,20240808,230722,20240808,235516,.,20241114,073649,20241114,073656,-1. Inapplicable,-1. Inapplicable
140362,ANES2024TimeSeries_20250808,IN,NA,20240905,233354,20240906,003248,.,20241211,004741,20241211,014910,-1. Inapplicable,-1. Inapplicable
140363,ANES2024TimeSeries_20250808,CA,NA,20240814,201539,20240817,180130,.,20241114,125522,20241114,125540,-1. Inapplicable,-1. Inapplicable
140365,ANES2024TimeSeries_20250808,OK,NA,20240808,231306,20240808,235035,.,20241115,123901,20241115,123946,-1. Inapplicable,-1. Inapplicable
140366,ANES2024TimeSeries_20250808,MA,NA,20240921,172857,20240921,191556,.,20241205,161128,20241205,183721,-1. Inapplicable,-1. Inapplicable
140367,ANES2024TimeSeries_20250808,TX,NA,20240810,085405,20240810,104447,.,20241124,194051,20241124,210305,-1. Inapplicable,-1. Inapplicable
140369,ANES2024TimeSeries_20250808,FL,NA,20240929,185246,.,-1,.,.,NA,.,NA,-1. Inapplicable,-1. Inapplicable
140370,ANES2024TimeSeries_20250808,AL,NA,20240815,153546,20240829,202512,.,20241119,230838,20241119,230900,-1. Inapplicable,-1. Inapplicable
140371,ANES2024TimeSeries_20250808,KS,NA,20240820,134519,20240820,162950,.,20250116,193720,20250116,210316,-1. Inapplicable,-1. Inapplicable
140372,ANES2024TimeSeries_20250808,MD,NA,20241010,180042,20241010,185824,.,.,NA,.,NA,-1. Inapplicable,-1. Inapplicable
140373,ANES2024TimeSeries_20250808,MI,NA,20240809,122925,20240809,130045,.,20241114,082026,20241114,082032,-1. Inapplicable,-1. Inapplicable
140374,ANES2024TimeSeries_20250808,WA,NA,20240810,150249,20240810,154830,.,20241119,141528,20241119,141538,-1. Inapplicable,-1. Inapplicable
140376,ANES2024TimeSeries_20250808,IL,NA,20240815,050941,20240815,055121,.,20241122,064436,20241122,084431,-1. Inapplicable,-1. Inapplicable
140377,ANES2024TimeSeries_20250808,NY,NA,20240820,221609,20240820,225657,.,20241113,203005,20241113,203013,-1. Inapplicable,-1. Inapplicable
140378,ANES2024TimeSeries_20250808,IL,NA,20241026,234526,20241101,104055,.,20250214,010935,20250216,175628,-1. Inapplicable,-1. Inapplicable
140379,ANES2024TimeSeries_20250808,MN,NA,20240911,191121,20240911,204530,.,20241128,135612,20241128,160145,-1. Inapplicable,-1. Inapplicable
140381,ANES2024TimeSeries_20250808,OH,NA,20240808,203835,20240808,230823,.,20241121,162802,20241121,175055,-1. Inapplicable,-1. Inapplicable
140384,ANES2024TimeSeries_20250808,AZ,NA,20240819,192732,20240819,201335,.,20241120,111745,20241120,111754,-1. Inapplicable,-1. Inapplicable
140385,ANES2024TimeSeries_20250808,AZ,NA,20240808,195342,20240808,204927,.,20241119,164450,20241119,164503,-1. Inapplicable,-1. Inapplicable
140386,ANES2024TimeSeries_20250808,AL,NA,20240814,103638,20241030,123800,.,20250117,104545,20250117,112649,-1. Inapplicable,-1. Inapplicable
140388,ANES2024TimeSeries_20250808,PA,NA,20240814,071138,20240814,082541,.,20241114,135429,20241114,135436,-1. Inapplicable,-1. Inapplicable
140389,ANES2024TimeSeries_20250808,FL,NA,20241013,192245,20241013,204009,.,20241118,083606,20241118,083624,-1. Inapplicable,-1. Inapplicable
140390,ANES2024TimeSeries_20250808,NJ,NA,20240910,222449,20240910,232818,.,20241121,001537,20241121,005226,-1. Inapplicable,-1. Inapplicable
140391,ANES2024TimeSeries_20250808,FL,NA,20241013,191841,20241013,202546,.,20241229,194723,20241229,210154,-1. Inapplicable,-1. Inapplicable
140392,ANES2024TimeSeries_20250808,PA,NA,20240821,194838,20240821,211705,.,20241129,152054,20241129,162344,-1. Inapplicable,-1. Inapplicable
140394,ANES2024TimeSeries_20250808,IL,NA,20241013,211054,20241103,085507,.,.,NA,.,NA,-1. Inapplicable,-1. Inapplicable
140396,ANES2024TimeSeries_20250808,FL,NA,20240809,145559,20240810,131219,.,20241114,151253,20241114,151314,-1. Inapplicable,-1. Inapplicable
140398,ANES2024TimeSeries_20250808,SC,NA,20240809,201810,20240809,205825,.,20241113,201100,20241113,201123,-1. Inapplicable,-1. Inapplicable
140399,ANES2024TimeSeries_20250808,MI,NA,20240813,175708,20240824,172013,.,20241121,070408,20241121,075751,-1. Inapplicable,-1. Inapplicable
140400,ANES2024TimeSeries_20250808,NH,NA,20240809,092928,20240809,105949,.,20241115,045720,20241115,045739,-1. Inapplicable,-1. Inapplicable
140401,ANES2024TimeSeries_20250808,TX,NA,20240813,205141,20240813,222131,.,20250120,001940,20250120,013620,-1. Inapplicable,-1. Inapplicable
140403,ANES2024TimeSeries_20250808,PA,NA,20240811,102150,20240811,104723,.,20241119,135033,20241119,135039,-1. Inapplicable,-1. Inapplicable
140404,ANES2024TimeSeries_20250808,CT,NA,20240816,154031,20240816,172223,.,20250104,132021,20250120,153619,-1. Inapplicable,-1. Inapplicable
140405,ANES2024TimeSeries_20250808,ID,NA,20240828,110554,20240828,152908,.,20241205,101714,20241205,114353,-1. Inapplicable,-1. Inapplicable
140407,ANES2024TimeSeries_20250808,MT,NA,20241010,123341,20241010,134837,.,20241120,103101,20241120,103118,-1. Inapplicable,-1. Inapplicable
140408,ANES2024TimeSeries_20250808,AR,NA,20240813,182817,20240813,191231,.,20241124,231610,20241125,000639,-1. Inapplicable,-1. Inapplicable
140409,ANES2024TimeSeries_20250808,WI,NA,20240808,193452,20240808,235339,.,20241118,193031,20241118,193151,-1. Inapplicable,-1. Inapplicable
140410,ANES2024TimeSeries_20250808,TX,NA,20240826,125125,20241009,183020,.,20241114,090641,20241114,090655,-1. Inapplicable,-1. Inapplicable
140411,ANES2024TimeSeries_20250808,IN,NA,20240808,203022,20240808,211748,.,20241114,080240,20241114,080252,-1. Inapplicable,-1. Inapplicable
140412,ANES2024TimeSeries_20250808,IN,NA,20240813,144328,20240813,163310,.,.,NA,.,NA,-1. Inapplicable,-1. Inapplicable
140413,ANES2024TimeSeries_20250808,FL,NA,20241016,193954,20241016,224312,.,20241127,200059,20241127,213936,-1. Inapplicable,-1. Inapplicable
140414,ANES2024TimeSeries_20250808,PA,NA,20240813,150113,20240813,164757,.,20241121,150631,20241121,163001,-1. Inapplicable,-1. Inapplicable
140415,ANES2024TimeSeries_20250808,TN,NA,20240815,054428,20240815,071242,.,20241126,203728,20241126,223803,-1. Inapplicable,-1. Inapplicable
140416,ANES2024TimeSeries_20250808,SC,NA,20240910,201645,20241002,081800,.,20241130,114451,20241130,135254,-1. Inapplicable,-1. Inapplicable
140417,ANES2024TimeSeries_20250808,AL,NA,20240818,181550,20241004,211641,.,20241121,070940,20241222,162808,-1. Inapplicable,-1. Inapplicable
140419,ANES2024TimeSeries_20250808,NY,NA,20240812,195449,20240812,211636,.,20241130,130603,20241130,142001,-1. Inapplicable,-1. Inapplicable
140420,ANES2024TimeSeries_20250808,KS,NA,20240824,125027,20240824,140852,.,20241203,181555,20241203,193206,-1. Inapplicable,-1. Inapplicable
140421,ANES2024TimeSeries_20250808,FL,NA,20240812,215316,20240812,225221,.,20241118,202322,20241118,202352,-1. Inapplicable,-1. Inapplicable
140423,ANES2024TimeSeries_20250808,TX,NA,20240810,134803,20240810,143230,.,20241113,225436,20241113,225447,-1. Inapplicable,-1. Inapplicable
140425,ANES2024TimeSeries_20250808,TX,NA,20240908,115130,20240908,124056,.,20241130,160337,20241130,164920,-1. Inapplicable,-1. Inapplicable
140426,ANES2024TimeSeries_20250808,OH,NA,20240821,180411,20241017,034921,.,20241125,043114,20241125,052408,-1. Inapplicable,-1. Inapplicable
140427,ANES2024TimeSeries_20250808,ID,NA,20240809,210209,20240809,223524,.,20241113,225207,20241113,225242,-1. Inapplicable,-1. Inapplicable
140428,ANES2024TimeSeries_20250808,VA,NA,20241012,212943,20241013,074739,.,20241118,160617,20241118,160818,-1. Inapplicable,-1. Inapplicable
140429,ANES2024TimeSeries_20250808,ME,NA,20240917,210953,20240917,231521,.,20241209,183017,20241210,031604,-1. Inapplicable,-1. Inapplicable
140430,ANES2024TimeSeries_20250808,KS,NA,20241012,155326,20241012,170717,.,20241119,102704,20241119,102729,-1. Inapplicable,-1. Inapplicable
140431,ANES2024TimeSeries_20250808,ID,NA,20240810,102829,20240810,111051,.,20241118,063925,20241118,063933,-1. Inapplicable,-1. Inapplicable
140432,ANES2024TimeSeries_20250808,WA,NA,20240816,140956,20240816,153933,.,20241120,002723,20241120,002736,-1. Inapplicable,-1. Inapplicable
140434,ANES2024TimeSeries_20250808,MD,NA,20240812,200619,20240812,230829,.,20241203,083524,20241203,095221,-1. Inapplicable,-1. Inapplicable
140436,ANES2024TimeSeries_20250808,PA,NA,20240811,160704,20240812,165514,.,20241116,100843,20241116,100853,-1. Inapplicable,-1. Inapplicable
140437,ANES2024TimeSeries_20250808,NY,NA,20240903,180957,20240903,231236,.,20241113,212507,20241113,212516,-1. Inapplicable,-1. Inapplicable
140439,ANES2024TimeSeries_20250808,WI,NA,20240813,215604,20240814,132207,.,20241204,093531,20241204,160741,-1. Inapplicable,-1. Inapplicable
140440,ANES2024TimeSeries_20250808,IL,NA,20240930,012759,20240930,032124,.,20241127,223834,20241127,235331,-1. Inapplicable,-1. Inapplicable
140441,ANES2024TimeSeries_20250808,CA,NA,20240808,193541,20240808,205943,.,20241119,094943,20241119,094950,-1. Inapplicable,-1. Inapplicable
140443,ANES2024TimeSeries_20250808,FL,NA,20240812,174423,20240812,190339,.,.,NA,.,NA,-1. Inapplicable,-1. Inapplicable
140444,ANES2024TimeSeries_20250808,TX,NA,20240819,151145,20240819,154934,.,20250207,121245,.,-1,-1. Inapplicable,-1. Inapplicable
140445,ANES2024TimeSeries_20250808,MI,NA,20240819,140118,20240819,153011,.,20241126,174144,20241126,185653,-1. Inapplicable,-1. Inapplicable
140446,ANES2024TimeSeries_20250808,KS,NA,20240813,171639,20240813,174922,.,20241125,175459,20241125,181413,-1. Inapplicable,-1. Inapplicable
140447,ANES2024TimeSeries_20250808,FL,NA,20240818,112917,20240818,145330,.,20241206,092232,20241206,122644,-1. Inapplicable,-1. Inapplicable
140450,ANES2024TimeSeries_20250808,TX,NA,20241015,183439,20241015,192240,.,20241203,172724,20241203,181626,-1. Inapplicable,-1. Inapplicable
140451,ANES2024TimeSeries_20250808,NH,NA,20240816,203921,20240816,224104,.,20241130,191742,20241130,205159,-1. Inapplicable,-1. Inapplicable
140452,ANES2024TimeSeries_20250808,IL,NA,20240821,132016,20240821,161514,.,20241123,135412,20241123,154342,-1. Inapplicable,-1. Inapplicable
140453,ANES2024TimeSeries_20250808,NJ,NA,20241017,212631,20241018,224937,.,.,NA,.,NA,-1. Inapplicable,-1. Inapplicable
140454,ANES2024TimeSeries_20250808,WA,NA,20240812,212050,20240812,222737,.,20241121,210559,20241121,221638,-1. Inapplicable,-1. Inapplicable
140455,ANES2024TimeSeries_20250808,NY,NA,20240813,132139,20240813,145025,.,20241119,101257,20241119,101308,-1. Inapplicable,-1. Inapplicable
140456,ANES2024TimeSeries_20250808,GA,NA,20240808,195114,20240808,210550,.,20241119,151000,20241119,151009,-1. Inapplicable,-1. Inapplicable
140457,ANES2024TimeSeries_20250808,CO,NA,20240909,170451,20240909,181154,.,20241214,223943,20241222,112604,-1. Inapplicable,-1. Inapplicable
140460,ANES2024TimeSeries_20250808,OK,NA,20241003,075734,20241003,101837,.,20241118,203612,20241118,203629,-1. Inapplicable,-1. Inapplicable
140461,ANES2024TimeSeries_20250808,GA,NA,20240911,164242,20241103,142805,.,20250128,121103,20250215,121303,-1. Inapplicable,-1. Inapplicable
140462,ANES2024TimeSeries_20250808,MD,NA,20240817,200746,20240817,223412,.,20241201,082237,20241201,093826,-1. Inapplicable,-1. Inapplicable
140463,ANES2024TimeSeries_20250808,WV,NA,20240817,220055,20240817,224044,.,20241206,160421,.,-1,-1. Inapplicable,-1. Inapplicable
140464,ANES2024TimeSeries_20250808,AL,NA,20240813,125822,20240813,141221,.,20241211,105856,20241211,121251,-1. Inapplicable,-1. Inapplicable
140465,ANES2024TimeSeries_20250808,OR,NA,20240810,181423,20240810,193045,.,20241120,134641,20241120,134656,-1. Inapplicable,-1. Inapplicable
140466,ANES2024TimeSeries_20250808,AZ,NA,20240812,164649,20240812,175116,.,20241113,225334,20241113,225342,-1. Inapplicable,-1. Inapplicable
140467,ANES2024TimeSeries_20250808,TX,NA,20240808,212009,20240808,230901,.,20241118,154342,20241118,154356,-1. Inapplicable,-1. Inapplicable
140468,ANES2024TimeSeries_20250808,KS,NA,20240820,161236,20240820,180517,.,.,NA,.,NA,-1. Inapplicable,-1. Inapplicable
140470,ANES2024TimeSeries_20250808,TN,NA,20240825,115024,20240826,193229,.,20241117,191815,20241117,191826,-1. Inapplicable,-1. Inapplicable
140471,ANES2024TimeSeries_20250808,AZ,NA,20240816,184422,20240816,194958,.,20241124,150123,20241127,084813,-1. Inapplicable,-1. Inapplicable
140472,ANES2024TimeSeries_20250808,TN,NA,20240828,170431,20240828,182643,.,20241121,185328,20241121,202906,-1. Inapplicable,-1. Inapplicable
140474,ANES2024TimeSeries_20250808,CO,NA,20240813,183403,20240813,205222,.,20241127,124424,20241127,144234,-1. Inapplicable,-1. Inapplicable
140475,ANES2024TimeSeries_20250808,GA,NA,20241016,140916,20241016,161255,.,20241203,141949,20241203,185357,-1. Inapplicable,-1. Inapplicable
140476,ANES2024TimeSeries_20250808,FL,NA,20240809,140137,20240809,150918,.,20241114,111339,20241114,111347,-1. Inapplicable,-1. Inapplicable
140477,ANES2024TimeSeries_20250808,CA,NA,20240812,175159,20240812,192428,.,20241114,170259,20241114,170321,-1. Inapplicable,-1. Inapplicable
140478,ANES2024TimeSeries_20250808,GA,NA,20240809,081236,20240809,155937,.,20250117,110043,20250117,182047,-1. Inapplicable,-1. Inapplicable
140479,ANES2024TimeSeries_20250808,OK,NA,20240816,210957,20240816,223324,.,20241228,194238,20241228,205430,-1. Inapplicable,-1. Inapplicable
140480,ANES2024TimeSeries_20250808,TX,NA,20240814,205727,20240814,214725,.,20241115,172804,20241115,172904,-1. Inapplicable,-1. Inapplicable
140481,ANES2024TimeSeries_20250808,OH,NA,20240817,122910,20240817,131724,.,20241119,152254,20241119,152309,-1. Inapplicable,-1. Inapplicable
140482,ANES2024TimeSeries_20250808,TX,NA,20240823,091056,20240823,113422,.,20241118,165912,20241119,102225,-1. Inapplicable,-1. Inapplicable
140483,ANES2024TimeSeries_20250808,AZ,NA,20240810,222608,20240811,015556,.,20241115,003954,20241115,004055,-1. Inapplicable,-1. Inapplicable
140484,ANES2024TimeSeries_20250808,IA,NA,20240814,152132,20240814,163642,.,20241120,121123,20241120,121226,-1. Inapplicable,-1. Inapplicable
140485,ANES2024TimeSeries_20250808,KS,NA,20240914,172510,20240914,185420,.,20250216,144744,20250216,163212,-1. Inapplicable,-1. Inapplicable
140486,ANES2024TimeSeries_20250808,TN,NA,20240810,080513,20240810,084605,.,20241119,164815,20241119,164820,-1. Inapplicable,-1. Inapplicable
140487,ANES2024TimeSeries_20250808,CA,NA,20240902,005302,20240902,014715,.,20241215,133809,20241215,143249,-1. Inapplicable,-1. Inapplicable
140488,ANES2024TimeSeries_20250808,WI,NA,20240827,211510,20240827,220625,.,20241126,201052,20241126,205514,-1. Inapplicable,-1. Inapplicable
140491,ANES2024TimeSeries_20250808,MA,NA,20240815,143629,20240815,152405,.,20241230,213111,20241230,221633,-1. Inapplicable,-1. Inapplicable
140492,ANES2024TimeSeries_20250808,TX,NA,20240814,222044,20240814,233914,.,20241122,181307,20241122,192254,-1. Inapplicable,-1. Inapplicable
140493,ANES2024TimeSeries_20250808,GA,NA,20240816,114814,20240816,131843,.,20241118,082057,20241118,082120,-1. Inapplicable,-1. Inapplicable
140494,ANES2024TimeSeries_20250808,NY,NA,20240829,174149,20240910,180831,.,20250116,165338,20250116,180839,-1. Inapplicable,-1. Inapplicable
140495,ANES2024TimeSeries_20250808,SC,NA,20240814,231526,20240814,234700,.,20241231,084344,20241231,091008,-1. Inapplicable,-1. Inapplicable
140496,ANES2024TimeSeries_20250808,CA,NA,20241002,110442,20241002,114022,.,20241124,140453,20241124,154013,-1. Inapplicable,-1. Inapplicable
140497,ANES2024TimeSeries_20250808,NM,NA,20240818,125424,20240818,135642,.,20241207,160038,20241207,165339,-1. Inapplicable,-1. Inapplicable
140498,ANES2024TimeSeries_20250808,MA,NA,20240817,215803,20240817,225533,.,20241228,212356,20241228,222713,-1. Inapplicable,-1. Inapplicable
140500,ANES2024TimeSeries_20250808,MA,NA,20241012,145152,20241012,201031,.,20241227,132243,20241227,185040,-1. Inapplicable,-1. Inapplicable
140501,ANES2024TimeSeries_20250808,MN,NA,20240814,194232,20240814,205743,.,20241113,204525,20241113,204534,-1. Inapplicable,-1. Inapplicable
140502,ANES2024TimeSeries_20250808,MA,NA,20240816,141826,20240816,151936,.,20241114,065204,20241114,065222,-1. Inapplicable,-1. Inapplicable
140503,ANES2024TimeSeries_20250808,MD,NA,20240812,160852,20241010,145530,.,20241114,000915,20241114,000926,-1. Inapplicable,-1. Inapplicable
140504,ANES2024TimeSeries_20250808,CA,NA,20240808,215259,20240809,000200,.,20241205,164736,20241205,175556,-1. Inapplicable,-1. Inapplicable
140505,ANES2024TimeSeries_20250808,FL,NA,20240813,150019,20240813,161412,.,20241121,141614,20241121,151740,-1. Inapplicable,-1. Inapplicable
140506,ANES2024TimeSeries_20250808,MI,NA,20240823,144102,20240823,153732,.,20241124,183226,20241217,211640,-1. Inapplicable,-1. Inapplicable
140508,ANES2024TimeSeries_20250808,GA,NA,20241015,221007,20241015,224422,.,20241129,153812,20241129,161114,-1. Inapplicable,-1. Inapplicable
140509,ANES2024TimeSeries_20250808,TX,NA,20240822,152515,20240822,163423,.,20241118,144401,20241118,144414,-1. Inapplicable,-1. Inapplicable
140510,ANES2024TimeSeries_20250808,CT,NA,20240816,173735,20240816,181728,.,20241118,084733,20241118,084743,-1. Inapplicable,-1. Inapplicable
140511,ANES2024TimeSeries_20250808,MO,NA,20240815,133618,20240815,141201,.,20241118,170520,20241118,170527,-1. Inapplicable,-1. Inapplicable
140514,ANES2024TimeSeries_20250808,NY,NA,20240814,195003,20240814,205251,.,20241126,173717,20241126,205731,-1. Inapplicable,-1. Inapplicable
140515,ANES2024TimeSeries_20250808,CA,NA,20241009,002323,20241009,023452,.,.,NA,.,NA,-1. Inapplicable,-1. Inapplicable
140518,ANES2024TimeSeries_20250808,LA,NA,20240823,172222,20240824,000637,.,20241116,132130,20241116,132141,-1. Inapplicable,-1. Inapplicable
140519,ANES2024TimeSeries_20250808,OK,NA,20240812,202059,20240812,215536,.,20241226,212131,20241227,004423,-1. Inapplicable,-1. Inapplicable
140520,ANES2024TimeSeries_20250808,NY,NA,20240816,215713,20240816,223910,.,20241127,130158,20241127,134202,-1. Inapplicable,-1. Inapplicable
140521,ANES2024TimeSeries_20250808,TN,NA,20240820,193619,20240820,215453,.,20241120,123929,20241120,123956,-1. Inapplicable,-1. Inapplicable
140524,ANES2024TimeSeries_20250808,FL,NA,20240815,102148,20240815,113002,.,20241127,070651,20241127,082231,-1. Inapplicable,-1. Inapplicable
140525,ANES2024TimeSeries_20250808,NC,NA,20240808,213141,20240808,222720,.,20241130,104948,20241130,113906,-1. Inapplicable,-1. Inapplicable
140526,ANES2024TimeSeries_20250808,PA,NA,20240918,131141,20240930,102511,.,20241120,153928,20241120,153934,-1. Inapplicable,-1. Inapplicable
140527,ANES2024TimeSeries_20250808,IL,NA,20240811,223422,20240811,235310,.,20241113,222909,20241113,222921,-1. Inapplicable,-1. Inapplicable
140528,ANES2024TimeSeries_20250808,ID,NA,20240809,092027,20240809,134154,.,20241113,211048,20241113,211110,-1. Inapplicable,-1. Inapplicable
140529,ANES2024TimeSeries_20250808,CO,NA,20240829,142635,20240829,174308,.,20241210,152132,20241210,170948,-1. Inapplicable,-1. Inapplicable
140530,ANES2024TimeSeries_20250808,NJ,NA,20240812,163520,20240812,171420,.,20241121,203620,20241121,211257,-1. Inapplicable,-1. Inapplicable
140531,ANES2024TimeSeries_20250808,NJ,NA,20240814,173350,20240814,184439,.,20241115,181036,20241115,181045,-1. Inapplicable,-1. Inapplicable
140532,ANES2024TimeSeries_20250808,IN,NA,20240815,143429,20240815,160759,.,20241119,070520,20241119,070543,-1. Inapplicable,-1. Inapplicable
140533,ANES2024TimeSeries_20250808,TX,NA,20240809,012822,20240809,023146,.,20241114,061939,20241114,061955,-1. Inapplicable,-1. Inapplicable
140534,ANES2024TimeSeries_20250808,CA,NA,20240809,002745,20240809,012914,.,20250202,162407,20250202,171407,-1. Inapplicable,-1. Inapplicable
140535,ANES2024TimeSeries_20250808,NY,NA,20240822,131941,20240822,145528,.,20250120,115518,20250120,133438,-1. Inapplicable,-1. Inapplicable
140536,ANES2024TimeSeries_20250808,IA,NA,20240820,220529,20240820,230134,.,20241122,185830,20241123,172901,-1. Inapplicable,-1. Inapplicable
140538,ANES2024TimeSeries_20250808,FL,NA,20240829,162304,20240829,173047,.,20241121,124702,20241121,141018,-1. Inapplicable,-1. Inapplicable
140539,ANES2024TimeSeries_20250808,CA,NA,20240815,115144,20240815,125801,.,20241119,134533,20241119,134549,-1. Inapplicable,-1. Inapplicable
140540,ANES2024TimeSeries_20250808,MA,NA,20240817,082137,20240817,103735,.,20241202,112834,20241202,130916,-1. Inapplicable,-1. Inapplicable
140541,ANES2024TimeSeries_20250808,IL,NA,20240826,130621,20240826,135428,.,20241120,145517,20241120,145525,-1. Inapplicable,-1. Inapplicable
140542,ANES2024TimeSeries_20250808,DC,NA,20240822,110058,20240822,112927,.,20241120,133513,20241120,134108,-1. Inapplicable,-1. Inapplicable
140543,ANES2024TimeSeries_20250808,FL,NA,20240917,225451,20240917,233412,.,20250116,191455,20250116,200216,-1. Inapplicable,-1. Inapplicable
140545,ANES2024TimeSeries_20250808,CA,NA,20241102,160006,20241102,174445,.,.,NA,.,NA,-1. Inapplicable,-1. Inapplicable
140547,ANES2024TimeSeries_20250808,NY,NA,20240810,214207,20240810,224646,.,20241118,182312,20241118,182320,-1. Inapplicable,-1. Inapplicable
140548,ANES2024TimeSeries_20250808,NY,NA,20240812,103503,20240909,160506,.,20250117,180907,20250117,190937,-1. Inapplicable,-1. Inapplicable
140549,ANES2024TimeSeries_20250808,MD,NA,20240809,135143,20240809,150808,.,20241114,081320,20241114,081331,-1. Inapplicable,-1. Inapplicable
140550,ANES2024TimeSeries_20250808,WA,NA,20241023,141841,20241023,145738,.,20241225,164237,20241225,172456,-1. Inapplicable,-1. Inapplicable
140551,ANES2024TimeSeries_20250808,NJ,NA,20240821,163650,20240821,180202,.,20241125,224358,20241125,235420,-1. Inapplicable,-1. Inapplicable
140552,ANES2024TimeSeries_20250808,MI,NA,20240813,131919,20240813,143855,.,20241120,124031,20241120,124133,-1. Inapplicable,-1. Inapplicable
140553,ANES2024TimeSeries_20250808,NC,NA,20240808,214228,20240808,221528,.,20241119,164134,20241119,164143,-1. Inapplicable,-1. Inapplicable
140554,ANES2024TimeSeries_20250808,MI,NA,20241014,112949,20241014,123726,.,20241203,103227,20241203,114857,-1. Inapplicable,-1. Inapplicable
140555,ANES2024TimeSeries_20250808,CA,NA,20240812,192658,20240812,210054,.,20241117,174056,20241117,174119,-1. Inapplicable,-1. Inapplicable
140557,ANES2024TimeSeries_20250808,SC,NA,20240817,084959,20240904,153112,.,20241120,162328,20241120,202209,-1. Inapplicable,-1. Inapplicable
140558,ANES2024TimeSeries_20250808,MD,NA,20240814,084547,20240814,153234,.,20241113,193703,20241113,193715,-1. Inapplicable,-1. Inapplicable
140559,ANES2024TimeSeries_20250808,TN,NA,20240817,092231,20240817,120119,.,20241230,161333,20241230,172835,-1. Inapplicable,-1. Inapplicable
140560,ANES2024TimeSeries_20250808,IL,NA,20241026,011000,20241026,013335,.,20241206,001201,20241206,003742,-1. Inapplicable,-1. Inapplicable
140561,ANES2024TimeSeries_20250808,KY,NA,20240808,220606,20240819,175000,.,20241120,102815,20241120,102822,-1. Inapplicable,-1. Inapplicable
140562,ANES2024TimeSeries_20250808,MO,NA,20240808,213556,20240808,231513,.,20241113,223916,20241113,223946,-1. Inapplicable,-1. Inapplicable
140563,ANES2024TimeSeries_20250808,VT,NA,20241021,134105,20241021,143013,.,20241231,130729,20241231,135452,-1. Inapplicable,-1. Inapplicable
140564,ANES2024TimeSeries_20250808,MD,NA,20240825,152422,20241007,084651,.,20241123,130410,20241123,140705,-1. Inapplicable,-1. Inapplicable
140565,ANES2024TimeSeries_20250808,TX,NA,20240911,172607,20240911,183536,.,20241229,182036,20241229,195503,-1. Inapplicable,-1. Inapplicable
140566,ANES2024TimeSeries_20250808,OH,NA,20240810,111023,20240810,115527,.,.,NA,.,NA,-1. Inapplicable,-1. Inapplicable
140567,ANES2024TimeSeries_20250808,VA,NA,20240809,200316,20240809,204910,.,20241114,174357,20241114,174447,-1. Inapplicable,-1. Inapplicable
140568,ANES2024TimeSeries_20250808,MI,NA,20240814,141905,20240814,153109,.,20241113,215511,20241113,215533,-1. Inapplicable,-1. Inapplicable
140569,ANES2024TimeSeries_20250808,GA,NA,20240916,123634,20240916,145946,.,.,NA,.,NA,-1. Inapplicable,-1. Inapplicable
140570,ANES2024TimeSeries_20250808,KY,NA,20240814,183124,20240814,194959,.,20241113,205620,20241113,205637,-1. Inapplicable,-1. Inapplicable
140571,ANES2024TimeSeries_20250808,ID,NA,20240813,124657,20240813,193627,.,20241124,161009,20241124,173234,-1. Inapplicable,-1. Inapplicable
140573,ANES2024TimeSeries_20250808,WA,NA,20240813,042420,20240813,054450,.,20241119,162638,20241119,162659,-1. Inapplicable,-1. Inapplicable
140574,ANES2024TimeSeries_20250808,NY,NA,20241011,132708,20241011,141617,.,20241130,141720,20241130,152907,-1. Inapplicable,-1. Inapplicable
140575,ANES2024TimeSeries_20250808,NJ,NA,20240809,213647,20240809,223126,.,20241120,160459,20241120,160515,-1. Inapplicable,-1. Inapplicable
140576,ANES2024TimeSeries_20250808,CA,NA,20240821,125905,20240821,141035,.,20241120,095400,20241120,095410,-1. Inapplicable,-1. Inapplicable
140577,ANES2024TimeSeries_20250808,TX,NA,20240928,204118,20240928,212811,.,20241119,202855,20241119,202915,-1. Inapplicable,-1. Inapplicable
140578,ANES2024TimeSeries_20250808,MI,NA,20240809,225849,20240809,233233,.,20241114,131156,20241114,131214,-1. Inapplicable,-1. Inapplicable
140580,ANES2024TimeSeries_20250808,NV,NA,20240818,222119,20240819,003423,.,20241115,213953,20241115,214018,-1. Inapplicable,-1. Inapplicable
140581,ANES2024TimeSeries_20250808,NJ,NA,20240827,112349,20240827,141824,.,20241230,131128,20241230,150005,-1. Inapplicable,-1. Inapplicable
140582,ANES2024TimeSeries_20250808,FL,NA,20240918,173301,20240918,200725,.,20250114,234226,20250115,055739,-1. Inapplicable,-1. Inapplicable
140583,ANES2024TimeSeries_20250808,CO,NA,20240813,185028,20240814,010054,.,20241202,152006,20241202,160726,-1. Inapplicable,-1. Inapplicable
140585,ANES2024TimeSeries_20250808,NY,NA,20240825,122117,20240825,130208,.,20241115,105032,20241115,105044,-1. Inapplicable,-1. Inapplicable
140586,ANES2024TimeSeries_20250808,OH,NA,20240819,212302,20240819,224337,.,20241119,180511,20241119,180536,-1. Inapplicable,-1. Inapplicable
140587,ANES2024TimeSeries_20250808,MN,NA,20240826,165509,20240826,180757,.,20241115,115217,20241115,115237,-1. Inapplicable,-1. Inapplicable
140588,ANES2024TimeSeries_20250808,OH,NA,20240809,184634,20240809,193440,.,20241114,052344,20241114,052355,-1. Inapplicable,-1. Inapplicable
140589,ANES2024TimeSeries_20250808,CA,NA,20240929,121349,20240929,124723,.,.,NA,.,NA,-1. Inapplicable,-1. Inapplicable
140590,ANES2024TimeSeries_20250808,IL,NA,20240813,134007,.,-1,.,20250104,182342,20250104,195050,-1. Inapplicable,-1. Inapplicable
140591,ANES2024TimeSeries_20250808,IN,NA,20240824,142136,20240824,155244,.,20241212,083440,20241212,100352,-1. Inapplicable,-1. Inapplicable
140593,ANES2024TimeSeries_20250808,MA,NA,20240808,212723,20240808,230004,.,20241117,205810,20241117,205821,-1. Inapplicable,-1. Inapplicable
140594,ANES2024TimeSeries_20250808,GA,NA,20241004,152923,20241004,161700,.,20241202,100924,20241202,162031,-1. Inapplicable,-1. Inapplicable
140596,ANES2024TimeSeries_20250808,OH,NA,20240813,181449,20240813,215047,.,20241124,204726,20241124,220840,-1. Inapplicable,-1. Inapplicable
140597,ANES2024TimeSeries_20250808,IL,NA,20240814,134145,20240814,152007,.,20241114,084206,20241114,084226,-1. Inapplicable,-1. Inapplicable
140598,ANES2024TimeSeries_20250808,DE,NA,20240910,205347,20241011,101005,.,20241122,163204,20241122,212051,-1. Inapplicable,-1. Inapplicable
140599,ANES2024TimeSeries_20250808,NE,NA,20240809,132206,20240809,140030,.,20241113,225138,20241113,225155,-1. Inapplicable,-1. Inapplicable
140600,ANES2024TimeSeries_20250808,IN,NA,20240811,095619,20240811,112830,.,20250130,003825,20250130,014825,-1. Inapplicable,-1. Inapplicable
140601,ANES2024TimeSeries_20250808,WI,NA,20240901,144722,20240901,163148,.,20241121,175532,20241121,202049,-1. Inapplicable,-1. Inapplicable
140602,ANES2024TimeSeries_20250808,GA,NA,20240909,153412,20241016,134147,.,20241119,162515,20241119,162702,-1. Inapplicable,-1. Inapplicable
140606,ANES2024TimeSeries_20250808,IN,NA,20240809,111613,20240809,121520,.,20241117,182319,20241117,182334,-1. Inapplicable,-1. Inapplicable
140607,ANES2024TimeSeries_20250808,OR,NA,20240813,202725,20240813,220514,.,20241121,201151,20241121,211717,-1. Inapplicable,-1. Inapplicable
140609,ANES2024TimeSeries_20250808,CA,NA,20240814,215226,20240814,231909,.,20241119,131518,20241119,131534,-1. Inapplicable,-1. Inapplicable
140611,ANES2024TimeSeries_20250808,FL,NA,20240814,122406,20240814,150554,.,20241221,160231,20241222,161013,-1. Inapplicable,-1. Inapplicable
140612,ANES2024TimeSeries_20250808,WA,NA,20240918,152428,20241103,151659,.,20241115,134113,20241115,134121,-1. Inapplicable,-1. Inapplicable
140613,ANES2024TimeSeries_20250808,CA,NA,20240808,234957,20240809,031655,.,20241122,155756,20241125,075932,-1. Inapplicable,-1. Inapplicable
140614,ANES2024TimeSeries_20250808,IL,NA,20240808,214936,20240809,000540,.,20241114,214951,20241114,215010,-1. Inapplicable,-1. Inapplicable
140617,ANES2024TimeSeries_20250808,TX,NA,20241023,142511,20241023,152808,.,20241122,130723,20241122,140058,-1. Inapplicable,-1. Inapplicable
140618,ANES2024TimeSeries_20250808,NC,NA,20240821,081934,20240821,095141,.,20241121,090649,20241121,101048,-1. Inapplicable,-1. Inapplicable
140619,ANES2024TimeSeries_20250808,NY,NA,20240811,221733,20240930,114659,.,20241207,082012,20241207,150913,-1. Inapplicable,-1. Inapplicable
140620,ANES2024TimeSeries_20250808,WA,NA,20240813,183437,20240813,200515,.,20241113,220011,20241113,220028,-1. Inapplicable,-1. Inapplicable
140621,ANES2024TimeSeries_20250808,OK,NA,20240812,155125,20240812,190510,.,20241124,174319,20241124,204508,-1. Inapplicable,-1. Inapplicable
140622,ANES2024TimeSeries_20250808,AL,NA,20240816,134309,20240816,142744,.,20241118,144340,20241220,135738,-1. Inapplicable,-1. Inapplicable
140623,ANES2024TimeSeries_20250808,GA,NA,20241012,122713,20241012,145538,.,20241227,123020,20241227,141355,-1. Inapplicable,-1. Inapplicable
140624,ANES2024TimeSeries_20250808,IL,NA,20240810,160506,20240810,165053,.,20241121,103346,20241121,112645,-1. Inapplicable,-1. Inapplicable
140625,ANES2024TimeSeries_20250808,AR,NA,20240821,114643,20240821,153541,.,20241119,131022,20241119,131235,-1. Inapplicable,-1. Inapplicable
140626,ANES2024TimeSeries_20250808,IA,NA,20240929,144853,20240929,154556,.,.,NA,.,NA,-1. Inapplicable,-1. Inapplicable
140627,ANES2024TimeSeries_20250808,NY,NA,20240812,195555,20240814,100608,.,20241118,165140,20241118,165156,-1. Inapplicable,-1. Inapplicable
140629,ANES2024TimeSeries_20250808,CA,NA,20240812,222419,20240812,233444,.,20241114,010321,20241114,010332,-1. Inapplicable,-1. Inapplicable
140630,ANES2024TimeSeries_20250808,OH,NA,20240816,150735,20240816,155809,.,20241205,115325,20241205,153736,-1. Inapplicable,-1. Inapplicable
140631,ANES2024TimeSeries_20250808,NC,NA,20240816,221824,20240816,231957,.,20241210,082814,20241231,015300,-1. Inapplicable,-1. Inapplicable
140632,ANES2024TimeSeries_20250808,IL,NA,20241021,094349,20241021,102010,.,20241114,233812,20241114,233818,-1. Inapplicable,-1. Inapplicable
140633,ANES2024TimeSeries_20250808,TX,NA,20240813,141227,20240813,152103,.,20250203,190816,20250203,202422,-1. Inapplicable,-1. Inapplicable
140634,ANES2024TimeSeries_20250808,NM,NA,20240812,171532,20240812,181435,.,20241120,182001,20241120,192003,-1. Inapplicable,-1. Inapplicable
140635,ANES2024TimeSeries_20250808,MS,NA,20240818,134927,20240818,161748,.,20241121,110649,20241123,105528,-1. Inapplicable,-1. Inapplicable
140636,ANES2024TimeSeries_20250808,CO,NA,20240819,204307,20240819,223549,.,20241204,104328,20241204,162110,-1. Inapplicable,-1. Inapplicable
140637,ANES2024TimeSeries_20250808,TX,NA,20240816,125603,20240816,141059,.,20241120,180905,20241120,205408,-1. Inapplicable,-1. Inapplicable
140638,ANES2024TimeSeries_20250808,WI,NA,20240826,171431,20240826,185937,.,.,NA,.,NA,-1. Inapplicable,-1. Inapplicable
140639,ANES2024TimeSeries_20250808,IN,NA,20240813,121348,20240813,131722,.,20241115,192643,20241115,192659,-1. Inapplicable,-1. Inapplicable
140641,ANES2024TimeSeries_20250808,WI,NA,20240813,121823,20240813,155531,.,20241125,182545,20241125,230047,-1. Inapplicable,-1. Inapplicable
140643,ANES2024TimeSeries_20250808,CA,NA,20240821,133608,20240822,014747,.,20241204,105347,20241204,142449,-1. Inapplicable,-1. Inapplicable
140644,ANES2024TimeSeries_20250808,WI,NA,20241103,161341,20241103,172751,.,20250119,145056,20250119,164006,-1. Inapplicable,-1. Inapplicable
140645,ANES2024TimeSeries_20250808,TX,NA,20240904,014535,20240904,034813,.,20241202,232824,20241203,011020,-1. Inapplicable,-1. Inapplicable
140646,ANES2024TimeSeries_20250808,VA,NA,20241011,170635,20241011,174548,.,20241119,183722,20241119,183749,-1. Inapplicable,-1. Inapplicable
140647,ANES2024TimeSeries_20250808,IL,NA,20241009,181422,20241009,193252,.,.,NA,.,NA,-1. Inapplicable,-1. Inapplicable
140648,ANES2024TimeSeries_20250808,SC,NA,20241016,115146,20241016,131218,.,20241121,151435,20241121,163421,-1. Inapplicable,-1. Inapplicable
140649,ANES2024TimeSeries_20250808,AR,NA,20240813,213403,20240814,220225,.,20241120,165056,20241120,195456,-1. Inapplicable,-1. Inapplicable
140650,ANES2024TimeSeries_20250808,NC,NA,20240814,151540,20240814,165305,.,20241214,105221,20241214,115545,-1. Inapplicable,-1. Inapplicable
140651,ANES2024TimeSeries_20250808,FL,NA,20240813,175141,20240813,201133,.,.,NA,.,NA,-1. Inapplicable,-1. Inapplicable
140653,ANES2024TimeSeries_20250808,VA,NA,20240817,144032,20240817,163310,.,20241124,125112,20241124,141935,-1. Inapplicable,-1. Inapplicable
140654,ANES2024TimeSeries_20250808,KS,NA,20240828,163947,20240828,190057,.,20241123,022812,20241123,042014,-1. Inapplicable,-1. Inapplicable
140655,ANES2024TimeSeries_20250808,NC,NA,20240812,154948,20240812,165504,.,20241223,204205,20241223,215257,-1. Inapplicable,-1. Inapplicable
140656,ANES2024TimeSeries_20250808,MA,NA,20241010,144155,20241010,153901,.,20241203,133718,20241203,141822,-1. Inapplicable,-1. Inapplicable
140657,ANES2024TimeSeries_20250808,IL,NA,20240809,091056,20240809,191042,.,20241117,153253,20241117,153314,-1. Inapplicable,-1. Inapplicable
140658,ANES2024TimeSeries_20250808,CO,NA,20240929,130504,20240929,155634,.,20241120,151749,20241120,151805,-1. Inapplicable,-1. Inapplicable
140660,ANES2024TimeSeries_20250808,TX,NA,20240902,200143,20240902,225748,.,20241119,143231,20241119,143246,-1. Inapplicable,-1. Inapplicable
140661,ANES2024TimeSeries_20250808,AL,NA,20240809,090720,20240809,094636,.,20241114,201801,20241114,201810,-1. Inapplicable,-1. Inapplicable
140662,ANES2024TimeSeries_20250808,PA,NA,20240812,185712,20240812,193857,.,20241124,101007,20241124,104521,-1. Inapplicable,-1. Inapplicable
140663,ANES2024TimeSeries_20250808,WI,NA,20240813,123007,20240813,133038,.,20241204,142045,20241204,190109,-1. Inapplicable,-1. Inapplicable
140664,ANES2024TimeSeries_20250808,GA,NA,20240818,210049,20240818,225651,.,.,NA,.,NA,-1. Inapplicable,-1. Inapplicable
140666,ANES2024TimeSeries_20250808,CA,NA,20240821,151851,20240821,171920,.,20241113,200941,20241113,200948,-1. Inapplicable,-1. Inapplicable
140667,ANES2024TimeSeries_20250808,NY,NA,20240813,074300,20240813,081349,.,20241127,131124,20241127,134727,-1. Inapplicable,-1. Inapplicable
140668,ANES2024TimeSeries_20250808,MO,NA,20240816,204632,20240816,224749,.,20241119,190309,20241119,190315,-1. Inapplicable,-1. Inapplicable
140669,ANES2024TimeSeries_20250808,CA,NA,20240818,191129,20240818,200050,.,20241114,225710,20241114,225717,-1. Inapplicable,-1. Inapplicable
140670,ANES2024TimeSeries_20250808,FL,NA,20240830,141358,20240910,101829,.,.,NA,.,NA,-1. Inapplicable,-1. Inapplicable
140672,ANES2024TimeSeries_20250808,AZ,NA,20241103,163350,20241103,181928,.,20241209,170517,20241209,185005,-1. Inapplicable,-1. Inapplicable
140673,ANES2024TimeSeries_20250808,CA,NA,20240811,192400,20240811,212026,.,20241114,212526,20241114,212547,-1. Inapplicable,-1. Inapplicable
140674,ANES2024TimeSeries_20250808,KS,NA,20241012,123035,20241012,131704,.,20250115,150229,20250115,155953,-1. Inapplicable,-1. Inapplicable
140675,ANES2024TimeSeries_20250808,PA,NA,20240812,172204,20240812,190225,.,20241202,135100,20241202,152557,-1. Inapplicable,-1. Inapplicable
140676,ANES2024TimeSeries_20250808,MD,NA,20241013,134258,20241013,145026,.,20241231,152028,20241231,162453,-1. Inapplicable,-1. Inapplicable
140677,ANES2024TimeSeries_20250808,OH,NA,20240819,173946,20240819,183839,.,20241121,090326,20241121,095630,-1. Inapplicable,-1. Inapplicable
140678,ANES2024TimeSeries_20250808,CA,NA,20240811,181318,20240811,204205,.,20241120,105409,20241120,105421,-1. Inapplicable,-1. Inapplicable
140679,ANES2024TimeSeries_20250808,TN,NA,20240914,152433,20240914,163559,.,20250211,133723,20250211,151017,-1. Inapplicable,-1. Inapplicable
140680,ANES2024TimeSeries_20250808,PA,NA,20241003,153233,20241003,170821,.,20241119,231749,20241119,231759,-1. Inapplicable,-1. Inapplicable
140682,ANES2024TimeSeries_20250808,NE,NA,20240809,133827,20240809,144018,.,20241124,125958,20241124,143739,-1. Inapplicable,-1. Inapplicable
140683,ANES2024TimeSeries_20250808,FL,NA,20240813,184445,20240813,221829,.,20241113,193027,20241113,193041,-1. Inapplicable,-1. Inapplicable
140685,ANES2024TimeSeries_20250808,VA,NA,20240809,174525,20240809,191933,.,20241120,171516,20241120,192059,-1. Inapplicable,-1. Inapplicable
140686,ANES2024TimeSeries_20250808,VA,NA,20240812,152207,20240812,161128,.,20241122,125441,20241122,133931,-1. Inapplicable,-1. Inapplicable
140688,ANES2024TimeSeries_20250808,PA,NA,20240812,181855,20240812,204807,.,20241120,062448,20241120,062515,-1. Inapplicable,-1. Inapplicable
140689,ANES2024TimeSeries_20250808,CA,NA,20240912,182205,20240912,193613,.,20241114,190835,20241114,190853,-1. Inapplicable,-1. Inapplicable
140690,ANES2024TimeSeries_20250808,MA,NA,20240816,122418,20240816,133640,.,20241126,131740,20241126,163208,-1. Inapplicable,-1. Inapplicable
140692,ANES2024TimeSeries_20250808,MN,NA,20240809,140004,20240813,192717,.,20241116,052339,20241116,052401,-1. Inapplicable,-1. Inapplicable
140694,ANES2024TimeSeries_20250808,TX,NA,20240814,065531,20240814,074952,.,20241118,113613,20241118,113622,-1. Inapplicable,-1. Inapplicable
140696,ANES2024TimeSeries_20250808,OR,NA,20240818,213605,20240818,223358,.,20241124,161951,20241124,171656,-1. Inapplicable,-1. Inapplicable
140697,ANES2024TimeSeries_20250808,GA,NA,20240901,184635,20240901,193105,.,20241128,114840,20241128,123107,-1. Inapplicable,-1. Inapplicable
140698,ANES2024TimeSeries_20250808,IN,NA,20240906,223217,20240906,232359,.,20241231,152819,20241231,162204,-1. Inapplicable,-1. Inapplicable
140699,ANES2024TimeSeries_20250808,PA,NA,20240813,172751,20240813,181235,.,20241125,104425,20241125,113227,-1. Inapplicable,-1. Inapplicable
140700,ANES2024TimeSeries_20250808,CA,NA,20240815,152918,20240815,175756,.,20241119,163603,20241119,163656,-1. Inapplicable,-1. Inapplicable
140701,ANES2024TimeSeries_20250808,PA,NA,20241103,125029,20241103,152635,.,20250215,145913,20250215,172826,-1. Inapplicable,-1. Inapplicable
140702,ANES2024TimeSeries_20250808,WV,NA,20240808,213518,20240808,222651,.,20241114,101955,20241114,102002,-1. Inapplicable,-1. Inapplicable
140703,ANES2024TimeSeries_20250808,NY,NA,20240820,174106,20240820,193319,.,20241204,211330,20241204,235616,-1. Inapplicable,-1. Inapplicable
140704,ANES2024TimeSeries_20250808,MD,NA,20240816,084140,20240816,093521,.,20241124,095907,20241124,104127,-1. Inapplicable,-1. Inapplicable
140706,ANES2024TimeSeries_20250808,FL,NA,20240816,151819,20240816,161904,.,20250201,201449,20250201,221400,-1. Inapplicable,-1. Inapplicable
140707,ANES2024TimeSeries_20250808,IN,NA,20240822,105735,20240822,125604,.,20241214,103059,20241214,114247,-1. Inapplicable,-1. Inapplicable
140708,ANES2024TimeSeries_20250808,VA,NA,20241010,135835,.,-1,.,20250102,125012,20250125,143247,-1. Inapplicable,-1. Inapplicable
140709,ANES2024TimeSeries_20250808,CA,NA,20240816,021443,20240816,031939,.,20241121,200647,20241121,210809,-1. Inapplicable,-1. Inapplicable
140710,ANES2024TimeSeries_20250808,TX,NA,20240816,122048,20240904,161309,.,.,NA,.,NA,-1. Inapplicable,-1. Inapplicable
140712,ANES2024TimeSeries_20250808,FL,NA,20240909,021452,20240909,031124,.,20241121,172835,20241121,182040,-1. Inapplicable,-1. Inapplicable
140713,ANES2024TimeSeries_20250808,FL,NA,20240816,120735,20240816,143846,.,20241118,211655,20241118,211708,-1. Inapplicable,-1. Inapplicable
140715,ANES2024TimeSeries_20250808,OR,NA,20240809,000639,20240809,021902,.,20241212,213455,20241212,231643,-1. Inapplicable,-1. Inapplicable
140716,ANES2024TimeSeries_20250808,CT,NA,20240925,100458,20240925,105029,.,20241114,094845,20241114,094858,-1. Inapplicable,-1. Inapplicable
140717,ANES2024TimeSeries_20250808,MI,NA,20240812,073411,20240812,083534,.,20241114,130934,20241114,130940,-1. Inapplicable,-1. Inapplicable
140718,ANES2024TimeSeries_20250808,CO,NA,20240907,094938,20240907,113756,.,20241230,205712,20241230,221214,-1. Inapplicable,-1. Inapplicable
140719,ANES2024TimeSeries_20250808,CO,NA,20240819,223310,20240820,010915,.,20241129,192912,20241129,202044,-1. Inapplicable,-1. Inapplicable
140720,ANES2024TimeSeries_20250808,NY,NA,20240826,141506,20240826,155016,.,20241121,222958,20241121,235100,-1. Inapplicable,-1. Inapplicable
140721,ANES2024TimeSeries_20250808,IL,NA,20240814,193612,20240814,202613,.,20241119,190240,20241119,190301,-1. Inapplicable,-1. Inapplicable
140724,ANES2024TimeSeries_20250808,TN,NA,20240816,161400,20240816,165504,.,20241118,121624,20241118,121630,-1. Inapplicable,-1. Inapplicable
140725,ANES2024TimeSeries_20250808,CA,NA,20240816,144418,20240816,173447,.,20241210,183530,20241210,205308,-1. Inapplicable,-1. Inapplicable
140726,ANES2024TimeSeries_20250808,LA,NA,20241022,102935,20241022,113102,.,20241126,093608,20241126,103352,-1. Inapplicable,-1. Inapplicable
140727,ANES2024TimeSeries_20250808,NY,NA,20240829,114849,20240829,122742,.,20241119,215629,20241119,215642,-1. Inapplicable,-1. Inapplicable
140728,ANES2024TimeSeries_20250808,CA,NA,20240822,212718,20240822,224924,.,20241123,170641,20241123,184851,-1. Inapplicable,-1. Inapplicable
140729,ANES2024TimeSeries_20250808,ND,NA,20240817,223930,20240818,004655,.,.,NA,.,NA,-1. Inapplicable,-1. Inapplicable
140730,ANES2024TimeSeries_20250808,KS,NA,20240813,160604,20240813,170313,.,20241122,164802,20241122,175051,-1. Inapplicable,-1. Inapplicable
140731,ANES2024TimeSeries_20250808,CA,NA,20241016,140707,20241016,145339,.,20241114,032340,20241114,032404,-1. Inapplicable,-1. Inapplicable
140732,ANES2024TimeSeries_20250808,NY,NA,20240919,180821,20240919,193457,.,20241128,192608,20241128,203234,-1. Inapplicable,-1. Inapplicable
140734,ANES2024TimeSeries_20250808,CO,NA,20240826,162630,20240826,170235,.,20241120,202613,20250117,114402,-1. Inapplicable,-1. Inapplicable
140736,ANES2024TimeSeries_20250808,MA,NA,20240811,160048,20240811,173636,.,20241114,102155,20241114,102210,-1. Inapplicable,-1. Inapplicable
140739,ANES2024TimeSeries_20250808,NC,NA,20240915,193346,20240915,202146,.,.,NA,.,NA,-1. Inapplicable,-1. Inapplicable
140740,ANES2024TimeSeries_20250808,GA,NA,20240813,222154,20240813,224749,.,20241113,222810,20241113,222815,-1. Inapplicable,-1. Inapplicable
140741,ANES2024TimeSeries_20250808,SC,NA,20240827,133104,20240924,165146,.,20241119,172920,20241119,172934,-1. Inapplicable,-1. Inapplicable
140742,ANES2024TimeSeries_20250808,OH,NA,20240906,090547,20240906,113141,.,20241208,112018,20241208,134718,-1. Inapplicable,-1. Inapplicable
140743,ANES2024TimeSeries_20250808,DE,NA,20240826,190532,20240826,201121,.,20241122,154519,20241220,173905,-1. Inapplicable,-1. Inapplicable
140744,ANES2024TimeSeries_20250808,IL,NA,20240818,133753,20240818,142005,.,20241205,201930,20241205,213036,-1. Inapplicable,-1. Inapplicable
140745,ANES2024TimeSeries_20250808,NY,NA,20240813,123448,20240813,131202,.,20241121,151304,20241121,182540,-1. Inapplicable,-1. Inapplicable
140746,ANES2024TimeSeries_20250808,VA,NA,20240814,193235,20240814,202759,.,20241116,152531,20241116,152538,-1. Inapplicable,-1. Inapplicable
140748,ANES2024TimeSeries_20250808,WI,NA,20240814,210952,20240814,221037,.,20241120,144820,20241120,144832,-1. Inapplicable,-1. Inapplicable
140749,ANES2024TimeSeries_20250808,NY,NA,20241103,175938,20241103,190402,.,20241230,162421,20241230,170704,-1. Inapplicable,-1. Inapplicable
140751,ANES2024TimeSeries_20250808,KY,NA,20240811,192307,20240811,194915,.,20241120,201648,20241120,204803,-1. Inapplicable,-1. Inapplicable
140752,ANES2024TimeSeries_20250808,NV,NA,20240808,212939,20240808,224634,.,20250117,104251,20250210,120840,-1. Inapplicable,-1. Inapplicable
140755,ANES2024TimeSeries_20250808,TX,NA,20240813,150009,20240813,163121,.,20241223,152810,20241228,134916,-1. Inapplicable,-1. Inapplicable
140756,ANES2024TimeSeries_20250808,OH,NA,20240815,201509,20240815,211556,.,20250116,212319,20250116,222305,-1. Inapplicable,-1. Inapplicable
140757,ANES2024TimeSeries_20250808,CA,NA,20240812,150130,20240815,174558,.,20241119,175258,20241119,175312,-1. Inapplicable,-1. Inapplicable
140759,ANES2024TimeSeries_20250808,TX,NA,20240815,152939,20240815,160715,.,20241114,132932,20241114,132941,-1. Inapplicable,-1. Inapplicable
140760,ANES2024TimeSeries_20250808,MI,NA,20240814,152204,20240814,180416,.,20241119,174151,20241119,174210,-1. Inapplicable,-1. Inapplicable
140761,ANES2024TimeSeries_20250808,VA,NA,20240915,000643,20240915,015754,.,20250202,155634,20250202,175902,-1. Inapplicable,-1. Inapplicable
140762,ANES2024TimeSeries_20250808,TX,NA,20240812,144555,20240812,152216,.,20241113,222137,20241113,222150,-1. Inapplicable,-1. Inapplicable
140766,ANES2024TimeSeries_20250808,CO,NA,20241027,110550,20241027,114120,.,20241225,164831,20241225,173004,-1. Inapplicable,-1. Inapplicable
140767,ANES2024TimeSeries_20250808,PA,NA,20240808,225428,20240809,004848,.,20241120,160221,20241120,160236,-1. Inapplicable,-1. Inapplicable
140769,ANES2024TimeSeries_20250808,TX,NA,20240917,190144,20240929,214720,.,20241113,221028,20241113,221050,-1. Inapplicable,-1. Inapplicable
140770,ANES2024TimeSeries_20250808,NC,NA,20241010,205709,20241010,223222,.,.,NA,.,NA,-1. Inapplicable,-1. Inapplicable
140771,ANES2024TimeSeries_20250808,MN,NA,20240810,102454,20240810,115002,.,20241119,095739,20241119,095755,-1. Inapplicable,-1. Inapplicable
140772,ANES2024TimeSeries_20250808,OR,NA,20240808,213038,20240808,224915,.,20241114,145959,20241114,150021,-1. Inapplicable,-1. Inapplicable
140773,ANES2024TimeSeries_20250808,MD,NA,20240819,092739,20240819,111214,.,20241126,125420,20241126,135858,-1. Inapplicable,-1. Inapplicable
140774,ANES2024TimeSeries_20250808,OH,NA,20240812,202839,20240812,223215,.,20241119,181158,20241119,181216,-1. Inapplicable,-1. Inapplicable
140775,ANES2024TimeSeries_20250808,NY,NA,20240813,103958,20240813,115512,.,20241121,213614,20241121,221857,-1. Inapplicable,-1. Inapplicable
140778,ANES2024TimeSeries_20250808,MN,NA,20241010,193126,20241010,211923,.,20241128,193812,20241128,213759,-1. Inapplicable,-1. Inapplicable
140779,ANES2024TimeSeries_20250808,IA,NA,20240808,220253,20240808,225311,.,20241118,181208,20241118,181220,-1. Inapplicable,-1. Inapplicable
140780,ANES2024TimeSeries_20250808,PA,NA,20240813,162013,20240813,173158,.,20241123,151747,20241125,210952,-1. Inapplicable,-1. Inapplicable
140781,ANES2024TimeSeries_20250808,NY,NA,20240821,174109,20240821,180847,.,20241210,180101,20241210,184230,-1. Inapplicable,-1. Inapplicable
140782,ANES2024TimeSeries_20250808,NY,NA,20240813,125307,20240813,133548,.,20241123,184255,20241123,192200,-1. Inapplicable,-1. Inapplicable
140784,ANES2024TimeSeries_20250808,IL,NA,20240815,102932,20240815,112729,.,20241119,182753,20241119,182803,-1. Inapplicable,-1. Inapplicable
140785,ANES2024TimeSeries_20250808,ID,NA,20240907,223425,20240907,235911,.,20241230,235136,20241231,091636,-1. Inapplicable,-1. Inapplicable
140786,ANES2024TimeSeries_20250808,ID,NA,20240826,202424,20240826,211244,.,20250116,154210,.,-1,-1. Inapplicable,-1. Inapplicable
140787,ANES2024TimeSeries_20250808,TX,NA,20240809,080546,20240809,091159,.,20241119,132956,20241119,133010,-1. Inapplicable,-1. Inapplicable
140788,ANES2024TimeSeries_20250808,MS,NA,20240813,133237,20240813,154543,.,20241119,192905,20241119,192911,-1. Inapplicable,-1. Inapplicable
140789,ANES2024TimeSeries_20250808,IL,NA,20240812,185701,20240812,212926,.,20241119,142437,20241119,142449,-1. Inapplicable,-1. Inapplicable
140790,ANES2024TimeSeries_20250808,IL,NA,20241009,233032,20241010,000727,.,20250204,205327,20250204,215646,-1. Inapplicable,-1. Inapplicable
140791,ANES2024TimeSeries_20250808,TX,NA,20240822,221755,20240822,231755,.,20241202,203218,20241202,213032,-1. Inapplicable,-1. Inapplicable
140792,ANES2024TimeSeries_20250808,NY,NA,20240826,122216,20241014,142825,.,20241118,133624,20241118,133646,-1. Inapplicable,-1. Inapplicable
140793,ANES2024TimeSeries_20250808,MA,NA,20241001,124338,20241001,134720,.,20241114,134725,20241114,134730,-1. Inapplicable,-1. Inapplicable
140794,ANES2024TimeSeries_20250808,MI,NA,20241026,205131,20241026,215515,.,20250131,220704,20250131,232048,-1. Inapplicable,-1. Inapplicable
140796,ANES2024TimeSeries_20250808,CA,NA,20240918,165413,20240918,175823,.,20241120,182950,20241120,193653,-1. Inapplicable,-1. Inapplicable
140797,ANES2024TimeSeries_20250808,AL,NA,20240819,191627,20240819,202058,.,20241226,184314,20241226,195839,-1. Inapplicable,-1. Inapplicable
140799,ANES2024TimeSeries_20250808,CT,NA,20240816,144756,20240816,161251,.,20241206,190532,20241206,201559,-1. Inapplicable,-1. Inapplicable
140800,ANES2024TimeSeries_20250808,SC,NA,20240812,171025,20240812,193317,.,20241116,214426,20241116,214448,-1. Inapplicable,-1. Inapplicable
140802,ANES2024TimeSeries_20250808,ID,NA,20240812,222011,20240812,230526,.,20241231,080359,20241231,085721,-1. Inapplicable,-1. Inapplicable
140803,ANES2024TimeSeries_20250808,AZ,NA,20240809,130504,20240809,134951,.,20241118,211343,20241118,211351,-1. Inapplicable,-1. Inapplicable
140804,ANES2024TimeSeries_20250808,GA,NA,20240904,191752,20240904,200944,.,20241127,084110,20241127,110214,-1. Inapplicable,-1. Inapplicable
140805,ANES2024TimeSeries_20250808,ND,NA,20240813,085357,20240816,155013,.,20241118,140526,20241118,140555,-1. Inapplicable,-1. Inapplicable
140806,ANES2024TimeSeries_20250808,CT,NA,20240813,181102,20240813,185607,.,20241114,102749,20241114,102812,-1. Inapplicable,-1. Inapplicable
140808,ANES2024TimeSeries_20250808,VA,NA,20240812,132722,20240812,162907,.,20241127,141005,20241127,161102,-1. Inapplicable,-1. Inapplicable
140809,ANES2024TimeSeries_20250808,CO,NA,20241012,143241,20241012,155650,.,20241119,123435,20241119,123504,-1. Inapplicable,-1. Inapplicable
140810,ANES2024TimeSeries_20250808,ND,NA,20240929,132139,20240929,151456,.,20241115,160859,20241115,160922,-1. Inapplicable,-1. Inapplicable
140811,ANES2024TimeSeries_20250808,MI,NA,20240905,083231,20240905,093819,.,20241231,104456,20241231,113613,-1. Inapplicable,-1. Inapplicable
140812,ANES2024TimeSeries_20250808,LA,NA,20240813,111305,20240813,135241,.,20241119,114053,20241119,114101,-1. Inapplicable,-1. Inapplicable
140813,ANES2024TimeSeries_20250808,TN,NA,20240920,155452,20240920,174213,.,20241126,153542,20250112,130858,-1. Inapplicable,-1. Inapplicable
140814,ANES2024TimeSeries_20250808,CA,NA,20240818,152718,20240818,163438,.,20241120,140045,20241120,140055,-1. Inapplicable,-1. Inapplicable
140815,ANES2024TimeSeries_20250808,MA,NA,20240819,213641,20240819,230545,.,20241121,142405,20241121,160520,-1. Inapplicable,-1. Inapplicable
140817,ANES2024TimeSeries_20250808,NE,NA,20240813,193403,20240813,201052,.,20250115,191545,20250115,194310,-1. Inapplicable,-1. Inapplicable
140818,ANES2024TimeSeries_20250808,AZ,NA,20240811,203125,20240811,212325,.,20241120,234255,20241121,004703,-1. Inapplicable,-1. Inapplicable
140820,ANES2024TimeSeries_20250808,TN,NA,20240819,154839,20240819,170036,.,20241118,160228,20241118,160246,-1. Inapplicable,-1. Inapplicable
140821,ANES2024TimeSeries_20250808,FL,NA,20240816,141326,20240816,145653,.,20241126,084302,20241126,094618,-1. Inapplicable,-1. Inapplicable
140822,ANES2024TimeSeries_20250808,CA,NA,20240809,061302,20241031,012540,.,20241114,010307,20241114,010342,-1. Inapplicable,-1. Inapplicable
140823,ANES2024TimeSeries_20250808,MI,NA,20240813,182418,20240813,193908,.,20241223,172045,20241223,192045,-1. Inapplicable,-1. Inapplicable
140824,ANES2024TimeSeries_20250808,MN,NA,20240813,170043,20240813,182956,.,20241115,093530,20241115,093547,-1. Inapplicable,-1. Inapplicable
140825,ANES2024TimeSeries_20250808,MI,NA,20240904,190136,20240904,203719,.,20250125,100913,20250125,112628,-1. Inapplicable,-1. Inapplicable
140826,ANES2024TimeSeries_20250808,NV,NA,20240814,143126,20240814,155259,.,20241122,193148,20241122,205530,-1. Inapplicable,-1. Inapplicable
140827,ANES2024TimeSeries_20250808,IL,NA,20241011,205817,20241011,214338,.,20241119,184200,20241119,184208,-1. Inapplicable,-1. Inapplicable
140828,ANES2024TimeSeries_20250808,NY,NA,20240816,190613,20241014,062657,.,20241223,054111,20241223,061506,-1. Inapplicable,-1. Inapplicable
140829,ANES2024TimeSeries_20250808,MI,NA,20240904,144440,20240904,154009,.,20241121,133033,20241121,143007,-1. Inapplicable,-1. Inapplicable
140830,ANES2024TimeSeries_20250808,TN,NA,20240819,185404,20240825,185521,.,20241123,102626,20250117,112319,-1. Inapplicable,-1. Inapplicable
140831,ANES2024TimeSeries_20250808,AL,NA,20240912,203913,20240912,222545,.,20250210,152824,20250210,170159,-1. Inapplicable,-1. Inapplicable
140832,ANES2024TimeSeries_20250808,NM,NA,20240812,230218,20241018,005706,.,20241118,195024,20241118,195034,-1. Inapplicable,-1. Inapplicable
140833,ANES2024TimeSeries_20250808,IL,NA,20240808,212417,20240808,221023,.,20241120,151140,20241120,151145,-1. Inapplicable,-1. Inapplicable
140834,ANES2024TimeSeries_20250808,WA,NA,20240813,221352,20240813,232021,.,20250211,211407,20250211,220731,-1. Inapplicable,-1. Inapplicable
140835,ANES2024TimeSeries_20250808,IN,NA,20240809,020105,20240809,031059,.,20241120,194905,20241120,210421,-1. Inapplicable,-1. Inapplicable
140836,ANES2024TimeSeries_20250808,OH,NA,20240902,134313,20240902,144144,.,20250131,191858,20250131,205156,-1. Inapplicable,-1. Inapplicable
140837,ANES2024TimeSeries_20250808,CA,NA,20240814,220601,20240814,233323,.,20241113,232645,20241113,232711,-1. Inapplicable,-1. Inapplicable
140838,ANES2024TimeSeries_20250808,KY,NA,20240814,225115,20240815,100459,.,20241124,202744,20241124,225826,-1. Inapplicable,-1. Inapplicable
140839,ANES2024TimeSeries_20250808,IL,NA,20240814,082810,20240814,091701,.,20241120,073101,20241120,073113,-1. Inapplicable,-1. Inapplicable
140840,ANES2024TimeSeries_20250808,VT,NA,20240814,034553,20240814,050152,.,20241201,055709,20241201,072239,-1. Inapplicable,-1. Inapplicable
140842,ANES2024TimeSeries_20250808,FL,NA,20240811,131032,20240811,141012,.,20241121,171522,20241121,181956,-1. Inapplicable,-1. Inapplicable
140843,ANES2024TimeSeries_20250808,WI,NA,20240821,154818,20240821,193232,.,20241114,112327,20241114,112400,-1. Inapplicable,-1. Inapplicable
140844,ANES2024TimeSeries_20250808,NC,NA,20240813,112732,20240813,124118,.,20250121,083512,20250121,111632,-1. Inapplicable,-1. Inapplicable
140845,ANES2024TimeSeries_20250808,AR,NA,20240813,140349,20240813,170433,.,20241127,230206,20241128,005956,-1. Inapplicable,-1. Inapplicable
140846,ANES2024TimeSeries_20250808,MO,NA,20240809,105600,20240809,121148,.,20241115,055418,20241115,055438,-1. Inapplicable,-1. Inapplicable
140847,ANES2024TimeSeries_20250808,AL,NA,20240921,134909,20240921,151548,.,20250122,124026,20250122,141046,-1. Inapplicable,-1. Inapplicable
140848,ANES2024TimeSeries_20250808,MS,NA,20240817,110409,20240817,122353,.,20241118,100208,20241118,100218,-1. Inapplicable,-1. Inapplicable
140849,ANES2024TimeSeries_20250808,PA,NA,20240808,213308,20240808,221524,.,20241127,134453,20241127,144420,-1. Inapplicable,-1. Inapplicable
140850,ANES2024TimeSeries_20250808,AL,NA,20240820,063016,20240820,074007,.,20241121,161447,20241121,174514,-1. Inapplicable,-1. Inapplicable
140851,ANES2024TimeSeries_20250808,CO,NA,20240814,105830,20240814,115256,.,20241119,134536,20241119,134550,-1. Inapplicable,-1. Inapplicable
140853,ANES2024TimeSeries_20250808,AR,NA,20240821,200358,20240821,222923,.,.,NA,.,NA,-1. Inapplicable,-1. Inapplicable
140854,ANES2024TimeSeries_20250808,WA,NA,20240816,133548,20240816,160811,.,20241207,131817,20241207,143810,-1. Inapplicable,-1. Inapplicable
140855,ANES2024TimeSeries_20250808,PA,NA,20240817,090632,20240817,122322,.,20241115,081502,20241115,081517,-1. Inapplicable,-1. Inapplicable
140857,ANES2024TimeSeries_20250808,FL,NA,20240813,183550,20240813,200619,.,20241125,104625,20241125,120944,-1. Inapplicable,-1. Inapplicable
140859,ANES2024TimeSeries_20250808,NY,NA,20240809,131309,20240809,140458,.,20241115,044735,20241115,044753,-1. Inapplicable,-1. Inapplicable
140861,ANES2024TimeSeries_20250808,FL,NA,20240812,161200,20240812,175703,.,20241119,145858,20241119,145938,-1. Inapplicable,-1. Inapplicable
140864,ANES2024TimeSeries_20250808,TX,NA,20240829,110133,20240829,121744,.,20241206,143232,20241206,153833,-1. Inapplicable,-1. Inapplicable
140865,ANES2024TimeSeries_20250808,FL,NA,20240814,201919,20240814,212541,.,20241114,121756,20241114,121805,-1. Inapplicable,-1. Inapplicable
140866,ANES2024TimeSeries_20250808,CA,NA,20240811,135853,20240811,144312,.,20241118,211450,20241118,211500,-1. Inapplicable,-1. Inapplicable
140867,ANES2024TimeSeries_20250808,ID,NA,20240821,231100,20240822,002208,.,20250124,195557,20250124,204644,-1. Inapplicable,-1. Inapplicable
140870,ANES2024TimeSeries_20250808,MN,NA,20240823,094426,20240823,111256,.,20241204,210356,20241204,215840,-1. Inapplicable,-1. Inapplicable
140871,ANES2024TimeSeries_20250808,MN,NA,20240814,220545,20240814,224118,.,20241121,083901,20241121,092305,-1. Inapplicable,-1. Inapplicable
140872,ANES2024TimeSeries_20250808,NC,NA,20241010,233514,20241011,163958,.,20241214,235425,20241215,004314,-1. Inapplicable,-1. Inapplicable
140873,ANES2024TimeSeries_20250808,SD,NA,20240831,203640,20240831,225423,.,20241122,104617,20241122,200519,-1. Inapplicable,-1. Inapplicable
140874,ANES2024TimeSeries_20250808,CT,NA,20240815,160443,20240815,170931,.,20241207,120403,20241207,130515,-1. Inapplicable,-1. Inapplicable
140875,ANES2024TimeSeries_20250808,AZ,NA,20240814,123206,20240814,134543,.,20241123,144604,20241123,162147,-1. Inapplicable,-1. Inapplicable
140876,ANES2024TimeSeries_20250808,CA,NA,20241011,095616,20241016,003141,.,20241206,115605,.,-1,-1. Inapplicable,-1. Inapplicable
140877,ANES2024TimeSeries_20250808,TX,NA,20240809,012507,20240809,020909,.,20241114,111012,20241114,111019,-1. Inapplicable,-1. Inapplicable
140878,ANES2024TimeSeries_20250808,VA,NA,20240819,235231,20240820,010436,.,20241225,000053,20241225,011447,-1. Inapplicable,-1. Inapplicable
140880,ANES2024TimeSeries_20250808,MN,NA,20240815,124706,20240815,153911,.,20241126,114730,20241126,132236,-1. Inapplicable,-1. Inapplicable
140881,ANES2024TimeSeries_20250808,WI,NA,20240820,201424,20240820,232850,.,20241118,220330,20241118,220421,-1. Inapplicable,-1. Inapplicable
140882,ANES2024TimeSeries_20250808,MI,NA,20240808,221213,20240808,232921,.,20241113,234229,20241113,234249,-1. Inapplicable,-1. Inapplicable
140883,ANES2024TimeSeries_20250808,MD,NA,20240827,124603,20240827,154436,.,20250211,170459,20250211,174856,-1. Inapplicable,-1. Inapplicable
140884,ANES2024TimeSeries_20250808,KS,NA,20240813,130255,20240813,155058,.,20241119,102025,20241119,102047,-1. Inapplicable,-1. Inapplicable
140885,ANES2024TimeSeries_20250808,NC,NA,20240831,135644,20240831,144715,.,20241220,164948,20241226,105934,-1. Inapplicable,-1. Inapplicable
140886,ANES2024TimeSeries_20250808,NJ,NA,20240901,105931,20240901,115318,.,20250215,223808,20250216,144314,-1. Inapplicable,-1. Inapplicable
140887,ANES2024TimeSeries_20250808,CO,NA,20240820,152329,20240820,165924,.,20250118,135520,20250118,143905,-1. Inapplicable,-1. Inapplicable
140888,ANES2024TimeSeries_20250808,CA,NA,20240812,173135,20240812,184003,.,20241115,121553,20241115,121606,-1. Inapplicable,-1. Inapplicable
140890,ANES2024TimeSeries_20250808,KS,NA,20240819,190808,20240820,000311,.,20241207,230000,20241228,230212,-1. Inapplicable,-1. Inapplicable
140891,ANES2024TimeSeries_20250808,DE,NA,20240813,102354,20240813,105109,.,20241122,125826,20241122,131714,-1. Inapplicable,-1. Inapplicable
140892,ANES2024TimeSeries_20250808,NM,NA,20240808,214735,20240808,223257,.,20241118,192836,20241118,192844,-1. Inapplicable,-1. Inapplicable
140893,ANES2024TimeSeries_20250808,AZ,NA,20241022,231750,20241023,004602,.,20250202,171939,20250202,183732,-1. Inapplicable,-1. Inapplicable
140894,ANES2024TimeSeries_20250808,IA,NA,20240813,230927,20241030,172801,.,20241124,210647,20241208,193304,-1. Inapplicable,-1. Inapplicable
140895,ANES2024TimeSeries_20250808,NC,NA,20240809,070209,20240809,143644,.,20241119,173857,20241119,173913,-1. Inapplicable,-1. Inapplicable
140899,ANES2024TimeSeries_20250808,FL,NA,20240813,113458,20240813,124423,.,20241114,104138,20241114,104202,-1. Inapplicable,-1. Inapplicable
140900,ANES2024TimeSeries_20250808,FL,NA,20241011,132140,20241011,141350,.,20241115,104901,20241115,104922,-1. Inapplicable,-1. Inapplicable
140901,ANES2024TimeSeries_20250808,UT,NA,20240812,192610,20240812,213315,.,20241114,151356,20241114,151412,-1. Inapplicable,-1. Inapplicable
140902,ANES2024TimeSeries_20250808,OH,NA,20240818,084048,20240818,104534,.,20241201,100605,20241201,120713,-1. Inapplicable,-1. Inapplicable
140903,ANES2024TimeSeries_20250808,MN,NA,20241028,122011,20241028,135244,.,20250128,123713,20250128,134226,-1. Inapplicable,-1. Inapplicable
140904,ANES2024TimeSeries_20250808,TX,NA,20240902,163331,20240902,171555,.,20250119,141853,20250119,144935,-1. Inapplicable,-1. Inapplicable
140905,ANES2024TimeSeries_20250808,IL,NA,20240809,173328,20240910,160810,.,20241114,222854,20241114,222903,-1. Inapplicable,-1. Inapplicable
140906,ANES2024TimeSeries_20250808,IL,NA,20240810,103130,20240930,111539,.,20241120,031701,20241120,031714,-1. Inapplicable,-1. Inapplicable
140907,ANES2024TimeSeries_20250808,IL,NA,20240813,163046,20240813,175400,.,20241120,174322,20241120,193944,-1. Inapplicable,-1. Inapplicable
140908,ANES2024TimeSeries_20250808,TX,NA,20240824,191903,20240824,211029,.,20241120,171827,20241120,201120,-1. Inapplicable,-1. Inapplicable
140909,ANES2024TimeSeries_20250808,LA,NA,20240822,202853,20240822,213106,.,.,NA,.,NA,-1. Inapplicable,-1. Inapplicable
140910,ANES2024TimeSeries_20250808,IL,NA,20240809,100448,20240813,101632,.,20241114,143610,20241114,143625,-1. Inapplicable,-1. Inapplicable
140911,ANES2024TimeSeries_20250808,FL,NA,20240909,114605,20240909,134442,.,20250116,081058,.,-1,-1. Inapplicable,-1. Inapplicable
140912,ANES2024TimeSeries_20250808,TX,NA,20240812,122220,20240812,164642,.,20241114,093252,20241114,093315,-1. Inapplicable,-1. Inapplicable
140914,ANES2024TimeSeries_20250808,KS,NA,20240916,100035,20241010,161802,.,20241119,201049,20241119,201127,-1. Inapplicable,-1. Inapplicable
140915,ANES2024TimeSeries_20250808,OH,NA,20240822,114051,20240822,122948,.,20241127,191259,20241127,200126,-1. Inapplicable,-1. Inapplicable
140916,ANES2024TimeSeries_20250808,IL,NA,20240906,210556,20240906,222347,.,20241120,180658,20241120,194251,-1. Inapplicable,-1. Inapplicable
140917,ANES2024TimeSeries_20250808,VA,NA,20240903,142002,20241015,161445,.,20241227,120125,.,-1,-1. Inapplicable,-1. Inapplicable
140918,ANES2024TimeSeries_20250808,TX,NA,20240930,093415,20240930,104327,.,20241126,094251,20241126,103514,-1. Inapplicable,-1. Inapplicable
140919,ANES2024TimeSeries_20250808,MS,NA,20241011,184702,20241012,114427,.,20241121,121747,20241121,211742,-1. Inapplicable,-1. Inapplicable
140921,ANES2024TimeSeries_20250808,IN,NA,20240820,160832,20240820,200107,.,20241206,144538,20241206,162841,-1. Inapplicable,-1. Inapplicable
140922,ANES2024TimeSeries_20250808,MA,NA,20240815,175416,20240815,183916,.,20241126,182143,20241126,191214,-1. Inapplicable,-1. Inapplicable
140923,ANES2024TimeSeries_20250808,MO,NA,20240905,203716,20240905,215015,.,20241220,201526,20241220,213151,-1. Inapplicable,-1. Inapplicable
140924,ANES2024TimeSeries_20250808,CA,NA,20241010,232930,20241011,005313,.,20250116,213644,20250116,224314,-1. Inapplicable,-1. Inapplicable
140925,ANES2024TimeSeries_20250808,AR,NA,20240809,135018,20240810,185717,.,20241119,180419,20241119,180432,-1. Inapplicable,-1. Inapplicable
140926,ANES2024TimeSeries_20250808,OH,NA,20240815,150226,20240815,155313,.,20241114,180755,20241114,180809,-1. Inapplicable,-1. Inapplicable
140927,ANES2024TimeSeries_20250808,TN,NA,20240825,171619,20240901,014850,.,20250202,004933,20250202,014957,-1. Inapplicable,-1. Inapplicable
140928,ANES2024TimeSeries_20250808,CT,NA,20240808,235904,20240809,001351,.,20241203,134111,20241203,135417,-1. Inapplicable,-1. Inapplicable
140929,ANES2024TimeSeries_20250808,LA,NA,20240816,141314,20240816,163053,.,20241120,154132,20241120,154138,-1. Inapplicable,-1. Inapplicable
140930,ANES2024TimeSeries_20250808,TX,NA,20240815,194315,20240815,211000,.,20241119,160904,20241119,160913,-1. Inapplicable,-1. Inapplicable
140931,ANES2024TimeSeries_20250808,NM,NA,20240816,155047,20240816,162848,.,20241126,172537,20241126,180802,-1. Inapplicable,-1. Inapplicable
140932,ANES2024TimeSeries_20250808,AL,NA,20240809,073154,20240809,082645,.,20241113,211259,20241113,211411,-1. Inapplicable,-1. Inapplicable
140933,ANES2024TimeSeries_20250808,NY,NA,20240808,214810,20240824,144940,.,20241113,222656,20241113,222706,-1. Inapplicable,-1. Inapplicable
140934,ANES2024TimeSeries_20250808,LA,NA,20240809,135751,20240809,155315,.,20241205,085430,20241205,095840,-1. Inapplicable,-1. Inapplicable
140935,ANES2024TimeSeries_20250808,WI,NA,20241028,100528,20241028,110616,.,20250201,112235,20250201,121611,-1. Inapplicable,-1. Inapplicable
140936,ANES2024TimeSeries_20250808,CA,NA,20240808,213744,20240808,222421,.,20241118,195920,20241118,195946,-1. Inapplicable,-1. Inapplicable
140937,ANES2024TimeSeries_20250808,UT,NA,20240809,134307,20240809,194012,.,20241114,190336,20241114,190359,-1. Inapplicable,-1. Inapplicable
140938,ANES2024TimeSeries_20250808,IN,NA,20240815,142247,20240815,151338,.,20241209,132948,20241209,142504,-1. Inapplicable,-1. Inapplicable
140939,ANES2024TimeSeries_20250808,NY,NA,20240910,121021,20240921,121001,.,20241128,222941,20241208,002346,-1. Inapplicable,-1. Inapplicable
140940,ANES2024TimeSeries_20250808,NJ,NA,20240822,160950,20240822,175003,.,20241202,162014,20241206,173522,-1. Inapplicable,-1. Inapplicable
140942,ANES2024TimeSeries_20250808,NM,NA,20240813,172517,20240813,185401,.,20241119,160708,20241119,160732,-1. Inapplicable,-1. Inapplicable
140943,ANES2024TimeSeries_20250808,VA,NA,20240816,165406,20240817,082321,.,.,NA,.,NA,-1. Inapplicable,-1. Inapplicable
140944,ANES2024TimeSeries_20250808,CA,NA,20240809,184835,20240809,191924,.,20241120,183434,20241120,191110,-1. Inapplicable,-1. Inapplicable
140945,ANES2024TimeSeries_20250808,CA,NA,20241018,135046,20241018,153436,.,20241118,200927,20241118,200942,-1. Inapplicable,-1. Inapplicable
140948,ANES2024TimeSeries_20250808,IN,NA,20240820,000253,20240918,134019,.,20241120,102700,20241120,102711,-1. Inapplicable,-1. Inapplicable
140949,ANES2024TimeSeries_20250808,CA,NA,20240812,184800,20240812,214703,.,20241116,214417,20241116,214429,-1. Inapplicable,-1. Inapplicable
140950,ANES2024TimeSeries_20250808,AR,NA,20240814,191348,20240814,195521,.,20250117,105742,20250117,114107,-1. Inapplicable,-1. Inapplicable
140951,ANES2024TimeSeries_20250808,NC,NA,20240823,140808,20240823,144422,.,.,NA,.,NA,-1. Inapplicable,-1. Inapplicable
140952,ANES2024TimeSeries_20250808,AZ,NA,20241010,141521,20241010,163046,.,20250205,084842,20250205,103845,-1. Inapplicable,-1. Inapplicable
140954,ANES2024TimeSeries_20250808,IL,NA,20241030,164055,20241030,175844,.,.,NA,.,NA,-1. Inapplicable,-1. Inapplicable
140956,ANES2024TimeSeries_20250808,FL,NA,20240817,081256,20240817,094159,.,.,NA,.,NA,-1. Inapplicable,-1. Inapplicable
140957,ANES2024TimeSeries_20250808,WI,NA,20240814,190904,20240902,105423,.,20241124,162515,20241124,170702,-1. Inapplicable,-1. Inapplicable
140958,ANES2024TimeSeries_20250808,WY,NA,20240819,151848,20240819,183129,.,20241124,204112,20241124,223742,-1. Inapplicable,-1. Inapplicable
140959,ANES2024TimeSeries_20250808,CT,NA,20241101,181910,20241101,185503,.,20250120,170326,20250120,174510,-1. Inapplicable,-1. Inapplicable
140960,ANES2024TimeSeries_20250808,NJ,NA,20241015,214917,20241015,224831,.,20241207,120025,20250107,231452,-1. Inapplicable,-1. Inapplicable
140961,ANES2024TimeSeries_20250808,WI,NA,20240819,105835,20240819,134713,.,20241118,193211,20241118,193236,-1. Inapplicable,-1. Inapplicable
140962,ANES2024TimeSeries_20250808,KY,NA,20241001,091113,20241001,093705,.,20241114,125805,20241114,125812,-1. Inapplicable,-1. Inapplicable
140963,ANES2024TimeSeries_20250808,KY,NA,20240826,184119,20240826,221042,.,20241228,171209,20241228,231156,-1. Inapplicable,-1. Inapplicable
140964,ANES2024TimeSeries_20250808,TX,NA,20240814,205707,20240814,224030,.,20241114,160234,20241114,160251,-1. Inapplicable,-1. Inapplicable
140965,ANES2024TimeSeries_20250808,CO,NA,20240817,224632,20240817,231410,.,20241124,122521,20241124,125848,-1. Inapplicable,-1. Inapplicable
140967,ANES2024TimeSeries_20250808,TN,NA,20240903,170326,20240903,182142,.,20241201,083507,20250201,113055,-1. Inapplicable,-1. Inapplicable
140968,ANES2024TimeSeries_20250808,FL,NA,20240814,115005,20240814,231346,.,20241208,142128,20241230,153100,-1. Inapplicable,-1. Inapplicable
140969,ANES2024TimeSeries_20250808,AZ,NA,20240814,145922,20240814,160849,.,20241222,141308,20241222,151028,-1. Inapplicable,-1. Inapplicable
140970,ANES2024TimeSeries_20250808,KY,NA,20241009,134633,20241009,171722,.,20250117,110251,20250117,125916,-1. Inapplicable,-1. Inapplicable
140971,ANES2024TimeSeries_20250808,ME,NA,20240809,001504,20240809,005907,.,20241113,192820,20241113,192837,-1. Inapplicable,-1. Inapplicable
140973,ANES2024TimeSeries_20250808,TX,NA,20240819,120112,20240819,130814,.,20250128,122852,20250128,140313,-1. Inapplicable,-1. Inapplicable
140974,ANES2024TimeSeries_20250808,WY,NA,20241024,100915,20241026,100418,.,.,NA,.,NA,-1. Inapplicable,-1. Inapplicable
140975,ANES2024TimeSeries_20250808,IN,NA,20240814,105008,20240814,121818,.,20250119,120215,20250119,133612,-1. Inapplicable,-1. Inapplicable
140977,ANES2024TimeSeries_20250808,NJ,NA,20240821,105443,20240821,114039,.,20241114,190610,20241114,190625,-1. Inapplicable,-1. Inapplicable
140978,ANES2024TimeSeries_20250808,NY,NA,20240809,062940,20240809,072721,.,20241114,071139,20241114,072129,-1. Inapplicable,-1. Inapplicable
140979,ANES2024TimeSeries_20250808,PA,NA,20240821,135212,20240821,145107,.,20241122,121150,20241122,131547,-1. Inapplicable,-1. Inapplicable
140980,ANES2024TimeSeries_20250808,CA,NA,20240814,191637,20240814,200755,.,20241119,090936,20241119,090947,-1. Inapplicable,-1. Inapplicable
140981,ANES2024TimeSeries_20250808,ID,NA,20240815,232357,20240816,002303,.,20241121,201121,20241121,205058,-1. Inapplicable,-1. Inapplicable
140982,ANES2024TimeSeries_20250808,CA,NA,20240821,153554,20240821,163159,.,20241123,135339,20241123,145233,-1. Inapplicable,-1. Inapplicable
140984,ANES2024TimeSeries_20250808,NC,NA,20240904,084242,20240904,093944,.,.,NA,.,NA,-1. Inapplicable,-1. Inapplicable
140985,ANES2024TimeSeries_20250808,TX,NA,20240821,130333,20240821,140649,.,20250122,192300,20250122,203754,-1. Inapplicable,-1. Inapplicable
140986,ANES2024TimeSeries_20250808,LA,NA,20241010,142059,20241010,153906,.,20241126,135025,20241126,152816,-1. Inapplicable,-1. Inapplicable
140988,ANES2024TimeSeries_20250808,PA,NA,20240812,183817,20240812,193355,.,20241218,193332,20241218,202504,-1. Inapplicable,-1. Inapplicable
140989,ANES2024TimeSeries_20250808,CA,NA,20241009,150813,20241009,154820,.,20241126,192750,20241126,200650,-1. Inapplicable,-1. Inapplicable
140990,ANES2024TimeSeries_20250808,IN,NA,20241012,185547,20241012,200436,.,20241130,090414,20241130,104840,-1. Inapplicable,-1. Inapplicable
140991,ANES2024TimeSeries_20250808,TN,NA,20241025,221229,20241025,232804,.,20241124,153603,20241124,162142,-1. Inapplicable,-1. Inapplicable
140992,ANES2024TimeSeries_20250808,NC,NA,20240817,085003,20240817,092223,.,20241120,185241,20241120,192637,-1. Inapplicable,-1. Inapplicable
140993,ANES2024TimeSeries_20250808,CO,NA,20240818,190255,20240929,150628,.,20241114,151545,20241114,151550,-1. Inapplicable,-1. Inapplicable
140994,ANES2024TimeSeries_20250808,OH,NA,20240815,102847,20240919,144446,.,20241121,153037,20241121,180031,-1. Inapplicable,-1. Inapplicable
140995,ANES2024TimeSeries_20250808,OH,NA,20240820,202933,20240820,220247,.,20241129,150745,20241129,161032,-1. Inapplicable,-1. Inapplicable
140997,ANES2024TimeSeries_20250808,FL,NA,20241024,090458,20241024,103207,.,20250209,155642,20250209,171414,-1. Inapplicable,-1. Inapplicable
140999,ANES2024TimeSeries_20250808,KY,NA,20240812,200208,20240812,203454,.,20241118,154424,20241118,154441,-1. Inapplicable,-1. Inapplicable
141000,ANES2024TimeSeries_20250808,MA,NA,20240821,000523,20240821,010124,.,20241119,115658,20241119,115712,-1. Inapplicable,-1. Inapplicable
141001,ANES2024TimeSeries_20250808,PA,NA,20241017,143533,20241017,220909,.,20241227,012727,20241227,041638,-1. Inapplicable,-1. Inapplicable
141003,ANES2024TimeSeries_20250808,TX,NA,20240826,192311,20241103,144931,.,20241118,154729,20241125,170434,-1. Inapplicable,-1. Inapplicable
141005,ANES2024TimeSeries_20250808,AL,NA,20240816,112657,20240816,124314,.,20241120,131423,20241120,131455,-1. Inapplicable,-1. Inapplicable
141006,ANES2024TimeSeries_20250808,MD,NA,20240810,134621,20240810,152916,.,20241120,153004,20241120,153017,-1. Inapplicable,-1. Inapplicable
141007,ANES2024TimeSeries_20250808,TX,NA,20241103,115121,20241103,124705,.,20250115,200159,20250115,211016,-1. Inapplicable,-1. Inapplicable
141008,ANES2024TimeSeries_20250808,MO,NA,20240813,231123,20240814,231400,.,20241120,123930,20241120,123937,-1. Inapplicable,-1. Inapplicable
141009,ANES2024TimeSeries_20250808,CA,NA,20240820,115424,20240821,200148,.,20241118,201250,20241118,201303,-1. Inapplicable,-1. Inapplicable
141011,ANES2024TimeSeries_20250808,FL,NA,20240815,090856,20240815,111538,.,20241123,081734,20241123,101615,-1. Inapplicable,-1. Inapplicable
141012,ANES2024TimeSeries_20250808,NV,NA,20240820,025314,20241003,195057,.,20241115,054831,20241115,054844,-1. Inapplicable,-1. Inapplicable
141014,ANES2024TimeSeries_20250808,MA,NA,20240812,220641,20240812,231357,.,20241226,111550,20241226,121520,-1. Inapplicable,-1. Inapplicable
141016,ANES2024TimeSeries_20250808,CA,NA,20240810,210213,20240810,223011,.,20241122,012442,20241122,022031,-1. Inapplicable,-1. Inapplicable
141017,ANES2024TimeSeries_20250808,TX,NA,20240813,190332,20240813,193636,.,20241125,111213,20241224,174056,-1. Inapplicable,-1. Inapplicable
141018,ANES2024TimeSeries_20250808,WI,NA,20240811,181404,20240811,195245,.,20241115,115129,20241115,115149,-1. Inapplicable,-1. Inapplicable
141019,ANES2024TimeSeries_20250808,CA,NA,20240812,200602,20240812,230156,.,20241117,214400,20241117,214406,-1. Inapplicable,-1. Inapplicable
141021,ANES2024TimeSeries_20250808,MI,NA,20240811,182706,20240811,191532,.,20241203,190955,20241203,202532,-1. Inapplicable,-1. Inapplicable
141023,ANES2024TimeSeries_20250808,MA,NA,20240815,161647,20240815,180754,.,20241114,165329,20241114,165347,-1. Inapplicable,-1. Inapplicable
141024,ANES2024TimeSeries_20250808,VA,NA,20240817,102129,20240817,203335,.,20250125,080925,20250125,093041,-1. Inapplicable,-1. Inapplicable
141026,ANES2024TimeSeries_20250808,TN,NA,20241010,165316,20241010,180456,.,20241120,141059,20241120,141120,-1. Inapplicable,-1. Inapplicable
141027,ANES2024TimeSeries_20250808,OH,NA,20240919,115924,20240919,130039,.,20241202,143011,20241202,154125,-1. Inapplicable,-1. Inapplicable
141028,ANES2024TimeSeries_20250808,OH,NA,20240814,152446,20240814,164834,.,20241114,024734,20241114,024808,-1. Inapplicable,-1. Inapplicable
141029,ANES2024TimeSeries_20250808,CA,NA,20240808,231921,20240809,001812,.,20241114,144454,20241114,144500,-1. Inapplicable,-1. Inapplicable
141030,ANES2024TimeSeries_20250808,TX,NA,20240812,204522,20240812,214228,.,20241118,211526,20241118,211544,-1. Inapplicable,-1. Inapplicable
141031,ANES2024TimeSeries_20250808,CA,NA,20240817,170747,20240817,184049,.,20241120,151958,20241120,152012,-1. Inapplicable,-1. Inapplicable
141032,ANES2024TimeSeries_20250808,PA,NA,20241012,204834,20241012,222204,.,20241202,110201,20241202,123737,-1. Inapplicable,-1. Inapplicable
141033,ANES2024TimeSeries_20250808,MD,NA,20240809,100131,20240809,104956,.,20241118,145203,20241118,145227,-1. Inapplicable,-1. Inapplicable
141034,ANES2024TimeSeries_20250808,IL,NA,20240811,195346,20240811,204909,.,20241117,165209,20241117,165219,-1. Inapplicable,-1. Inapplicable
141035,ANES2024TimeSeries_20250808,OH,NA,20241104,225001,20241104,233631,.,20250208,105031,20250208,113516,-1. Inapplicable,-1. Inapplicable
141038,ANES2024TimeSeries_20250808,GA,NA,20240823,201029,20240823,205439,.,20241119,204319,20241119,204326,-1. Inapplicable,-1. Inapplicable
141039,ANES2024TimeSeries_20250808,MI,NA,20240820,131648,20240820,144629,.,20241211,085104,20241211,102525,-1. Inapplicable,-1. Inapplicable
141040,ANES2024TimeSeries_20250808,FL,NA,20241009,191714,20241009,201823,.,20241121,201010,20241121,210300,-1. Inapplicable,-1. Inapplicable
141041,ANES2024TimeSeries_20250808,CA,NA,20240815,135740,20241011,221329,.,20241113,222133,20241113,222143,-1. Inapplicable,-1. Inapplicable
141042,ANES2024TimeSeries_20250808,FL,NA,20240902,190040,20240902,204300,.,20241124,175813,20241124,195639,-1. Inapplicable,-1. Inapplicable
141043,ANES2024TimeSeries_20250808,MD,NA,20240809,080046,20240809,103830,.,20241207,105048,20241207,130723,-1. Inapplicable,-1. Inapplicable
141045,ANES2024TimeSeries_20250808,TX,NA,20240819,123007,20240819,131814,.,20241118,162839,20241118,162900,-1. Inapplicable,-1. Inapplicable
141046,ANES2024TimeSeries_20250808,TX,NA,20240903,201406,20240903,211619,.,.,NA,.,NA,-1. Inapplicable,-1. Inapplicable
141047,ANES2024TimeSeries_20250808,ID,NA,20240810,123350,20240810,130941,.,20241120,224111,20241120,232314,-1. Inapplicable,-1. Inapplicable
141049,ANES2024TimeSeries_20250808,NM,NA,20240817,210940,20240817,220652,.,20241120,201012,20241120,212130,-1. Inapplicable,-1. Inapplicable
141051,ANES2024TimeSeries_20250808,ND,NA,20240809,150522,20240809,160840,.,20241114,170219,20241114,171716,-1. Inapplicable,-1. Inapplicable
141053,ANES2024TimeSeries_20250808,WA,NA,20240812,115329,20240812,125836,.,20241126,111000,20241126,114956,-1. Inapplicable,-1. Inapplicable
141054,ANES2024TimeSeries_20250808,NH,NA,20240812,161427,20240812,172706,.,20241121,111031,20241121,124124,-1. Inapplicable,-1. Inapplicable
141055,ANES2024TimeSeries_20250808,CA,NA,20240819,014112,20240819,020835,.,20241114,111002,20241114,111008,-1. Inapplicable,-1. Inapplicable
141056,ANES2024TimeSeries_20250808,CA,NA,20240813,010053,20240813,024431,.,20250122,024520,20250122,041644,-1. Inapplicable,-1. Inapplicable
141057,ANES2024TimeSeries_20250808,IL,NA,20240815,123113,20240815,133410,.,20241120,133819,20241120,133835,-1. Inapplicable,-1. Inapplicable
141058,ANES2024TimeSeries_20250808,WI,NA,20240810,101320,20240810,121311,.,20241114,103537,20241114,103557,-1. Inapplicable,-1. Inapplicable
141059,ANES2024TimeSeries_20250808,NM,NA,20240817,183443,20240817,193009,.,20241114,144027,20241114,144036,-1. Inapplicable,-1. Inapplicable
141060,ANES2024TimeSeries_20250808,NH,NA,20240808,231608,20240808,234828,.,20241113,222032,20241113,222048,-1. Inapplicable,-1. Inapplicable
141061,ANES2024TimeSeries_20250808,NH,NA,20240811,081602,20240811,090658,.,20241114,165107,20241114,165117,-1. Inapplicable,-1. Inapplicable
141062,ANES2024TimeSeries_20250808,CA,NA,20240815,174330,20240815,194318,.,20241130,173945,20241130,194311,-1. Inapplicable,-1. Inapplicable
141063,ANES2024TimeSeries_20250808,FL,NA,20240826,201857,20240826,213926,.,20241123,164454,20241123,173657,-1. Inapplicable,-1. Inapplicable
141064,ANES2024TimeSeries_20250808,NY,NA,20240920,110911,20240920,124747,.,20241118,140207,20241118,140218,-1. Inapplicable,-1. Inapplicable
141065,ANES2024TimeSeries_20250808,IN,NA,20240816,145123,20240816,164847,.,20241119,114507,20241119,114537,-1. Inapplicable,-1. Inapplicable
141067,ANES2024TimeSeries_20250808,TX,NA,20240813,091200,20240813,100157,.,20250117,110202,20250117,113410,-1. Inapplicable,-1. Inapplicable
141068,ANES2024TimeSeries_20250808,NY,NA,20240813,090611,20240813,110716,.,20241114,080540,20241114,100438,-1. Inapplicable,-1. Inapplicable
141069,ANES2024TimeSeries_20250808,IN,NA,20240812,162329,20240814,091431,.,20241120,204225,20241206,204359,-1. Inapplicable,-1. Inapplicable
141070,ANES2024TimeSeries_20250808,CT,NA,20240814,101914,20240814,121535,.,20241201,202645,20241201,222737,-1. Inapplicable,-1. Inapplicable
141071,ANES2024TimeSeries_20250808,VT,NA,20240809,132506,20240809,141114,.,20241113,203905,20241113,203913,-1. Inapplicable,-1. Inapplicable
141072,ANES2024TimeSeries_20250808,FL,NA,20241030,120431,20241030,124321,.,20241124,120448,20241124,124008,-1. Inapplicable,-1. Inapplicable
141074,ANES2024TimeSeries_20250808,GA,NA,20240827,211853,20240828,010849,.,20250114,145357,20250122,162848,-1. Inapplicable,-1. Inapplicable
141075,ANES2024TimeSeries_20250808,PA,NA,20241020,151244,20241020,172033,.,20241206,095123,20241206,114159,-1. Inapplicable,-1. Inapplicable
141076,ANES2024TimeSeries_20250808,CA,NA,20241104,120902,20241104,140810,.,20241118,232155,20241118,232224,-1. Inapplicable,-1. Inapplicable
141077,ANES2024TimeSeries_20250808,KY,NA,20241003,000716,20241003,011917,.,20241204,215525,20241204,225410,-1. Inapplicable,-1. Inapplicable
141078,ANES2024TimeSeries_20250808,MN,NA,20240831,165706,20240831,180344,.,20241127,113647,20241127,124727,-1. Inapplicable,-1. Inapplicable
141079,ANES2024TimeSeries_20250808,MI,NA,20241101,111209,20241101,180555,.,.,NA,.,NA,-1. Inapplicable,-1. Inapplicable
141080,ANES2024TimeSeries_20250808,MD,NA,20240821,163140,20240911,222830,.,20241120,143420,20241120,143425,-1. Inapplicable,-1. Inapplicable
141081,ANES2024TimeSeries_20250808,IL,NA,20240812,210725,20240812,224950,.,20241206,214732,.,-1,-1. Inapplicable,-1. Inapplicable
141082,ANES2024TimeSeries_20250808,AK,NA,20241015,005103,20241015,015228,.,20241130,114726,20241130,165705,-1. Inapplicable,-1. Inapplicable
141083,ANES2024TimeSeries_20250808,FL,NA,20241003,154619,.,-1,.,20250203,071712,20250203,082925,-1. Inapplicable,-1. Inapplicable
141084,ANES2024TimeSeries_20250808,MD,NA,20240812,121739,20240812,132742,.,20250114,172602,20250114,185237,-1. Inapplicable,-1. Inapplicable
141085,ANES2024TimeSeries_20250808,TX,NA,20240817,140109,20240817,151953,.,20241115,154620,20241115,154641,-1. Inapplicable,-1. Inapplicable
141086,ANES2024TimeSeries_20250808,VA,NA,20240816,151348,20240816,163851,.,20241118,190652,20241118,190703,-1. Inapplicable,-1. Inapplicable
141087,ANES2024TimeSeries_20250808,KS,NA,20241012,195747,20241012,224017,.,20241125,173523,20241125,185030,-1. Inapplicable,-1. Inapplicable
141088,ANES2024TimeSeries_20250808,IN,NA,20240905,210053,20240905,230254,.,20241201,192613,20241201,211047,-1. Inapplicable,-1. Inapplicable
141089,ANES2024TimeSeries_20250808,KY,NA,20240824,125558,20240824,140334,.,20241122,134635,20241122,164302,-1. Inapplicable,-1. Inapplicable
141090,ANES2024TimeSeries_20250808,MI,NA,20240813,021550,20240813,025837,.,20241119,101919,20241119,101932,-1. Inapplicable,-1. Inapplicable
141091,ANES2024TimeSeries_20250808,TX,NA,20240819,222534,20240820,003439,.,20250101,161726,20250101,172437,-1. Inapplicable,-1. Inapplicable
141093,ANES2024TimeSeries_20250808,NE,NA,20240814,223933,20240815,002401,.,20241126,123107,20241202,150313,-1. Inapplicable,-1. Inapplicable
141094,ANES2024TimeSeries_20250808,GA,NA,20240827,184342,20240827,201612,.,.,NA,.,NA,-1. Inapplicable,-1. Inapplicable
141096,ANES2024TimeSeries_20250808,GA,NA,20240811,140210,20240811,151727,.,20241204,181921,20241204,192632,-1. Inapplicable,-1. Inapplicable
141097,ANES2024TimeSeries_20250808,MI,NA,20240818,112213,20240818,124706,.,20241202,112108,20241202,124912,-1. Inapplicable,-1. Inapplicable
141098,ANES2024TimeSeries_20250808,NY,NA,20240812,201922,20240812,211638,.,20241118,163643,20241118,163656,-1. Inapplicable,-1. Inapplicable
141099,ANES2024TimeSeries_20250808,CA,NA,20240813,153831,20240813,161019,.,20241114,003756,20241114,003830,-1. Inapplicable,-1. Inapplicable
141100,ANES2024TimeSeries_20250808,TX,NA,20241103,154505,20241103,171317,.,20241230,165007,20241230,184652,-1. Inapplicable,-1. Inapplicable
141101,ANES2024TimeSeries_20250808,MI,NA,20240813,182339,20240813,214018,.,20241202,101452,20241202,125651,-1. Inapplicable,-1. Inapplicable
141102,ANES2024TimeSeries_20250808,OH,NA,20240814,100554,20240822,195036,.,20241122,145047,20241122,182106,-1. Inapplicable,-1. Inapplicable
141103,ANES2024TimeSeries_20250808,MO,NA,20241018,102751,20241018,114646,.,.,NA,.,NA,-1. Inapplicable,-1. Inapplicable
141104,ANES2024TimeSeries_20250808,OK,NA,20240812,175819,20240812,183753,.,20241125,220619,20241125,230000,-1. Inapplicable,-1. Inapplicable
141105,ANES2024TimeSeries_20250808,CA,NA,20240813,130722,20240813,143302,.,20241204,194358,20241204,205023,-1. Inapplicable,-1. Inapplicable
141106,ANES2024TimeSeries_20250808,LA,NA,20240930,145516,20241001,121501,.,20241113,215215,20241113,215251,-1. Inapplicable,-1. Inapplicable
141107,ANES2024TimeSeries_20250808,FL,NA,20240827,165931,20240911,194729,.,20250131,164126,20250131,180312,-1. Inapplicable,-1. Inapplicable
141108,ANES2024TimeSeries_20250808,PA,NA,20240919,133627,20240919,144729,.,20241222,165131,20241222,181235,-1. Inapplicable,-1. Inapplicable
141109,ANES2024TimeSeries_20250808,NC,NA,20240917,220101,20240917,223745,.,20241229,004858,20241229,011545,-1. Inapplicable,-1. Inapplicable
141110,ANES2024TimeSeries_20250808,MO,NA,20240813,134558,20240813,144807,.,20241114,065159,20241114,065213,-1. Inapplicable,-1. Inapplicable
141111,ANES2024TimeSeries_20250808,NV,NA,20240816,163633,20240816,204728,.,20241208,202520,20241208,223733,-1. Inapplicable,-1. Inapplicable
141112,ANES2024TimeSeries_20250808,PA,NA,20240812,162229,20240812,173637,.,20241121,172241,20241121,183649,-1. Inapplicable,-1. Inapplicable
141113,ANES2024TimeSeries_20250808,MI,NA,20240812,153717,20240812,163744,.,20241123,130256,20241123,135957,-1. Inapplicable,-1. Inapplicable
141117,ANES2024TimeSeries_20250808,TX,NA,20240818,192710,20240818,223446,.,20241126,170623,20241126,185743,-1. Inapplicable,-1. Inapplicable
141118,ANES2024TimeSeries_20250808,MI,NA,20240813,121601,20240813,150306,.,20241114,085002,20241114,085037,-1. Inapplicable,-1. Inapplicable
141120,ANES2024TimeSeries_20250808,OH,NA,20240904,082303,20240904,101716,.,20250118,183057,20250119,084641,-1. Inapplicable,-1. Inapplicable
141121,ANES2024TimeSeries_20250808,IL,NA,20240814,095818,20240816,165001,.,20241130,161231,20241130,171845,-1. Inapplicable,-1. Inapplicable
141122,ANES2024TimeSeries_20250808,FL,NA,20240904,191136,20240904,195443,.,20241120,205704,20241120,213528,-1. Inapplicable,-1. Inapplicable
141124,ANES2024TimeSeries_20250808,CA,NA,20241015,193720,20241015,205943,.,20241119,194117,20241119,194126,-1. Inapplicable,-1. Inapplicable
141128,ANES2024TimeSeries_20250808,FL,NA,20240815,115618,20240815,145024,.,20241206,222034,20241207,004023,-1. Inapplicable,-1. Inapplicable
141129,ANES2024TimeSeries_20250808,OH,NA,20240813,200833,20240813,205359,.,20241113,205859,20241113,205905,-1. Inapplicable,-1. Inapplicable
141130,ANES2024TimeSeries_20250808,NV,NA,20241010,101641,20241010,223149,.,20241225,112318,20241225,153749,-1. Inapplicable,-1. Inapplicable
141131,ANES2024TimeSeries_20250808,AZ,NA,20240814,194509,20240817,183943,.,20241121,161912,20241121,175524,-1. Inapplicable,-1. Inapplicable
141132,ANES2024TimeSeries_20250808,TN,NA,20240813,135745,20240813,153007,.,20241127,090142,20241127,101817,-1. Inapplicable,-1. Inapplicable
141135,ANES2024TimeSeries_20250808,MA,NA,20240825,082223,20240825,091712,.,20250116,070108,20250116,075430,-1. Inapplicable,-1. Inapplicable
141136,ANES2024TimeSeries_20250808,NY,NA,20240925,172338,20240925,180731,.,20241128,191442,20241128,204213,-1. Inapplicable,-1. Inapplicable
141138,ANES2024TimeSeries_20250808,GA,NA,20240812,115618,.,-1,.,20250105,180133,20250105,193422,-1. Inapplicable,-1. Inapplicable
141139,ANES2024TimeSeries_20250808,UT,NA,20240820,154209,20240820,165139,.,20241126,155750,20241126,171033,-1. Inapplicable,-1. Inapplicable
141140,ANES2024TimeSeries_20250808,CA,NA,20240816,135941,20240816,152635,.,20241123,233347,20241124,005919,-1. Inapplicable,-1. Inapplicable
141141,ANES2024TimeSeries_20250808,AR,NA,20240813,212334,20240813,224821,.,20241203,102517,20241203,122509,-1. Inapplicable,-1. Inapplicable
141142,ANES2024TimeSeries_20250808,OH,NA,20240809,082857,20240809,102412,.,20241113,214922,20241113,214930,-1. Inapplicable,-1. Inapplicable
141143,ANES2024TimeSeries_20250808,CA,NA,20240904,005245,20240910,040103,.,20250205,001508,20250207,222048,-1. Inapplicable,-1. Inapplicable
141144,ANES2024TimeSeries_20250808,AZ,NA,20240812,183155,20240812,194850,.,20241119,160340,20241119,160355,-1. Inapplicable,-1. Inapplicable
141145,ANES2024TimeSeries_20250808,MA,NA,20240813,005044,20240813,022722,.,20241120,012741,20241120,012754,-1. Inapplicable,-1. Inapplicable
141146,ANES2024TimeSeries_20250808,NV,NA,20240812,102109,20240812,110946,.,20241113,233844,20241113,233855,-1. Inapplicable,-1. Inapplicable
141147,ANES2024TimeSeries_20250808,MS,NA,20240813,161633,20240813,173545,.,20241117,133633,20241117,133650,-1. Inapplicable,-1. Inapplicable
141148,ANES2024TimeSeries_20250808,TX,NA,20240812,125619,20240812,140225,.,20241124,173813,20241124,191730,-1. Inapplicable,-1. Inapplicable
141150,ANES2024TimeSeries_20250808,IL,NA,20241029,153333,20241029,180508,.,20241113,204019,20241113,204035,-1. Inapplicable,-1. Inapplicable
141152,ANES2024TimeSeries_20250808,IL,NA,20240812,212515,20240817,171915,.,20241118,140215,20241118,140314,-1. Inapplicable,-1. Inapplicable
141153,ANES2024TimeSeries_20250808,MT,NA,20240816,214909,20240816,230252,.,20241120,162758,20241120,174546,-1. Inapplicable,-1. Inapplicable
141154,ANES2024TimeSeries_20250808,GA,NA,20241016,235632,20241017,085357,.,20250120,231956,20250121,004635,-1. Inapplicable,-1. Inapplicable
141155,ANES2024TimeSeries_20250808,AZ,NA,20240813,134601,20240813,150501,.,20241228,150840,20241228,165249,-1. Inapplicable,-1. Inapplicable
141156,ANES2024TimeSeries_20250808,SC,NA,20241011,153308,20241011,172050,.,20241201,184101,20241201,213752,-1. Inapplicable,-1. Inapplicable
141157,ANES2024TimeSeries_20250808,PA,NA,20240809,135229,20240809,165204,.,20241120,133518,20241120,133547,-1. Inapplicable,-1. Inapplicable
141158,ANES2024TimeSeries_20250808,WA,NA,20240924,010912,20241004,012426,.,20241230,134828,20241230,163401,-1. Inapplicable,-1. Inapplicable
141159,ANES2024TimeSeries_20250808,CA,NA,20240819,130258,20240819,133501,.,20241121,113244,20241121,123511,-1. Inapplicable,-1. Inapplicable
141160,ANES2024TimeSeries_20250808,UT,NA,20240812,174054,20240812,183213,.,20241118,165628,20241118,165640,-1. Inapplicable,-1. Inapplicable
141162,ANES2024TimeSeries_20250808,SC,NA,20241013,114107,20241013,123820,.,20241202,131215,20241202,134930,-1. Inapplicable,-1. Inapplicable
141164,ANES2024TimeSeries_20250808,CA,NA,20240809,055344,20240826,210057,.,20241114,234006,20241114,234016,-1. Inapplicable,-1. Inapplicable
141165,ANES2024TimeSeries_20250808,TX,NA,20240814,133626,20240814,202514,.,20250118,224848,20250119,103329,-1. Inapplicable,-1. Inapplicable
141166,ANES2024TimeSeries_20250808,TX,NA,20240817,121222,20240817,132548,.,20241120,195459,20241120,212714,-1. Inapplicable,-1. Inapplicable
141167,ANES2024TimeSeries_20250808,NM,NA,20240816,195804,20240816,210246,.,20241121,075335,20241121,093334,-1. Inapplicable,-1. Inapplicable
141168,ANES2024TimeSeries_20250808,IL,NA,20240808,230446,20240808,233349,.,20241113,210354,20241113,210403,-1. Inapplicable,-1. Inapplicable
141169,ANES2024TimeSeries_20250808,NJ,NA,20240810,123555,20240810,134446,.,20241114,095414,20241114,095427,-1. Inapplicable,-1. Inapplicable
141170,ANES2024TimeSeries_20250808,IN,NA,20240913,164829,20241014,204343,.,20241121,170327,20241121,190410,-1. Inapplicable,-1. Inapplicable
141171,ANES2024TimeSeries_20250808,AL,NA,20240818,210556,20241013,145310,.,20250112,172414,20250112,183058,-1. Inapplicable,-1. Inapplicable
141172,ANES2024TimeSeries_20250808,SC,NA,20240813,190903,20240813,203135,.,20241121,143705,20241121,155227,-1. Inapplicable,-1. Inapplicable
141173,ANES2024TimeSeries_20250808,TN,NA,20240812,213316,20240812,225358,.,20241119,223817,20241119,223829,-1. Inapplicable,-1. Inapplicable
141175,ANES2024TimeSeries_20250808,MI,NA,20240813,161223,20240813,165018,.,20241119,184341,20241119,184346,-1. Inapplicable,-1. Inapplicable
141176,ANES2024TimeSeries_20250808,OH,NA,20240815,144938,20240815,160338,.,20241127,164430,20241127,175734,-1. Inapplicable,-1. Inapplicable
141178,ANES2024TimeSeries_20250808,CA,NA,20240809,190836,20240809,200325,.,20241120,090844,20241120,090857,-1. Inapplicable,-1. Inapplicable
141179,ANES2024TimeSeries_20250808,FL,NA,20240812,153101,20240812,170044,.,.,NA,.,NA,-1. Inapplicable,-1. Inapplicable
141180,ANES2024TimeSeries_20250808,ME,NA,20240809,075437,20240809,092550,.,20241120,143503,20241120,143510,-1. Inapplicable,-1. Inapplicable
141183,ANES2024TimeSeries_20250808,NY,NA,20240821,163742,20240821,165521,.,20241201,220526,20241201,222341,-1. Inapplicable,-1. Inapplicable
141184,ANES2024TimeSeries_20250808,OH,NA,20240819,203640,20240819,214417,.,20241120,221147,20241120,233445,-1. Inapplicable,-1. Inapplicable
141186,ANES2024TimeSeries_20250808,MN,NA,20240815,204848,20240816,154803,.,20241120,211941,20241120,224939,-1. Inapplicable,-1. Inapplicable
141188,ANES2024TimeSeries_20250808,LA,NA,20240822,012733,20240822,020619,.,.,NA,.,NA,-1. Inapplicable,-1. Inapplicable
141189,ANES2024TimeSeries_20250808,OK,NA,20240816,120930,20240903,142156,.,20241202,013957,.,-1,-1. Inapplicable,-1. Inapplicable
141190,ANES2024TimeSeries_20250808,SC,NA,20240821,120504,20240821,140855,.,20250217,101522,20250217,115230,-1. Inapplicable,-1. Inapplicable
141191,ANES2024TimeSeries_20250808,CA,NA,20240812,015829,20240812,031024,.,20241124,165906,20241124,180547,-1. Inapplicable,-1. Inapplicable
141192,ANES2024TimeSeries_20250808,MI,NA,20240809,030156,20240809,040245,.,20241114,055107,20241114,055114,-1. Inapplicable,-1. Inapplicable
141193,ANES2024TimeSeries_20250808,FL,NA,20240816,140047,20240817,180521,.,20241124,201359,20241125,223239,-1. Inapplicable,-1. Inapplicable
141194,ANES2024TimeSeries_20250808,MD,NA,20240809,151452,20240809,155442,.,20241114,144027,20241114,144037,-1. Inapplicable,-1. Inapplicable
141195,ANES2024TimeSeries_20250808,NC,NA,20240809,082549,20240809,093038,.,20241114,075827,20241114,075836,-1. Inapplicable,-1. Inapplicable
141196,ANES2024TimeSeries_20250808,IL,NA,20241016,165029,20241016,180702,.,20241209,095132,20241209,113251,-1. Inapplicable,-1. Inapplicable
141197,ANES2024TimeSeries_20250808,OH,NA,20240818,165348,20240820,131622,.,20241121,183735,20241121,190116,-1. Inapplicable,-1. Inapplicable
141198,ANES2024TimeSeries_20250808,UT,NA,20240912,130050,20240912,153520,.,20250122,130843,20250122,154138,-1. Inapplicable,-1. Inapplicable
141199,ANES2024TimeSeries_20250808,NC,NA,20240823,132115,20240827,092331,.,20241127,103428,20241127,112144,-1. Inapplicable,-1. Inapplicable
141200,ANES2024TimeSeries_20250808,CA,NA,20240817,162318,20240817,173726,.,20241206,143941,20241206,154427,-1. Inapplicable,-1. Inapplicable
141203,ANES2024TimeSeries_20250808,FL,NA,20240809,085559,20240809,091903,.,20241118,203744,20241118,203750,-1. Inapplicable,-1. Inapplicable
141205,ANES2024TimeSeries_20250808,ID,NA,20240809,093127,20240809,103400,.,20241115,120533,20241115,120544,-1. Inapplicable,-1. Inapplicable
141206,ANES2024TimeSeries_20250808,FL,NA,20240816,133055,20240816,143151,.,20241120,133150,20241120,133210,-1. Inapplicable,-1. Inapplicable
141207,ANES2024TimeSeries_20250808,DC,NA,20241022,125610,20241022,145224,.,20241231,120855,.,-1,-1. Inapplicable,-1. Inapplicable
141208,ANES2024TimeSeries_20250808,KS,NA,20240814,121025,20240814,141150,.,20250208,090742,20250208,104934,-1. Inapplicable,-1. Inapplicable
141209,ANES2024TimeSeries_20250808,MA,NA,20240812,130039,20240812,135512,.,20241119,130353,20241119,130415,-1. Inapplicable,-1. Inapplicable
141210,ANES2024TimeSeries_20250808,WA,NA,20240829,001805,20240829,010624,.,20250117,115717,20250120,135005,-1. Inapplicable,-1. Inapplicable
141212,ANES2024TimeSeries_20250808,WI,NA,20241003,104559,20241003,113811,.,20250201,090239,20250201,095734,-1. Inapplicable,-1. Inapplicable
141214,ANES2024TimeSeries_20250808,NC,NA,20240809,113442,20240809,143920,.,20241123,180221,20241123,213400,-1. Inapplicable,-1. Inapplicable
141215,ANES2024TimeSeries_20250808,MI,NA,20240810,095805,20240810,111758,.,20241115,085312,20241115,085802,-1. Inapplicable,-1. Inapplicable
141216,ANES2024TimeSeries_20250808,OK,NA,20240812,210416,20240812,220846,.,20241125,111305,20241125,122508,-1. Inapplicable,-1. Inapplicable
141217,ANES2024TimeSeries_20250808,WI,NA,20241008,151639,20241008,155933,.,20241120,203558,20241120,211506,-1. Inapplicable,-1. Inapplicable
141218,ANES2024TimeSeries_20250808,SD,NA,20240814,075309,20240814,151324,.,20241203,131027,20250117,134527,-1. Inapplicable,-1. Inapplicable
141220,ANES2024TimeSeries_20250808,TN,NA,20240813,121818,20240813,132914,.,20241117,041806,20241117,041827,-1. Inapplicable,-1. Inapplicable
141221,ANES2024TimeSeries_20250808,TX,NA,20240824,141848,20240907,011634,.,20241126,192141,20250210,113159,-1. Inapplicable,-1. Inapplicable
141222,ANES2024TimeSeries_20250808,OR,NA,20240818,105726,20240819,235344,.,20241124,124628,20241124,133102,-1. Inapplicable,-1. Inapplicable
141224,ANES2024TimeSeries_20250808,KY,NA,20241021,132728,20241021,184124,.,20241123,074545,20241123,114155,-1. Inapplicable,-1. Inapplicable
141225,ANES2024TimeSeries_20250808,SC,NA,20240809,101854,20240809,110557,.,20241113,224311,20241113,224321,-1. Inapplicable,-1. Inapplicable
141226,ANES2024TimeSeries_20250808,GA,NA,20240809,022500,20240809,031552,.,20241121,150050,20241121,154536,-1. Inapplicable,-1. Inapplicable
141228,ANES2024TimeSeries_20250808,MO,NA,20240810,143002,20240810,152449,.,20241114,220035,20241114,220045,-1. Inapplicable,-1. Inapplicable
141229,ANES2024TimeSeries_20250808,IA,NA,20240809,155511,20240809,162243,.,20241113,210816,20241113,210822,-1. Inapplicable,-1. Inapplicable
141230,ANES2024TimeSeries_20250808,CA,NA,20240808,233247,20240809,002143,.,20241120,165205,20241120,173632,-1. Inapplicable,-1. Inapplicable
141231,ANES2024TimeSeries_20250808,GA,NA,20240813,185053,20240813,193736,.,20241114,072010,20241114,072026,-1. Inapplicable,-1. Inapplicable
141233,ANES2024TimeSeries_20250808,NC,NA,20240904,185646,20240904,194957,.,20241127,090457,20241127,095453,-1. Inapplicable,-1. Inapplicable
141234,ANES2024TimeSeries_20250808,OR,NA,20241012,005717,20241013,125312,.,20241123,141653,20241125,002556,-1. Inapplicable,-1. Inapplicable
141235,ANES2024TimeSeries_20250808,GA,NA,20240813,171103,20240813,175415,.,20241120,104830,20241120,104843,-1. Inapplicable,-1. Inapplicable
141236,ANES2024TimeSeries_20250808,MI,NA,20241013,160654,20241013,165115,.,20241209,094650,20241209,102930,-1. Inapplicable,-1. Inapplicable
141237,ANES2024TimeSeries_20250808,KS,NA,20240809,000704,20240809,004233,.,20241118,184256,20241118,184301,-1. Inapplicable,-1. Inapplicable
141238,ANES2024TimeSeries_20250808,MI,NA,20240826,122208,20240829,185819,.,20241125,160104,20250126,170255,-1. Inapplicable,-1. Inapplicable
141239,ANES2024TimeSeries_20250808,NC,NA,20240820,161729,20240911,205315,.,20241120,114850,20241120,114928,-1. Inapplicable,-1. Inapplicable
141240,ANES2024TimeSeries_20250808,CA,NA,20240930,213936,20241024,153957,.,20241203,125153,20241228,151421,-1. Inapplicable,-1. Inapplicable
141241,ANES2024TimeSeries_20250808,CO,NA,20240813,175355,20240813,193230,.,20241115,125915,20241115,125922,-1. Inapplicable,-1. Inapplicable
141242,ANES2024TimeSeries_20250808,VA,NA,20240819,120439,20240819,131902,.,20241116,184614,20241116,184630,-1. Inapplicable,-1. Inapplicable
141243,ANES2024TimeSeries_20250808,NE,NA,20240813,152846,20240813,162247,.,.,NA,.,NA,-1. Inapplicable,-1. Inapplicable
141244,ANES2024TimeSeries_20250808,TX,NA,20241016,115821,20241016,140057,.,20241125,142124,20241125,150112,-1. Inapplicable,-1. Inapplicable
141245,ANES2024TimeSeries_20250808,UT,NA,20240809,224214,20240810,000249,.,20241119,133907,20241119,133916,-1. Inapplicable,-1. Inapplicable
141246,ANES2024TimeSeries_20250808,VA,NA,20240820,193255,20240820,201022,.,20241201,164630,20241201,181131,-1. Inapplicable,-1. Inapplicable
141247,ANES2024TimeSeries_20250808,ME,NA,20241008,101602,20241011,195248,.,20241227,144158,20241227,165724,-1. Inapplicable,-1. Inapplicable
141248,ANES2024TimeSeries_20250808,IL,NA,20240818,205001,20240818,215425,.,20241123,090442,20241123,102059,-1. Inapplicable,-1. Inapplicable
141249,ANES2024TimeSeries_20250808,NC,NA,20240815,160057,20240815,163716,.,20241122,114157,20241122,122132,-1. Inapplicable,-1. Inapplicable
141250,ANES2024TimeSeries_20250808,WA,NA,20241022,155614,20241022,181329,.,20241125,164335,20241125,181107,-1. Inapplicable,-1. Inapplicable
141251,ANES2024TimeSeries_20250808,FL,NA,20240929,122357,20240929,131319,.,20241114,220635,20241114,220654,-1. Inapplicable,-1. Inapplicable
141252,ANES2024TimeSeries_20250808,AL,NA,20240826,213456,20240826,221350,.,20241120,194441,20250210,113311,-1. Inapplicable,-1. Inapplicable
141253,ANES2024TimeSeries_20250808,CO,NA,20240814,191138,20240814,201454,.,20241114,214326,20241114,214332,-1. Inapplicable,-1. Inapplicable
141255,ANES2024TimeSeries_20250808,OK,NA,20241030,135746,20241030,142436,.,20241115,164619,20241115,164625,-1. Inapplicable,-1. Inapplicable
141256,ANES2024TimeSeries_20250808,MI,NA,20240814,212943,20240814,231148,.,20241126,201805,20241126,215129,-1. Inapplicable,-1. Inapplicable
141257,ANES2024TimeSeries_20250808,MI,NA,20240830,183828,20240831,120438,.,20241120,143444,20241120,143456,-1. Inapplicable,-1. Inapplicable
141258,ANES2024TimeSeries_20250808,PA,NA,20240828,172939,20240828,190201,.,20241209,151042,20241209,164953,-1. Inapplicable,-1. Inapplicable
141260,ANES2024TimeSeries_20250808,GA,NA,20240816,095526,20240816,125113,.,20241123,101227,20241123,115633,-1. Inapplicable,-1. Inapplicable
141261,ANES2024TimeSeries_20250808,FL,NA,20240919,205957,20240919,222323,.,20241224,203701,20241225,015902,-1. Inapplicable,-1. Inapplicable
141262,ANES2024TimeSeries_20250808,NH,NA,20240929,124204,20240929,134043,.,20241113,211356,20241113,211415,-1. Inapplicable,-1. Inapplicable
141263,ANES2024TimeSeries_20250808,PA,NA,20240812,155456,20240812,164439,.,20241122,194010,20241122,201938,-1. Inapplicable,-1. Inapplicable
141264,ANES2024TimeSeries_20250808,TX,NA,20240813,123122,20240813,140904,.,20241113,201204,20241113,201242,-1. Inapplicable,-1. Inapplicable
141265,ANES2024TimeSeries_20250808,WA,NA,20240823,204131,20240827,192949,.,20241221,183947,20241221,200619,-1. Inapplicable,-1. Inapplicable
141266,ANES2024TimeSeries_20250808,NY,NA,20240809,084042,20240809,101922,.,20241115,085929,20241115,090000,-1. Inapplicable,-1. Inapplicable
141267,ANES2024TimeSeries_20250808,TN,NA,20240831,165541,20240831,184228,.,20241114,081004,20241114,081011,-1. Inapplicable,-1. Inapplicable
141268,ANES2024TimeSeries_20250808,VA,NA,20240809,085441,20240809,101532,.,20241114,134122,20241114,134137,-1. Inapplicable,-1. Inapplicable
141269,ANES2024TimeSeries_20250808,MS,NA,20240822,163001,20240822,181130,.,20241118,182330,20241118,182343,-1. Inapplicable,-1. Inapplicable
141270,ANES2024TimeSeries_20250808,CA,NA,20240820,092048,20240820,103257,.,20241130,153017,20241130,160945,-1. Inapplicable,-1. Inapplicable
141271,ANES2024TimeSeries_20250808,CA,NA,20240814,094159,20240814,103213,.,20241113,195415,20241113,195433,-1. Inapplicable,-1. Inapplicable
141272,ANES2024TimeSeries_20250808,IL,NA,20240821,165342,20240821,182013,.,20250117,105523,20250118,022113,-1. Inapplicable,-1. Inapplicable
141274,ANES2024TimeSeries_20250808,TX,NA,20240820,170906,20240827,170351,.,20241127,145226,20241127,155156,-1. Inapplicable,-1. Inapplicable
141275,ANES2024TimeSeries_20250808,TX,NA,20240813,093801,20240813,104553,.,20241122,182359,20241122,192019,-1. Inapplicable,-1. Inapplicable
141276,ANES2024TimeSeries_20250808,CA,NA,20241029,214621,20241029,224338,.,.,NA,.,NA,-1. Inapplicable,-1. Inapplicable
141277,ANES2024TimeSeries_20250808,TX,NA,20240813,153638,20240813,175820,.,20241120,193842,20241120,201645,-1. Inapplicable,-1. Inapplicable
141278,ANES2024TimeSeries_20250808,NC,NA,20240821,085914,20240821,094718,.,20241119,112147,20241119,112154,-1. Inapplicable,-1. Inapplicable
141281,ANES2024TimeSeries_20250808,OH,NA,20240813,105327,20240813,120157,.,20241120,125340,20241120,125401,-1. Inapplicable,-1. Inapplicable
141282,ANES2024TimeSeries_20250808,OK,NA,20240816,054937,20240816,063522,.,20241120,092102,20241120,092115,-1. Inapplicable,-1. Inapplicable
141284,ANES2024TimeSeries_20250808,TX,NA,20240823,174934,20240827,111544,.,20241120,103038,20241120,103051,-1. Inapplicable,-1. Inapplicable
141285,ANES2024TimeSeries_20250808,NJ,NA,20240814,175150,20240814,182332,.,20241125,090203,20241125,093125,-1. Inapplicable,-1. Inapplicable
141286,ANES2024TimeSeries_20250808,PA,NA,20240811,124048,20240811,135451,.,20241119,080423,20241119,080543,-1. Inapplicable,-1. Inapplicable
141287,ANES2024TimeSeries_20250808,IL,NA,20240815,125455,20240815,133121,.,20241121,180300,20241121,185220,-1. Inapplicable,-1. Inapplicable
141288,ANES2024TimeSeries_20250808,FL,NA,20240815,095451,20240815,120942,.,20241121,103801,20241121,122552,-1. Inapplicable,-1. Inapplicable
141290,ANES2024TimeSeries_20250808,DC,NA,20240827,170848,20240828,213123,.,20250208,182227,20250211,164041,-1. Inapplicable,-1. Inapplicable
141291,ANES2024TimeSeries_20250808,TN,NA,20240904,172637,20241029,184047,.,.,NA,.,NA,-1. Inapplicable,-1. Inapplicable
141292,ANES2024TimeSeries_20250808,NH,NA,20241011,212954,20241011,232242,.,20241123,174040,20241123,200200,-1. Inapplicable,-1. Inapplicable
141293,ANES2024TimeSeries_20250808,KY,NA,20240816,154639,20240816,170435,.,20241130,123446,20241228,154006,-1. Inapplicable,-1. Inapplicable
141294,ANES2024TimeSeries_20250808,WA,NA,20240818,015659,20240818,024739,.,20241118,200335,20241118,200347,-1. Inapplicable,-1. Inapplicable
141295,ANES2024TimeSeries_20250808,NY,NA,20240816,113830,20240816,130832,.,20241121,151311,20241121,164531,-1. Inapplicable,-1. Inapplicable
141296,ANES2024TimeSeries_20250808,IL,NA,20240827,154806,20240827,163328,.,20241228,165208,20241228,175345,-1. Inapplicable,-1. Inapplicable
141298,ANES2024TimeSeries_20250808,MA,NA,20240809,164704,20240809,175902,.,20241204,101858,20241204,112957,-1. Inapplicable,-1. Inapplicable
141300,ANES2024TimeSeries_20250808,MN,NA,20240809,140620,20240813,190403,.,20241119,112954,20241119,113009,-1. Inapplicable,-1. Inapplicable
141301,ANES2024TimeSeries_20250808,MI,NA,20240817,154841,20240817,171307,.,20241124,192939,20241124,204033,-1. Inapplicable,-1. Inapplicable
141302,ANES2024TimeSeries_20250808,IL,NA,20240915,115325,20240915,145622,.,20241125,094103,20241125,110310,-1. Inapplicable,-1. Inapplicable
141303,ANES2024TimeSeries_20250808,KY,NA,20240813,153204,20240813,171841,.,20241125,112348,20241125,124049,-1. Inapplicable,-1. Inapplicable
141305,ANES2024TimeSeries_20250808,PA,NA,20240809,095907,20240809,110038,.,20241114,150033,20241114,150107,-1. Inapplicable,-1. Inapplicable
141306,ANES2024TimeSeries_20250808,WI,NA,20240813,185911,20240813,195106,.,20241114,170004,20241114,170012,-1. Inapplicable,-1. Inapplicable
141307,ANES2024TimeSeries_20250808,CA,NA,20240817,005550,20240817,015711,.,20241130,181216,20241201,192753,-1. Inapplicable,-1. Inapplicable
141308,ANES2024TimeSeries_20250808,TX,NA,20240820,130410,20240820,182016,.,20241114,103838,20241114,103849,-1. Inapplicable,-1. Inapplicable
141309,ANES2024TimeSeries_20250808,TX,NA,20241011,093412,20241011,115044,.,20241122,173930,20241122,183329,-1. Inapplicable,-1. Inapplicable
141311,ANES2024TimeSeries_20250808,KS,NA,20240911,135500,20240911,180714,.,20241202,140424,20241202,153953,-1. Inapplicable,-1. Inapplicable
141312,ANES2024TimeSeries_20250808,TN,NA,20240827,191328,20240827,213324,.,20241203,093756,20241203,121700,-1. Inapplicable,-1. Inapplicable
141313,ANES2024TimeSeries_20250808,PA,NA,20240814,233032,20240815,011244,.,20241121,224231,20241122,000721,-1. Inapplicable,-1. Inapplicable
141314,ANES2024TimeSeries_20250808,NJ,NA,20240814,165436,20240814,173616,.,20250131,133652,20250131,141725,-1. Inapplicable,-1. Inapplicable
141316,ANES2024TimeSeries_20250808,UT,NA,20241019,142803,20241019,154633,.,20241208,160710,20241208,173538,-1. Inapplicable,-1. Inapplicable
141317,ANES2024TimeSeries_20250808,CO,NA,20240827,141406,20240827,150640,.,20250120,134135,20250120,144152,-1. Inapplicable,-1. Inapplicable
141322,ANES2024TimeSeries_20250808,ID,NA,20240918,125102,20240918,150402,.,20241114,202757,20241114,202810,-1. Inapplicable,-1. Inapplicable
141323,ANES2024TimeSeries_20250808,MI,NA,20240929,132933,20240929,140147,.,20241114,091710,20241114,091730,-1. Inapplicable,-1. Inapplicable
141324,ANES2024TimeSeries_20250808,CA,NA,20240816,203039,20240816,213332,.,20241119,143047,20241119,143104,-1. Inapplicable,-1. Inapplicable
141325,ANES2024TimeSeries_20250808,NC,NA,20240815,223804,20240816,003156,.,20241120,222513,20241121,004801,-1. Inapplicable,-1. Inapplicable
141326,ANES2024TimeSeries_20250808,MI,NA,20240812,153222,20240812,163122,.,20241115,084438,20241115,084449,-1. Inapplicable,-1. Inapplicable
141327,ANES2024TimeSeries_20250808,MO,NA,20240816,161744,20240816,172819,.,20241124,195647,20241124,220044,-1. Inapplicable,-1. Inapplicable
141328,ANES2024TimeSeries_20250808,NJ,NA,20240815,145157,20240815,160904,.,20241122,162520,20241122,192425,-1. Inapplicable,-1. Inapplicable
141329,ANES2024TimeSeries_20250808,NY,NA,20240812,164453,20240812,175507,.,20241114,195541,20241114,195551,-1. Inapplicable,-1. Inapplicable
141330,ANES2024TimeSeries_20250808,TX,NA,20240909,222713,20240909,235415,.,20250211,213352,20250211,230343,-1. Inapplicable,-1. Inapplicable
141331,ANES2024TimeSeries_20250808,TX,NA,20240813,194920,20240813,203510,.,.,NA,.,NA,-1. Inapplicable,-1. Inapplicable
141332,ANES2024TimeSeries_20250808,OK,NA,20240809,085007,20240817,230936,.,20241114,131702,20241114,131710,-1. Inapplicable,-1. Inapplicable
141333,ANES2024TimeSeries_20250808,MN,NA,20241010,155513,20241010,174633,.,20241203,133537,20241203,150356,-1. Inapplicable,-1. Inapplicable
141334,ANES2024TimeSeries_20250808,MI,NA,20240902,204552,20240902,221947,.,20241129,195159,20241129,214741,-1. Inapplicable,-1. Inapplicable
141335,ANES2024TimeSeries_20250808,AZ,NA,20240813,204234,20240813,215444,.,20241120,234040,20241121,003815,-1. Inapplicable,-1. Inapplicable
141338,ANES2024TimeSeries_20250808,NC,NA,20240819,155826,20240819,163944,.,20241120,152302,20241120,152315,-1. Inapplicable,-1. Inapplicable
141339,ANES2024TimeSeries_20250808,NC,NA,20240815,073533,20240815,083326,.,20241203,073440,20241203,082442,-1. Inapplicable,-1. Inapplicable
141340,ANES2024TimeSeries_20250808,LA,NA,20240809,103506,20240809,111117,.,20241119,110157,20241119,111106,-1. Inapplicable,-1. Inapplicable
141341,ANES2024TimeSeries_20250808,PA,NA,20240813,160308,20240813,203549,.,20241125,095708,20241125,110438,-1. Inapplicable,-1. Inapplicable
141342,ANES2024TimeSeries_20250808,TX,NA,20240822,185813,20240823,114903,.,20250217,234341,20250218,023700,-1. Inapplicable,-1. Inapplicable
141343,ANES2024TimeSeries_20250808,CA,NA,20240809,184502,20240809,193051,.,20241113,224459,20241113,224532,-1. Inapplicable,-1. Inapplicable
141344,ANES2024TimeSeries_20250808,MO,NA,20240810,101244,20240810,115045,.,20241114,172857,20241114,172912,-1. Inapplicable,-1. Inapplicable
141347,ANES2024TimeSeries_20250808,WI,NA,20241103,113200,20241103,125905,.,.,NA,.,NA,-1. Inapplicable,-1. Inapplicable
141348,ANES2024TimeSeries_20250808,IL,NA,20240820,112257,20240820,120556,.,20241125,104107,20241125,111747,-1. Inapplicable,-1. Inapplicable
141349,ANES2024TimeSeries_20250808,TX,NA,20240813,153037,20240815,150209,.,20241114,125552,20241114,125607,-1. Inapplicable,-1. Inapplicable
141350,ANES2024TimeSeries_20250808,NC,NA,20240822,141202,20240822,150229,.,20241127,185759,20241127,195319,-1. Inapplicable,-1. Inapplicable
141352,ANES2024TimeSeries_20250808,SC,NA,20240812,121329,20240812,133113,.,20241113,202303,20241113,202321,-1. Inapplicable,-1. Inapplicable
141353,ANES2024TimeSeries_20250808,AL,NA,20240810,084959,20240810,100859,.,20241120,203408,20241120,220210,-1. Inapplicable,-1. Inapplicable
141354,ANES2024TimeSeries_20250808,WA,NA,20240820,182405,20240820,210030,.,20241226,204921,20241226,220237,-1. Inapplicable,-1. Inapplicable
141355,ANES2024TimeSeries_20250808,TN,NA,20240922,135540,20240922,180459,.,20241120,150436,20241120,150450,-1. Inapplicable,-1. Inapplicable
141356,ANES2024TimeSeries_20250808,MD,NA,20240809,105720,20240811,040738,.,20241114,104548,20241114,104556,-1. Inapplicable,-1. Inapplicable
141357,ANES2024TimeSeries_20250808,NM,NA,20240814,204004,20240814,214146,.,20241118,184134,20241118,184142,-1. Inapplicable,-1. Inapplicable
141358,ANES2024TimeSeries_20250808,MD,NA,20240812,044131,20240812,052121,.,20241114,063311,20241114,063329,-1. Inapplicable,-1. Inapplicable
141359,ANES2024TimeSeries_20250808,OK,NA,20240815,123500,20240815,160528,.,20241127,164329,20241127,172955,-1. Inapplicable,-1. Inapplicable
141360,ANES2024TimeSeries_20250808,ME,NA,20240819,155936,20240819,171521,.,20241121,105015,20241121,121825,-1. Inapplicable,-1. Inapplicable
141361,ANES2024TimeSeries_20250808,LA,NA,20240816,223243,20240816,232127,.,20241120,155903,20241120,155915,-1. Inapplicable,-1. Inapplicable
141362,ANES2024TimeSeries_20250808,MI,NA,20241009,172132,20241009,182937,.,20241114,104715,20241114,104731,-1. Inapplicable,-1. Inapplicable
141363,ANES2024TimeSeries_20250808,OH,NA,20240914,143702,20240914,164414,.,20250126,173818,20250126,192419,-1. Inapplicable,-1. Inapplicable
141366,ANES2024TimeSeries_20250808,KY,NA,20240817,171721,20240817,183927,.,20241114,151658,20241114,152006,-1. Inapplicable,-1. Inapplicable
141367,ANES2024TimeSeries_20250808,OH,NA,20240812,130332,20240812,171418,.,20241114,103416,20241114,103429,-1. Inapplicable,-1. Inapplicable
141368,ANES2024TimeSeries_20250808,NE,NA,20241011,133112,20241011,142729,.,20241115,200314,20241115,200324,-1. Inapplicable,-1. Inapplicable
141369,ANES2024TimeSeries_20250808,NC,NA,20240809,084731,20240809,095818,.,20241115,100600,20241115,100611,-1. Inapplicable,-1. Inapplicable
141370,ANES2024TimeSeries_20250808,SC,NA,20240812,144008,20240812,162955,.,20250122,124309,20250127,104158,-1. Inapplicable,-1. Inapplicable
141371,ANES2024TimeSeries_20250808,TN,NA,20240817,103337,20240817,120113,.,20241123,080243,20241123,085523,-1. Inapplicable,-1. Inapplicable
141373,ANES2024TimeSeries_20250808,PA,NA,20240814,095614,20240814,115645,.,20241122,221326,20241123,011641,-1. Inapplicable,-1. Inapplicable
141374,ANES2024TimeSeries_20250808,FL,NA,20240818,215309,20240820,221751,.,20241120,151419,20241120,151432,-1. Inapplicable,-1. Inapplicable
141375,ANES2024TimeSeries_20250808,OH,NA,20240813,231143,20240814,000619,.,20241114,215411,20241114,215418,-1. Inapplicable,-1. Inapplicable
141376,ANES2024TimeSeries_20250808,IA,NA,20240811,163845,20240811,172345,.,20241118,220313,20241118,220321,-1. Inapplicable,-1. Inapplicable
141377,ANES2024TimeSeries_20250808,FL,NA,20240814,125645,20240814,134615,.,20241114,092543,20241114,092557,-1. Inapplicable,-1. Inapplicable
141378,ANES2024TimeSeries_20250808,ID,NA,20240813,181434,20240813,193619,.,20241120,121803,20241120,121819,-1. Inapplicable,-1. Inapplicable
141379,ANES2024TimeSeries_20250808,PA,NA,20240819,181402,20240819,190157,.,20241123,164903,20241123,172454,-1. Inapplicable,-1. Inapplicable
141380,ANES2024TimeSeries_20250808,WV,NA,20240829,100418,20240829,140919,.,20241228,125447,20241228,152128,-1. Inapplicable,-1. Inapplicable
141381,ANES2024TimeSeries_20250808,TN,NA,20240812,115246,20240812,130643,.,20241127,131822,20241127,142850,-1. Inapplicable,-1. Inapplicable
141382,ANES2024TimeSeries_20250808,SC,NA,20240815,195344,20240815,202210,.,20241119,153821,20241119,153842,-1. Inapplicable,-1. Inapplicable
141384,ANES2024TimeSeries_20250808,CO,NA,20240809,182221,20240809,201051,.,20241118,191500,20241118,191516,-1. Inapplicable,-1. Inapplicable
141385,ANES2024TimeSeries_20250808,SC,NA,20240812,205905,20240812,214951,.,20241114,050653,20241118,160544,-1. Inapplicable,-1. Inapplicable
141386,ANES2024TimeSeries_20250808,MD,NA,20240809,115111,20240809,125542,.,20241204,141309,20241204,152852,-1. Inapplicable,-1. Inapplicable
141387,ANES2024TimeSeries_20250808,FL,NA,20240811,151739,20240811,163055,.,20241119,174643,20241119,174654,-1. Inapplicable,-1. Inapplicable
141388,ANES2024TimeSeries_20250808,MD,NA,20240816,210927,20240817,000024,.,20241119,175930,20241119,175938,-1. Inapplicable,-1. Inapplicable
141389,ANES2024TimeSeries_20250808,IL,NA,20240819,183936,20240819,201335,.,20241201,201710,20241201,212201,-1. Inapplicable,-1. Inapplicable
141391,ANES2024TimeSeries_20250808,KY,NA,20240829,175910,20240830,123020,.,20241120,114426,20241120,114431,-1. Inapplicable,-1. Inapplicable
141392,ANES2024TimeSeries_20250808,NM,NA,20240821,180729,20240821,193310,.,20241127,151812,20241127,170414,-1. Inapplicable,-1. Inapplicable
141393,ANES2024TimeSeries_20250808,TX,NA,20240810,083611,20240810,095549,.,20250115,133410,20250115,141524,-1. Inapplicable,-1. Inapplicable
141395,ANES2024TimeSeries_20250808,CA,NA,20240810,134022,20240811,204349,.,20241118,223542,20241118,223557,-1. Inapplicable,-1. Inapplicable
141396,ANES2024TimeSeries_20250808,CA,NA,20240820,141553,20240820,150716,.,20241129,200554,20241129,210511,-1. Inapplicable,-1. Inapplicable
141397,ANES2024TimeSeries_20250808,MA,NA,20240818,210408,20240818,221956,.,20241227,111606,20241227,122651,-1. Inapplicable,-1. Inapplicable
141398,ANES2024TimeSeries_20250808,PA,NA,20241015,152748,20241015,162537,.,20241126,150831,20241126,175954,-1. Inapplicable,-1. Inapplicable
141399,ANES2024TimeSeries_20250808,WA,NA,20240821,200624,20240821,211032,.,20241113,203046,20241113,203105,-1. Inapplicable,-1. Inapplicable
141400,ANES2024TimeSeries_20250808,GA,NA,20240820,030458,20240912,225245,.,20241123,210502,20241216,040802,-1. Inapplicable,-1. Inapplicable
141401,ANES2024TimeSeries_20250808,MN,NA,20240809,124236,20240809,132207,.,20241120,131739,20241120,131745,-1. Inapplicable,-1. Inapplicable
141402,ANES2024TimeSeries_20250808,NY,NA,20240809,164848,20240809,192911,.,20241124,142005,20241124,170310,-1. Inapplicable,-1. Inapplicable
141403,ANES2024TimeSeries_20250808,FL,NA,20240814,111503,20240814,115723,.,20241220,130357,20241220,133456,-1. Inapplicable,-1. Inapplicable
141404,ANES2024TimeSeries_20250808,WV,NA,20240903,154318,20240903,163135,.,20241230,194650,20241231,142758,-1. Inapplicable,-1. Inapplicable
141405,ANES2024TimeSeries_20250808,NY,NA,20240820,194827,20240820,211500,.,20241122,154339,20241122,165512,-1. Inapplicable,-1. Inapplicable
141406,ANES2024TimeSeries_20250808,OH,NA,20240831,154204,20240831,172841,.,20241126,142647,20241126,160207,-1. Inapplicable,-1. Inapplicable
141407,ANES2024TimeSeries_20250808,WV,NA,20240809,084550,20240809,095310,.,20241118,141656,20241118,141717,-1. Inapplicable,-1. Inapplicable
141408,ANES2024TimeSeries_20250808,TN,NA,20240821,142352,20241010,145454,.,20241122,125731,20241122,140133,-1. Inapplicable,-1. Inapplicable
141409,ANES2024TimeSeries_20250808,MO,NA,20240905,120639,20240905,141253,.,20241205,101208,20241205,110857,-1. Inapplicable,-1. Inapplicable
141410,ANES2024TimeSeries_20250808,MN,NA,20240918,172812,20240918,185704,.,20241228,095415,20241228,111631,-1. Inapplicable,-1. Inapplicable
141411,ANES2024TimeSeries_20250808,NY,NA,20240813,145617,20240813,160312,.,20241121,134225,20241121,144554,-1. Inapplicable,-1. Inapplicable
141413,ANES2024TimeSeries_20250808,NV,NA,20240814,174726,20240814,192213,.,20241114,154921,20241114,154953,-1. Inapplicable,-1. Inapplicable
141414,ANES2024TimeSeries_20250808,CA,NA,20241104,165257,20241104,184018,.,20250127,145038,20250127,161749,-1. Inapplicable,-1. Inapplicable
141415,ANES2024TimeSeries_20250808,HI,NA,20240816,224422,20240817,002909,.,.,NA,.,NA,-1. Inapplicable,-1. Inapplicable
141416,ANES2024TimeSeries_20250808,CA,NA,20240823,182059,20240823,213916,.,20241120,185148,20241120,205544,-1. Inapplicable,-1. Inapplicable
141417,ANES2024TimeSeries_20250808,NJ,NA,20240814,170936,20240814,182625,.,20250123,195541,20250123,211340,-1. Inapplicable,-1. Inapplicable
141418,ANES2024TimeSeries_20250808,NY,NA,20240813,142728,20240813,152157,.,20241113,223122,20241113,223130,-1. Inapplicable,-1. Inapplicable
141419,ANES2024TimeSeries_20250808,TN,NA,20241016,152054,20241016,160711,.,20241126,225809,20241126,233954,-1. Inapplicable,-1. Inapplicable
141420,ANES2024TimeSeries_20250808,FL,NA,20240816,155352,20240816,165339,.,20250117,122947,20250117,132120,-1. Inapplicable,-1. Inapplicable
141421,ANES2024TimeSeries_20250808,NJ,NA,20240813,232649,20240814,001046,.,20241115,074455,20241115,074500,-1. Inapplicable,-1. Inapplicable
141422,ANES2024TimeSeries_20250808,TX,NA,20240814,075403,20240814,125335,.,.,NA,.,NA,-1. Inapplicable,-1. Inapplicable
141423,ANES2024TimeSeries_20250808,KS,NA,20240929,123706,20241021,134356,.,.,NA,.,NA,-1. Inapplicable,-1. Inapplicable
141425,ANES2024TimeSeries_20250808,MN,NA,20241012,093001,20241012,105937,.,20241226,033818,20241226,050324,-1. Inapplicable,-1. Inapplicable
141426,ANES2024TimeSeries_20250808,OH,NA,20240909,192603,20240909,200609,.,20241124,150737,20241124,154248,-1. Inapplicable,-1. Inapplicable
141427,ANES2024TimeSeries_20250808,OH,NA,20240813,175515,20240813,190834,.,20241125,075206,20241125,084618,-1. Inapplicable,-1. Inapplicable
141428,ANES2024TimeSeries_20250808,OK,NA,20240818,162002,20240818,171959,.,20250131,095309,20250202,174744,-1. Inapplicable,-1. Inapplicable
141429,ANES2024TimeSeries_20250808,IL,NA,20240817,210902,20240817,222759,.,20241128,100918,20241130,120230,-1. Inapplicable,-1. Inapplicable
141430,ANES2024TimeSeries_20250808,SC,NA,20240814,095835,20240814,110623,.,20241130,090307,20241130,101917,-1. Inapplicable,-1. Inapplicable
141431,ANES2024TimeSeries_20250808,TX,NA,20240813,171507,20240813,181323,.,20241127,193001,20241127,201848,-1. Inapplicable,-1. Inapplicable
141432,ANES2024TimeSeries_20250808,FL,NA,20240822,164117,20240822,184132,.,20241204,195340,20241204,212000,-1. Inapplicable,-1. Inapplicable
141433,ANES2024TimeSeries_20250808,TX,NA,20241007,211442,20241007,231725,.,20241125,232545,20241126,011311,-1. Inapplicable,-1. Inapplicable
141434,ANES2024TimeSeries_20250808,OH,NA,20240809,103105,20240809,121358,.,20241226,210230,20250218,142341,-1. Inapplicable,-1. Inapplicable
141435,ANES2024TimeSeries_20250808,OH,NA,20240814,175507,20240814,184156,.,20250117,134327,20250117,144326,-1. Inapplicable,-1. Inapplicable
141436,ANES2024TimeSeries_20250808,TX,NA,20240809,141043,20240809,152213,.,20250214,210715,20250214,221733,-1. Inapplicable,-1. Inapplicable
141437,ANES2024TimeSeries_20250808,MO,NA,20240813,203037,20240813,220216,.,20241130,174359,20241130,192237,-1. Inapplicable,-1. Inapplicable
141438,ANES2024TimeSeries_20250808,MO,NA,20240814,192101,20240815,101632,.,20241118,120045,20241118,120052,-1. Inapplicable,-1. Inapplicable
141439,ANES2024TimeSeries_20250808,TN,NA,20240905,110311,20240905,120321,.,20241115,170516,20241115,170536,-1. Inapplicable,-1. Inapplicable
141440,ANES2024TimeSeries_20250808,ID,NA,20240929,141609,20241031,163415,.,.,NA,.,NA,-1. Inapplicable,-1. Inapplicable
141441,ANES2024TimeSeries_20250808,NJ,NA,20240902,223343,20240903,003342,.,20241201,181837,20241201,200100,-1. Inapplicable,-1. Inapplicable
141442,ANES2024TimeSeries_20250808,MA,NA,20240820,131546,20240820,142628,.,20250119,135611,20250119,160717,-1. Inapplicable,-1. Inapplicable
141443,ANES2024TimeSeries_20250808,NC,NA,20241001,211704,20241001,222929,.,20241226,171621,20241226,181710,-1. Inapplicable,-1. Inapplicable
141444,ANES2024TimeSeries_20250808,NE,NA,20240817,222231,20240817,234645,.,20241202,092552,20241202,104224,-1. Inapplicable,-1. Inapplicable
141445,ANES2024TimeSeries_20250808,GA,NA,20240818,110200,20240818,114906,.,20241123,193847,20241123,210702,-1. Inapplicable,-1. Inapplicable
141446,ANES2024TimeSeries_20250808,GA,NA,20240817,214635,20240818,024211,.,20241114,194958,20241114,195034,-1. Inapplicable,-1. Inapplicable
141447,ANES2024TimeSeries_20250808,NY,NA,20240813,173129,.,-1,.,.,NA,.,NA,-1. Inapplicable,-1. Inapplicable
141448,ANES2024TimeSeries_20250808,CA,NA,20240817,154952,20240818,162254,.,20241230,145812,20241230,171947,-1. Inapplicable,-1. Inapplicable
141449,ANES2024TimeSeries_20250808,NY,NA,20240812,095805,20240812,162503,.,20241115,113610,20241115,113621,-1. Inapplicable,-1. Inapplicable
141451,ANES2024TimeSeries_20250808,MA,NA,20240813,161257,20240813,172757,.,20241205,095505,20241205,110442,-1. Inapplicable,-1. Inapplicable
141452,ANES2024TimeSeries_20250808,FL,NA,20241002,111612,20241002,130245,.,20241130,113217,20241130,132654,-1. Inapplicable,-1. Inapplicable
141453,ANES2024TimeSeries_20250808,MI,NA,20240813,140959,20240813,162145,.,20250114,152010,20250114,172613,-1. Inapplicable,-1. Inapplicable
141454,ANES2024TimeSeries_20250808,CA,NA,20240813,131332,20240816,171501,.,20241114,085223,20241114,085235,-1. Inapplicable,-1. Inapplicable
141455,ANES2024TimeSeries_20250808,AL,NA,20240812,231757,20240813,090819,.,20241119,155755,20241119,155759,-1. Inapplicable,-1. Inapplicable
141456,ANES2024TimeSeries_20250808,VA,NA,20240819,203346,20240825,082142,.,20241113,194214,20241113,194220,-1. Inapplicable,-1. Inapplicable
141457,ANES2024TimeSeries_20250808,GA,NA,20241011,133639,20241011,152451,.,20241206,130048,20241206,151229,-1. Inapplicable,-1. Inapplicable
141458,ANES2024TimeSeries_20250808,VA,NA,20241103,090039,20241103,142432,.,20250122,110915,20250202,115932,-1. Inapplicable,-1. Inapplicable
141459,ANES2024TimeSeries_20250808,TX,NA,20241024,175617,20241024,193620,.,.,NA,.,NA,-1. Inapplicable,-1. Inapplicable
141461,ANES2024TimeSeries_20250808,CO,NA,20240910,194849,20240910,210037,.,20241118,185831,20241118,185845,-1. Inapplicable,-1. Inapplicable
141462,ANES2024TimeSeries_20250808,TX,NA,20241012,015059,20241012,022757,.,20241119,213716,20241119,213808,-1. Inapplicable,-1. Inapplicable
141463,ANES2024TimeSeries_20250808,IN,NA,20240813,191247,20240813,210405,.,20241120,111427,20241120,111446,-1. Inapplicable,-1. Inapplicable
141464,ANES2024TimeSeries_20250808,OH,NA,20240809,121822,20240809,130942,.,20241113,234450,20241113,234500,-1. Inapplicable,-1. Inapplicable
141465,ANES2024TimeSeries_20250808,PA,NA,20240825,125813,20240825,151722,.,20241123,093151,20241123,113043,-1. Inapplicable,-1. Inapplicable
141466,ANES2024TimeSeries_20250808,WA,NA,20241029,213241,20241029,221013,.,20250115,211212,20250115,220728,-1. Inapplicable,-1. Inapplicable
141467,ANES2024TimeSeries_20250808,TN,NA,20240812,172152,20240812,181910,.,20241119,163859,20241119,163916,-1. Inapplicable,-1. Inapplicable
141468,ANES2024TimeSeries_20250808,NY,NA,20240809,092143,20240809,103502,.,20241113,200911,20241113,200925,-1. Inapplicable,-1. Inapplicable
141469,ANES2024TimeSeries_20250808,ID,NA,20240809,094644,20240809,103023,.,20241120,155312,20241120,155320,-1. Inapplicable,-1. Inapplicable
141470,ANES2024TimeSeries_20250808,ID,NA,20240909,211747,20240909,222629,.,20250212,194003,20250212,212406,-1. Inapplicable,-1. Inapplicable
141471,ANES2024TimeSeries_20250808,IL,NA,20240813,234030,20240814,010503,.,20241113,230950,20241113,231004,-1. Inapplicable,-1. Inapplicable
141472,ANES2024TimeSeries_20250808,IL,NA,20240809,091216,20240809,100503,.,20241113,215500,20241113,215533,-1. Inapplicable,-1. Inapplicable
141473,ANES2024TimeSeries_20250808,OH,NA,20240812,190217,20240812,195908,.,20250115,173505,20250115,204141,-1. Inapplicable,-1. Inapplicable
141474,ANES2024TimeSeries_20250808,CT,NA,20240809,082940,20240809,143400,.,.,NA,.,NA,-1. Inapplicable,-1. Inapplicable
141475,ANES2024TimeSeries_20250808,ND,NA,20240812,184955,20240812,205236,.,20241114,092337,20241114,092347,-1. Inapplicable,-1. Inapplicable
141476,ANES2024TimeSeries_20250808,CA,NA,20240809,160327,20240809,180509,.,20241114,173323,20241114,173337,-1. Inapplicable,-1. Inapplicable
141477,ANES2024TimeSeries_20250808,CA,NA,20240901,105147,20240902,072249,.,20241201,093342,.,-1,-1. Inapplicable,-1. Inapplicable
141478,ANES2024TimeSeries_20250808,PA,NA,20240812,185517,20240812,201328,.,20241119,213113,20241119,213124,-1. Inapplicable,-1. Inapplicable
141479,ANES2024TimeSeries_20250808,OH,NA,20240819,202734,20240819,213408,.,20241224,180900,20241224,191640,-1. Inapplicable,-1. Inapplicable
141482,ANES2024TimeSeries_20250808,VT,NA,20241017,184432,20241017,195952,.,20241203,174907,20241203,190907,-1. Inapplicable,-1. Inapplicable
141483,ANES2024TimeSeries_20250808,NM,NA,20240816,221136,20240817,001643,.,20250115,143015,20250115,162558,-1. Inapplicable,-1. Inapplicable
141485,ANES2024TimeSeries_20250808,FL,NA,20240810,073116,20240810,090236,.,20241119,161016,20241119,161033,-1. Inapplicable,-1. Inapplicable
141486,ANES2024TimeSeries_20250808,IL,NA,20240829,164103,20240829,173019,.,20241211,233523,20241212,002936,-1. Inapplicable,-1. Inapplicable
141487,ANES2024TimeSeries_20250808,FL,NA,20240815,203721,20240815,210720,.,20241121,131946,20241121,134214,-1. Inapplicable,-1. Inapplicable
141488,ANES2024TimeSeries_20250808,PA,NA,20240818,031427,20240818,044430,.,20241115,090518,20241115,090530,-1. Inapplicable,-1. Inapplicable
141489,ANES2024TimeSeries_20250808,OK,NA,20240812,151837,20240812,160541,.,20241121,103105,20241121,120551,-1. Inapplicable,-1. Inapplicable
141490,ANES2024TimeSeries_20250808,IA,NA,20240814,212549,20240814,223946,.,20241118,141255,20241118,141312,-1. Inapplicable,-1. Inapplicable
141491,ANES2024TimeSeries_20250808,IL,NA,20240809,223126,20240809,234705,.,20241121,213625,20241121,230540,-1. Inapplicable,-1. Inapplicable
141494,ANES2024TimeSeries_20250808,MI,NA,20240904,093452,20240904,100612,.,20241114,062256,20241114,062303,-1. Inapplicable,-1. Inapplicable
141495,ANES2024TimeSeries_20250808,MO,NA,20240930,214328,20241002,235521,.,20241120,205840,20241120,215558,-1. Inapplicable,-1. Inapplicable
141496,ANES2024TimeSeries_20250808,NC,NA,20240816,144146,20240816,153806,.,20241124,115725,20241124,125817,-1. Inapplicable,-1. Inapplicable
141497,ANES2024TimeSeries_20250808,MI,NA,20240813,130425,20240813,160131,.,20241217,190301,20241217,213220,-1. Inapplicable,-1. Inapplicable
141498,ANES2024TimeSeries_20250808,CA,NA,20240817,185056,20240817,192623,.,.,NA,.,NA,-1. Inapplicable,-1. Inapplicable
141500,ANES2024TimeSeries_20250808,FL,NA,20240814,132200,20240814,144348,.,20241208,082340,20241208,094241,-1. Inapplicable,-1. Inapplicable
141501,ANES2024TimeSeries_20250808,PA,NA,20240824,090400,20240824,093944,.,20241114,005200,20241114,005208,-1. Inapplicable,-1. Inapplicable
141502,ANES2024TimeSeries_20250808,WA,NA,20241017,184821,20241017,193122,.,20241223,214152,20241223,222807,-1. Inapplicable,-1. Inapplicable
141503,ANES2024TimeSeries_20250808,TX,NA,20240813,001411,20240813,005917,.,20241118,141112,20241118,141120,-1. Inapplicable,-1. Inapplicable
141504,ANES2024TimeSeries_20250808,KS,NA,20240815,120336,20240815,134915,.,20241127,143452,20241127,154256,-1. Inapplicable,-1. Inapplicable
141505,ANES2024TimeSeries_20250808,FL,NA,20240815,162540,20240815,170342,.,20241229,104303,20241229,113529,-1. Inapplicable,-1. Inapplicable
141506,ANES2024TimeSeries_20250808,AZ,NA,20240813,130410,20240813,144413,.,20241202,160149,20241202,173220,-1. Inapplicable,-1. Inapplicable
141507,ANES2024TimeSeries_20250808,MD,NA,20240818,164558,20240911,081858,.,20250117,111915,20250117,130935,-1. Inapplicable,-1. Inapplicable
141508,ANES2024TimeSeries_20250808,AL,NA,20240814,182700,20240814,195151,.,.,NA,.,NA,-1. Inapplicable,-1. Inapplicable
141509,ANES2024TimeSeries_20250808,OR,NA,20240812,155122,20240812,171528,.,20241120,151608,20241120,151623,-1. Inapplicable,-1. Inapplicable
141510,ANES2024TimeSeries_20250808,NY,NA,20240816,205411,20240816,230554,.,20241125,171619,20241125,210114,-1. Inapplicable,-1. Inapplicable
141511,ANES2024TimeSeries_20250808,CO,NA,20240811,160422,20240812,153206,.,20241120,105519,20241120,105525,-1. Inapplicable,-1. Inapplicable
141513,ANES2024TimeSeries_20250808,TX,NA,20240820,080155,20240820,085446,.,.,NA,.,NA,-1. Inapplicable,-1. Inapplicable
141514,ANES2024TimeSeries_20250808,KY,NA,20240812,130008,20240812,132748,.,20241115,084335,20241115,084339,-1. Inapplicable,-1. Inapplicable
141516,ANES2024TimeSeries_20250808,OK,NA,20240819,164626,20240819,182029,.,20241120,163402,20241120,201019,-1. Inapplicable,-1. Inapplicable
141517,ANES2024TimeSeries_20250808,MO,NA,20240813,191124,20240813,205306,.,20241114,154937,20241114,155006,-1. Inapplicable,-1. Inapplicable
141518,ANES2024TimeSeries_20250808,IL,NA,20240815,152232,20240815,162302,.,20241205,172354,20241205,182539,-1. Inapplicable,-1. Inapplicable
141519,ANES2024TimeSeries_20250808,IL,NA,20240815,230745,20240816,002929,.,20241113,203954,20241113,203959,-1. Inapplicable,-1. Inapplicable
141521,ANES2024TimeSeries_20250808,FL,NA,20240918,154646,20240918,162322,.,20241209,132818,20241209,140259,-1. Inapplicable,-1. Inapplicable
141522,ANES2024TimeSeries_20250808,MS,NA,20240905,075207,20240905,091716,.,20241123,090514,20241123,114225,-1. Inapplicable,-1. Inapplicable
141523,ANES2024TimeSeries_20250808,IN,NA,20240818,013506,20240818,034215,.,20241123,233707,20241124,003016,-1. Inapplicable,-1. Inapplicable
141524,ANES2024TimeSeries_20250808,CO,NA,20240924,004432,20240930,003048,.,20241113,234827,20241113,234840,-1. Inapplicable,-1. Inapplicable
141525,ANES2024TimeSeries_20250808,CA,NA,20240816,190638,20240816,202852,.,20241123,182607,20241123,194258,-1. Inapplicable,-1. Inapplicable
141526,ANES2024TimeSeries_20250808,NM,NA,20240910,191838,20240911,193214,.,20241125,153100,20241125,162845,-1. Inapplicable,-1. Inapplicable
141527,ANES2024TimeSeries_20250808,FL,NA,20240810,084619,20240810,094439,.,20241114,204638,20241114,204656,-1. Inapplicable,-1. Inapplicable
141528,ANES2024TimeSeries_20250808,GA,NA,20240814,132829,20240814,141339,.,20241130,133529,20241130,141857,-1. Inapplicable,-1. Inapplicable
141529,ANES2024TimeSeries_20250808,OH,NA,20240816,105354,20240816,120748,.,20241117,095439,20241117,095455,-1. Inapplicable,-1. Inapplicable
141530,ANES2024TimeSeries_20250808,CO,NA,20240914,185446,20240914,193159,.,20241113,223716,20241113,223722,-1. Inapplicable,-1. Inapplicable
141531,ANES2024TimeSeries_20250808,VA,NA,20240826,182924,.,-1,.,20250203,193740,20250203,213638,-1. Inapplicable,-1. Inapplicable
141532,ANES2024TimeSeries_20250808,GA,NA,20240813,191006,20240813,201519,.,20241120,205104,20241120,220213,-1. Inapplicable,-1. Inapplicable
141533,ANES2024TimeSeries_20250808,CA,NA,20240813,005907,20240813,022544,.,20241117,192227,20241117,192232,-1. Inapplicable,-1. Inapplicable
141534,ANES2024TimeSeries_20250808,NY,NA,20240814,103358,20240814,112344,.,20241117,094025,20241117,094042,-1. Inapplicable,-1. Inapplicable
141536,ANES2024TimeSeries_20250808,NE,NA,20240812,093458,20240812,111032,.,20241115,193333,20241115,193351,-1. Inapplicable,-1. Inapplicable
141537,ANES2024TimeSeries_20250808,GA,NA,20240813,083122,20240813,091132,.,20241120,135740,20241120,135751,-1. Inapplicable,-1. Inapplicable
141538,ANES2024TimeSeries_20250808,MS,NA,20240904,145837,20240904,154038,.,20241201,172915,20241201,175505,-1. Inapplicable,-1. Inapplicable
141539,ANES2024TimeSeries_20250808,AZ,NA,20240827,152324,20240827,185437,.,20250122,142201,20250122,154209,-1. Inapplicable,-1. Inapplicable
141540,ANES2024TimeSeries_20250808,GA,NA,20240813,123512,20240813,134651,.,20241114,121022,20241114,121038,-1. Inapplicable,-1. Inapplicable
141541,ANES2024TimeSeries_20250808,UT,NA,20240813,173949,20240813,184617,.,20241121,014009,20241121,024110,-1. Inapplicable,-1. Inapplicable
141542,ANES2024TimeSeries_20250808,MN,NA,20241022,220137,20241026,160648,.,20250217,123811,20250217,131912,-1. Inapplicable,-1. Inapplicable
141543,ANES2024TimeSeries_20250808,TX,NA,20240809,102153,20240809,112223,.,20241113,215520,20241113,215529,-1. Inapplicable,-1. Inapplicable
141544,ANES2024TimeSeries_20250808,LA,NA,20241024,182235,20241024,201754,.,20250129,101451,20250129,173516,-1. Inapplicable,-1. Inapplicable
141545,ANES2024TimeSeries_20250808,NH,NA,20240815,135625,20240815,152059,.,20241114,104011,20241114,104034,-1. Inapplicable,-1. Inapplicable
141546,ANES2024TimeSeries_20250808,NY,NA,20240822,105540,20240822,120954,.,20241127,165305,20241127,190858,-1. Inapplicable,-1. Inapplicable
141547,ANES2024TimeSeries_20250808,FL,NA,20240813,224421,20240814,103221,.,20250114,154922,20250116,145700,-1. Inapplicable,-1. Inapplicable
141548,ANES2024TimeSeries_20250808,CO,NA,20240825,194041,20240825,200659,.,20241120,111734,20241120,111755,-1. Inapplicable,-1. Inapplicable
141550,ANES2024TimeSeries_20250808,WA,NA,20240812,174920,20240812,185756,.,20241123,211620,20241123,223256,-1. Inapplicable,-1. Inapplicable
141551,ANES2024TimeSeries_20250808,CT,NA,20240904,153725,20240904,184839,.,20250122,122533,20250122,141334,-1. Inapplicable,-1. Inapplicable
141552,ANES2024TimeSeries_20250808,NY,NA,20240822,074057,20240822,084730,.,20241124,163149,20241124,174452,-1. Inapplicable,-1. Inapplicable
141553,ANES2024TimeSeries_20250808,IN,NA,20240814,061239,20240814,084235,.,20241228,012011,20250208,030756,-1. Inapplicable,-1. Inapplicable
141554,ANES2024TimeSeries_20250808,MN,NA,20240831,220012,20240831,231300,.,20241222,122951,20241222,132127,-1. Inapplicable,-1. Inapplicable
141555,ANES2024TimeSeries_20250808,TX,NA,20240816,224209,20240817,211127,.,20241115,120948,20241115,120957,-1. Inapplicable,-1. Inapplicable
141557,ANES2024TimeSeries_20250808,CA,NA,20241030,173633,20241031,103149,.,20250208,134208,20250208,161501,-1. Inapplicable,-1. Inapplicable
141558,ANES2024TimeSeries_20250808,PA,NA,20240826,175940,20240826,193847,.,20241121,193638,20241121,210305,-1. Inapplicable,-1. Inapplicable
141559,ANES2024TimeSeries_20250808,MT,NA,20240817,201737,20240817,212335,.,20241114,155015,20241114,155123,-1. Inapplicable,-1. Inapplicable
141560,ANES2024TimeSeries_20250808,CA,NA,20240814,160248,20240814,171250,.,20241117,160212,20241117,160225,-1. Inapplicable,-1. Inapplicable
141562,ANES2024TimeSeries_20250808,TN,NA,20241001,190711,20241001,203015,.,20241123,081035,20241123,090055,-1. Inapplicable,-1. Inapplicable
141565,ANES2024TimeSeries_20250808,MS,NA,20240809,091341,20240815,203526,.,20241119,165652,20241119,165659,-1. Inapplicable,-1. Inapplicable
141566,ANES2024TimeSeries_20250808,FL,NA,20240812,191414,20240812,205502,.,20241123,184655,20241123,205644,-1. Inapplicable,-1. Inapplicable
141567,ANES2024TimeSeries_20250808,NV,NA,20241030,125434,20241030,141924,.,20241113,224201,20241113,224216,-1. Inapplicable,-1. Inapplicable
141568,ANES2024TimeSeries_20250808,IA,NA,20241013,105035,20241013,115003,.,20241121,125444,20241121,145442,-1. Inapplicable,-1. Inapplicable
141570,ANES2024TimeSeries_20250808,CA,NA,20240809,092146,20240809,103846,.,20241113,215432,20241113,215459,-1. Inapplicable,-1. Inapplicable
141572,ANES2024TimeSeries_20250808,FL,NA,20240814,110401,20240815,112802,.,20241120,153122,20241120,153130,-1. Inapplicable,-1. Inapplicable
141573,ANES2024TimeSeries_20250808,VA,NA,20241001,212132,20241001,215504,.,20241223,170938,20241223,175044,-1. Inapplicable,-1. Inapplicable
141574,ANES2024TimeSeries_20250808,CA,NA,20240809,214115,20241010,003844,.,20241218,131352,20241231,151100,-1. Inapplicable,-1. Inapplicable
141575,ANES2024TimeSeries_20250808,PA,NA,20240813,123841,20240813,135751,.,20241201,115547,20250128,140128,-1. Inapplicable,-1. Inapplicable
141576,ANES2024TimeSeries_20250808,ID,NA,20240812,184020,20240812,213651,.,20241208,095235,20241208,154530,-1. Inapplicable,-1. Inapplicable
141577,ANES2024TimeSeries_20250808,OH,NA,20240812,183202,20240812,191722,.,20241120,191424,20241120,195558,-1. Inapplicable,-1. Inapplicable
141578,ANES2024TimeSeries_20250808,NC,NA,20240809,174553,20240809,191504,.,20241117,182608,20241117,182615,-1. Inapplicable,-1. Inapplicable
141580,ANES2024TimeSeries_20250808,NC,NA,20240811,095742,20240811,115208,.,20241116,165045,20241116,165104,-1. Inapplicable,-1. Inapplicable
141581,ANES2024TimeSeries_20250808,OH,NA,20240826,114150,20240826,191206,.,.,NA,.,NA,-1. Inapplicable,-1. Inapplicable
141582,ANES2024TimeSeries_20250808,AR,NA,20240809,094313,20240809,112129,.,20241118,185024,20241118,185046,-1. Inapplicable,-1. Inapplicable
141583,ANES2024TimeSeries_20250808,TX,NA,20240813,223353,20240817,174648,.,20241129,234241,20241130,003203,-1. Inapplicable,-1. Inapplicable
141584,ANES2024TimeSeries_20250808,GA,NA,20240812,162331,20240812,174559,.,20241118,143257,20241118,143305,-1. Inapplicable,-1. Inapplicable
141585,ANES2024TimeSeries_20250808,MD,NA,20240809,182753,20240809,190213,.,20241113,213300,20241113,213306,-1. Inapplicable,-1. Inapplicable
141587,ANES2024TimeSeries_20250808,IL,NA,20240909,145828,20240909,154335,.,20241203,163643,20241203,170948,-1. Inapplicable,-1. Inapplicable
141588,ANES2024TimeSeries_20250808,NJ,NA,20241020,085616,20241020,134905,.,20241124,142157,20241124,220816,-1. Inapplicable,-1. Inapplicable
141589,ANES2024TimeSeries_20250808,NH,NA,20240815,200942,20240815,210109,.,20241122,173745,20241122,182748,-1. Inapplicable,-1. Inapplicable
141591,ANES2024TimeSeries_20250808,MN,NA,20240823,152156,20240823,161549,.,20241127,123641,20241127,131258,-1. Inapplicable,-1. Inapplicable
141592,ANES2024TimeSeries_20250808,OH,NA,20240814,182759,20240814,193549,.,20241113,194340,20241113,194347,-1. Inapplicable,-1. Inapplicable
141594,ANES2024TimeSeries_20250808,CA,NA,20240815,214600,20240815,235754,.,20241119,150754,20241119,151749,-1. Inapplicable,-1. Inapplicable
141595,ANES2024TimeSeries_20250808,NC,NA,20240823,105320,20240829,140107,.,20241125,123044,20241211,133523,-1. Inapplicable,-1. Inapplicable
141596,ANES2024TimeSeries_20250808,WI,NA,20240812,203050,20240812,214025,.,20241119,092033,20241119,092049,-1. Inapplicable,-1. Inapplicable
141598,ANES2024TimeSeries_20250808,TX,NA,20240830,165305,20241016,135211,.,20241120,151534,20241120,151548,-1. Inapplicable,-1. Inapplicable
141599,ANES2024TimeSeries_20250808,IL,NA,20240817,115005,20240903,131118,.,20241120,140254,20241120,140303,-1. Inapplicable,-1. Inapplicable
141600,ANES2024TimeSeries_20250808,SC,NA,20240813,165125,20240813,192123,.,20241115,175339,20241115,175420,-1. Inapplicable,-1. Inapplicable
141601,ANES2024TimeSeries_20250808,CT,NA,20240809,215257,20240813,084117,.,20241124,124654,20241215,093156,-1. Inapplicable,-1. Inapplicable
141603,ANES2024TimeSeries_20250808,NH,NA,20241012,171646,20241012,182808,.,20241129,164039,20241201,141048,-1. Inapplicable,-1. Inapplicable
141604,ANES2024TimeSeries_20250808,KY,NA,20240811,161628,20240811,183825,.,20250126,171827,20250126,205102,-1. Inapplicable,-1. Inapplicable
141605,ANES2024TimeSeries_20250808,KS,NA,20240826,102546,20240826,122608,.,20241120,173530,20241120,185705,-1. Inapplicable,-1. Inapplicable
141606,ANES2024TimeSeries_20250808,KS,NA,20240809,115945,20240809,142450,.,20241123,113105,20241125,122938,-1. Inapplicable,-1. Inapplicable
141607,ANES2024TimeSeries_20250808,TN,NA,20240816,112528,20240816,120822,.,20241116,131904,20241116,131917,-1. Inapplicable,-1. Inapplicable
141608,ANES2024TimeSeries_20250808,WI,NA,20240813,142708,20240813,160718,.,20241203,161349,20241203,180302,-1. Inapplicable,-1. Inapplicable
141610,ANES2024TimeSeries_20250808,AR,NA,20241011,155234,20241011,170731,.,20241204,170809,20241205,104238,-1. Inapplicable,-1. Inapplicable
141611,ANES2024TimeSeries_20250808,KS,NA,20240822,091902,20240822,100514,.,20250115,184406,20250115,203210,-1. Inapplicable,-1. Inapplicable
141613,ANES2024TimeSeries_20250808,NY,NA,20240821,114403,20240821,133456,.,20241120,182633,20241120,202510,-1. Inapplicable,-1. Inapplicable
141614,ANES2024TimeSeries_20250808,GA,NA,20240819,091450,20240819,094410,.,20241121,120927,20241121,124644,-1. Inapplicable,-1. Inapplicable
141615,ANES2024TimeSeries_20250808,TX,NA,20240903,191647,20240903,205514,.,20241118,203136,20241118,203212,-1. Inapplicable,-1. Inapplicable
141616,ANES2024TimeSeries_20250808,VT,NA,20240809,201939,20240809,210248,.,20241119,095615,20241119,095623,-1. Inapplicable,-1. Inapplicable
141618,ANES2024TimeSeries_20250808,CA,NA,20240816,140213,20240816,144803,.,20241114,121007,20241114,121024,-1. Inapplicable,-1. Inapplicable
141619,ANES2024TimeSeries_20250808,OH,NA,20240816,205726,20240816,222953,.,20241115,183749,20241115,183809,-1. Inapplicable,-1. Inapplicable
141620,ANES2024TimeSeries_20250808,IL,NA,20240815,200706,20240815,210538,.,20241119,235023,20241119,235031,-1. Inapplicable,-1. Inapplicable
141621,ANES2024TimeSeries_20250808,WI,NA,20240908,110606,20240908,115310,.,20241120,234119,20241121,230719,-1. Inapplicable,-1. Inapplicable
141622,ANES2024TimeSeries_20250808,KS,NA,20240923,190315,20240923,201923,.,20241203,164330,20241203,175028,-1. Inapplicable,-1. Inapplicable
141623,ANES2024TimeSeries_20250808,MA,NA,20240817,012842,20240817,021915,.,20241118,185310,20241118,185347,-1. Inapplicable,-1. Inapplicable
141624,ANES2024TimeSeries_20250808,NC,NA,20240821,153848,20240821,162230,.,20241227,173602,20241227,181829,-1. Inapplicable,-1. Inapplicable
141626,ANES2024TimeSeries_20250808,MS,NA,20240826,170747,20240826,181446,.,20241207,075529,20241207,090727,-1. Inapplicable,-1. Inapplicable
141627,ANES2024TimeSeries_20250808,TX,NA,20240815,100217,20240815,110729,.,20241206,102922,20241206,114801,-1. Inapplicable,-1. Inapplicable
141628,ANES2024TimeSeries_20250808,NY,NA,20241010,223356,20241010,235719,.,20241212,104557,20241212,123738,-1. Inapplicable,-1. Inapplicable
141629,ANES2024TimeSeries_20250808,TX,NA,20240814,171627,20240814,181353,.,20241123,200118,20241123,210026,-1. Inapplicable,-1. Inapplicable
141630,ANES2024TimeSeries_20250808,TN,NA,20240815,104653,20240815,120111,.,20250106,145441,20250106,160212,-1. Inapplicable,-1. Inapplicable
141632,ANES2024TimeSeries_20250808,PA,NA,20240809,103902,20240809,115104,.,20241114,142717,20241114,142725,-1. Inapplicable,-1. Inapplicable
141634,ANES2024TimeSeries_20250808,TX,NA,20240812,194035,20240812,203818,.,20241126,181105,20241126,184700,-1. Inapplicable,-1. Inapplicable
141636,ANES2024TimeSeries_20250808,DC,NA,20240917,204435,20240917,212915,.,.,NA,.,NA,-1. Inapplicable,-1. Inapplicable
141637,ANES2024TimeSeries_20250808,ID,NA,20240827,122731,20240827,140543,.,20241230,154024,20241230,173159,-1. Inapplicable,-1. Inapplicable
141638,ANES2024TimeSeries_20250808,OH,NA,20241006,092342,20241006,104840,.,20241121,084728,20241121,100523,-1. Inapplicable,-1. Inapplicable
141639,ANES2024TimeSeries_20250808,NY,NA,20240816,181723,20240816,190909,.,20241205,185246,20241205,191639,-1. Inapplicable,-1. Inapplicable
141640,ANES2024TimeSeries_20250808,TX,NA,20240814,121228,20240814,131723,.,20241119,122752,20241119,122810,-1. Inapplicable,-1. Inapplicable
141642,ANES2024TimeSeries_20250808,SC,NA,20240814,144921,20240814,154656,.,20241230,081603,20241230,095826,-1. Inapplicable,-1. Inapplicable
141643,ANES2024TimeSeries_20250808,NY,NA,20240809,181846,20240813,213421,.,20241123,220444,20241203,202503,-1. Inapplicable,-1. Inapplicable
141644,ANES2024TimeSeries_20250808,MD,NA,20240812,161135,20240812,163412,.,20250207,161605,20250207,163722,-1. Inapplicable,-1. Inapplicable
141647,ANES2024TimeSeries_20250808,NJ,NA,20240815,163117,20240815,172740,.,20241129,212329,20241129,221852,-1. Inapplicable,-1. Inapplicable
141649,ANES2024TimeSeries_20250808,IL,NA,20240810,094354,20240810,113325,.,20241119,173942,20241119,173956,-1. Inapplicable,-1. Inapplicable
141651,ANES2024TimeSeries_20250808,TX,NA,20240813,122627,20240813,135956,.,20250103,132731,20250116,152625,-1. Inapplicable,-1. Inapplicable
141654,ANES2024TimeSeries_20250808,MN,NA,20240813,142519,20240813,165347,.,20241206,135131,20241206,162419,-1. Inapplicable,-1. Inapplicable
141655,ANES2024TimeSeries_20250808,IL,NA,20240809,182812,20240809,200400,.,20241206,194721,20241206,213329,-1. Inapplicable,-1. Inapplicable
141656,ANES2024TimeSeries_20250808,OH,NA,20240809,100017,20240809,115722,.,20241113,202626,20241113,202637,-1. Inapplicable,-1. Inapplicable
141657,ANES2024TimeSeries_20250808,MD,NA,20240810,094521,20240810,102624,.,20241123,112854,20241123,125030,-1. Inapplicable,-1. Inapplicable
141659,ANES2024TimeSeries_20250808,PA,NA,20240812,125544,20240812,133543,.,20241121,111230,20241121,115529,-1. Inapplicable,-1. Inapplicable
141660,ANES2024TimeSeries_20250808,PA,NA,20240813,223258,20240813,232634,.,20241125,074404,20241125,084027,-1. Inapplicable,-1. Inapplicable
141661,ANES2024TimeSeries_20250808,IL,NA,20240814,185217,20240814,193317,.,20241120,183828,20241120,192903,-1. Inapplicable,-1. Inapplicable
141662,ANES2024TimeSeries_20250808,TX,NA,20241027,191234,20241027,195040,.,20250211,083341,20250211,092601,-1. Inapplicable,-1. Inapplicable
141663,ANES2024TimeSeries_20250808,OH,NA,20240816,164240,20240816,183306,.,20241206,112421,20241206,123405,-1. Inapplicable,-1. Inapplicable
141664,ANES2024TimeSeries_20250808,FL,NA,20241104,110030,20241104,123523,.,20250117,162350,20250117,180226,-1. Inapplicable,-1. Inapplicable
141665,ANES2024TimeSeries_20250808,MD,NA,20240815,140124,20240817,115946,.,20241115,122802,20241115,122825,-1. Inapplicable,-1. Inapplicable
141666,ANES2024TimeSeries_20250808,MI,NA,20240815,135735,20240815,150207,.,20241114,153822,20241114,153841,-1. Inapplicable,-1. Inapplicable
141667,ANES2024TimeSeries_20250808,FL,NA,20240825,214420,20240826,005133,.,20250207,170221,20250207,193224,-1. Inapplicable,-1. Inapplicable
141668,ANES2024TimeSeries_20250808,CT,NA,20240813,130208,20240813,134737,.,20241118,175130,20241118,175139,-1. Inapplicable,-1. Inapplicable
141671,ANES2024TimeSeries_20250808,TX,NA,20240815,124944,20240815,142800,.,20241121,111223,20241121,123645,-1. Inapplicable,-1. Inapplicable
141672,ANES2024TimeSeries_20250808,NM,NA,20240816,185359,20240816,194936,.,.,NA,.,NA,-1. Inapplicable,-1. Inapplicable
141673,ANES2024TimeSeries_20250808,MO,NA,20240816,175753,20240816,183830,.,20241208,164257,20241208,172639,-1. Inapplicable,-1. Inapplicable
141674,ANES2024TimeSeries_20250808,MA,NA,20240928,091442,20240928,101256,.,20241230,123954,20241230,132248,-1. Inapplicable,-1. Inapplicable
141675,ANES2024TimeSeries_20250808,CA,NA,20240809,131236,20240809,142953,.,20241121,130851,20241121,135020,-1. Inapplicable,-1. Inapplicable
141677,ANES2024TimeSeries_20250808,AL,NA,20240813,141617,20240813,150147,.,20241120,104428,20241120,104435,-1. Inapplicable,-1. Inapplicable
141678,ANES2024TimeSeries_20250808,FL,NA,20240819,171731,20240819,184424,.,20241115,213948,20241115,214002,-1. Inapplicable,-1. Inapplicable
141680,ANES2024TimeSeries_20250808,VA,NA,20240809,133641,20240816,194004,.,20241120,164623,20241206,094601,-1. Inapplicable,-1. Inapplicable
141681,ANES2024TimeSeries_20250808,IL,NA,20240826,183903,20240826,193811,.,20241118,205855,20241118,205925,-1. Inapplicable,-1. Inapplicable
141682,ANES2024TimeSeries_20250808,NY,NA,20240812,134728,20240812,150440,.,20241123,090703,20241123,111613,-1. Inapplicable,-1. Inapplicable
141683,ANES2024TimeSeries_20250808,GA,NA,20240814,105816,20240903,203048,.,20241230,174637,20241230,192225,-1. Inapplicable,-1. Inapplicable
141684,ANES2024TimeSeries_20250808,CO,NA,20240814,195709,20240814,224135,.,20241119,074342,20241119,074359,-1. Inapplicable,-1. Inapplicable
141685,ANES2024TimeSeries_20250808,MD,NA,20240813,152354,20240814,162900,.,20241123,153252,20241125,091959,-1. Inapplicable,-1. Inapplicable
141686,ANES2024TimeSeries_20250808,CO,NA,20240822,201317,20240824,200600,.,20241113,220948,20241116,231450,-1. Inapplicable,-1. Inapplicable
141687,ANES2024TimeSeries_20250808,MN,NA,20240812,142441,20240812,171846,.,20241201,120133,20241201,134907,-1. Inapplicable,-1. Inapplicable
141688,ANES2024TimeSeries_20250808,GA,NA,20240818,103114,20240818,114642,.,20241113,213255,20241113,214434,-1. Inapplicable,-1. Inapplicable
141689,ANES2024TimeSeries_20250808,AR,NA,20240812,194926,20240812,212412,.,20241119,074159,20241119,074222,-1. Inapplicable,-1. Inapplicable
141690,ANES2024TimeSeries_20250808,VA,NA,20240816,205244,20240816,225528,.,20241126,123925,20241205,000114,-1. Inapplicable,-1. Inapplicable
141692,ANES2024TimeSeries_20250808,FL,NA,20240813,182214,20240813,192201,.,20250122,174946,20250122,184534,-1. Inapplicable,-1. Inapplicable
141696,ANES2024TimeSeries_20250808,OR,NA,20240809,184331,20240810,133644,.,20241114,205450,20241114,205513,-1. Inapplicable,-1. Inapplicable
141698,ANES2024TimeSeries_20250808,MD,NA,20240814,090623,20240814,115414,.,20241120,143454,20241120,143505,-1. Inapplicable,-1. Inapplicable
141699,ANES2024TimeSeries_20250808,IN,NA,20240812,162422,20240812,171047,.,20241129,172033,20241129,175137,-1. Inapplicable,-1. Inapplicable
141700,ANES2024TimeSeries_20250808,SC,NA,20240819,102655,20240828,085628,.,20241227,192920,20241227,202916,-1. Inapplicable,-1. Inapplicable
141701,ANES2024TimeSeries_20250808,KS,NA,20240820,112833,20240820,123221,.,20241204,155607,20241205,112217,-1. Inapplicable,-1. Inapplicable
141702,ANES2024TimeSeries_20250808,PA,NA,20240812,145037,20240812,163217,.,20241126,165253,20241126,174319,-1. Inapplicable,-1. Inapplicable
141703,ANES2024TimeSeries_20250808,UT,NA,20240809,112844,20240809,132551,.,20241118,181842,20241118,181853,-1. Inapplicable,-1. Inapplicable
141704,ANES2024TimeSeries_20250808,FL,NA,20241030,203436,20241030,222021,.,20241119,205230,20241119,205247,-1. Inapplicable,-1. Inapplicable
141705,ANES2024TimeSeries_20250808,MD,NA,20240813,151026,20240813,164322,.,20241114,111820,20241114,111847,-1. Inapplicable,-1. Inapplicable
141706,ANES2024TimeSeries_20250808,MD,NA,20240809,095553,20240809,104841,.,20241114,052015,20241114,052025,-1. Inapplicable,-1. Inapplicable
141707,ANES2024TimeSeries_20250808,MD,NA,20241022,220426,20241022,235053,.,20241121,000225,20241121,011903,-1. Inapplicable,-1. Inapplicable
141708,ANES2024TimeSeries_20250808,DC,NA,20240915,213750,20240915,233847,.,.,NA,.,NA,-1. Inapplicable,-1. Inapplicable
141709,ANES2024TimeSeries_20250808,CA,NA,20240813,135134,20240813,145811,.,20241117,115726,20241117,115735,-1. Inapplicable,-1. Inapplicable
141710,ANES2024TimeSeries_20250808,MA,NA,20240812,161232,20240812,191339,.,20241117,191843,20241117,191859,-1. Inapplicable,-1. Inapplicable
141711,ANES2024TimeSeries_20250808,GA,NA,20240826,110550,20240826,120343,.,20241121,161844,20241121,170600,-1. Inapplicable,-1. Inapplicable
141712,ANES2024TimeSeries_20250808,DC,NA,20240818,193220,20240818,202417,.,20241117,114124,20241117,114133,-1. Inapplicable,-1. Inapplicable
141713,ANES2024TimeSeries_20250808,MD,NA,20240813,152101,20240813,163150,.,20241203,162010,20241203,171948,-1. Inapplicable,-1. Inapplicable
141714,ANES2024TimeSeries_20250808,MS,NA,20240817,161443,20240817,180326,.,20241119,203447,20241119,203500,-1. Inapplicable,-1. Inapplicable
141715,ANES2024TimeSeries_20250808,OH,NA,20240813,120359,20240813,135915,.,20241114,110747,20241114,110810,-1. Inapplicable,-1. Inapplicable
141716,ANES2024TimeSeries_20250808,MN,NA,20240811,100731,20240811,113824,.,20241125,104728,20241125,121808,-1. Inapplicable,-1. Inapplicable
141718,ANES2024TimeSeries_20250808,TX,NA,20240817,205056,20240818,005229,.,20241209,220345,20241209,225532,-1. Inapplicable,-1. Inapplicable
141719,ANES2024TimeSeries_20250808,IA,NA,20240809,204944,20240809,212128,.,20241124,132812,20241124,140729,-1. Inapplicable,-1. Inapplicable
141720,ANES2024TimeSeries_20250808,NM,NA,20240826,133944,20240826,142157,.,.,NA,.,NA,-1. Inapplicable,-1. Inapplicable
141723,ANES2024TimeSeries_20250808,SC,NA,20240906,090730,20240906,095241,.,20241202,151308,20241202,160512,-1. Inapplicable,-1. Inapplicable
141724,ANES2024TimeSeries_20250808,WI,NA,20240815,001330,20240815,020027,.,20241125,221921,20241126,040711,-1. Inapplicable,-1. Inapplicable
141725,ANES2024TimeSeries_20250808,CO,NA,20240822,121547,20240822,145459,.,20241118,155356,20241118,155413,-1. Inapplicable,-1. Inapplicable
141727,ANES2024TimeSeries_20250808,CT,NA,20241103,160214,20241103,164616,.,20241115,154129,20241124,122805,-1. Inapplicable,-1. Inapplicable
141728,ANES2024TimeSeries_20250808,VA,NA,20241103,204818,20241103,215531,.,20250216,232025,20250217,001530,-1. Inapplicable,-1. Inapplicable
141729,ANES2024TimeSeries_20250808,AL,NA,20240813,123644,20240813,134408,.,20241119,114548,20241119,114555,-1. Inapplicable,-1. Inapplicable
141730,ANES2024TimeSeries_20250808,NJ,NA,20240926,193210,20240926,214337,.,20241203,002041,20241203,020925,-1. Inapplicable,-1. Inapplicable
141731,ANES2024TimeSeries_20250808,UT,NA,20240815,184917,.,-1,.,.,NA,.,NA,-1. Inapplicable,-1. Inapplicable
141732,ANES2024TimeSeries_20250808,IL,NA,20240818,135023,20240831,130447,.,20241117,182724,20241117,182738,-1. Inapplicable,-1. Inapplicable
141733,ANES2024TimeSeries_20250808,VA,NA,20240815,084157,20240815,093838,.,20241120,170820,20241120,181650,-1. Inapplicable,-1. Inapplicable
141736,ANES2024TimeSeries_20250808,FL,NA,20240809,183525,20240809,195305,.,20241120,075413,20241120,075429,-1. Inapplicable,-1. Inapplicable
141739,ANES2024TimeSeries_20250808,CA,NA,20240827,142820,20240827,153337,.,20241210,154551,20241210,165212,-1. Inapplicable,-1. Inapplicable
141740,ANES2024TimeSeries_20250808,IL,NA,20241026,142433,20241026,155347,.,.,NA,.,NA,-1. Inapplicable,-1. Inapplicable
141741,ANES2024TimeSeries_20250808,TX,NA,20240814,204818,20240814,233417,.,20241121,002334,20241122,143951,-1. Inapplicable,-1. Inapplicable
141742,ANES2024TimeSeries_20250808,CA,NA,20241014,005241,20241014,031247,.,20241120,011311,20241120,011354,-1. Inapplicable,-1. Inapplicable
141744,ANES2024TimeSeries_20250808,TX,NA,20240809,214816,20240809,224747,.,20241116,111314,20241116,111325,-1. Inapplicable,-1. Inapplicable
141745,ANES2024TimeSeries_20250808,FL,NA,20240816,122947,20240816,133315,.,20250116,132444,20250116,150410,-1. Inapplicable,-1. Inapplicable
141746,ANES2024TimeSeries_20250808,LA,NA,20240813,153315,20240813,163001,.,.,NA,.,NA,-1. Inapplicable,-1. Inapplicable
141747,ANES2024TimeSeries_20250808,IN,NA,20240809,114818,20240809,125240,.,20241201,184439,20241201,195100,-1. Inapplicable,-1. Inapplicable
141748,ANES2024TimeSeries_20250808,UT,NA,20240809,120522,20240809,133528,.,20241231,104718,20241231,132602,-1. Inapplicable,-1. Inapplicable
141749,ANES2024TimeSeries_20250808,MA,NA,20240815,194709,20240815,203718,.,20241122,085727,20241122,093933,-1. Inapplicable,-1. Inapplicable
141750,ANES2024TimeSeries_20250808,OH,NA,20240813,202152,20240813,213354,.,20241113,230906,20241113,230918,-1. Inapplicable,-1. Inapplicable
141751,ANES2024TimeSeries_20250808,NY,NA,20240809,180935,20240809,185000,.,20241118,175506,20241118,175512,-1. Inapplicable,-1. Inapplicable
141752,ANES2024TimeSeries_20250808,MA,NA,20240818,130957,20240818,134529,.,20241226,104930,20241226,112451,-1. Inapplicable,-1. Inapplicable
141753,ANES2024TimeSeries_20250808,GA,NA,20240826,172651,20240826,180643,.,20241115,172432,20241115,172441,-1. Inapplicable,-1. Inapplicable
141755,ANES2024TimeSeries_20250808,PA,NA,20240812,132051,20240812,143242,.,20241121,131613,20241121,145337,-1. Inapplicable,-1. Inapplicable
141756,ANES2024TimeSeries_20250808,PA,NA,20240827,103247,20240827,114010,.,20241121,125700,20241121,135733,-1. Inapplicable,-1. Inapplicable
141757,ANES2024TimeSeries_20250808,NC,NA,20240812,195636,20240812,210849,.,20241113,215627,20241113,215640,-1. Inapplicable,-1. Inapplicable
141758,ANES2024TimeSeries_20250808,VA,NA,20240815,091133,20240815,095900,.,20250118,103122,20250118,114634,-1. Inapplicable,-1. Inapplicable
141759,ANES2024TimeSeries_20250808,CT,NA,20240809,095156,20240809,110112,.,20241126,115632,20241126,130705,-1. Inapplicable,-1. Inapplicable
141760,ANES2024TimeSeries_20250808,CA,NA,20240809,134547,20240809,142801,.,20241113,205101,20241113,205119,-1. Inapplicable,-1. Inapplicable
141761,ANES2024TimeSeries_20250808,NY,NA,20240812,211526,20240812,222949,.,20241114,203840,20241114,203859,-1. Inapplicable,-1. Inapplicable
141762,ANES2024TimeSeries_20250808,MI,NA,20240813,105337,20240813,120116,.,20241122,135234,20241122,144344,-1. Inapplicable,-1. Inapplicable
141763,ANES2024TimeSeries_20250808,TN,NA,20240911,175109,20240911,191255,.,20250210,185943,20250210,200350,-1. Inapplicable,-1. Inapplicable
141764,ANES2024TimeSeries_20250808,TN,NA,20240819,153934,20240819,163824,.,20241122,091905,20241122,101431,-1. Inapplicable,-1. Inapplicable
141766,ANES2024TimeSeries_20250808,CA,NA,20240901,092917,20240901,102202,.,20241204,092117,20241204,114743,-1. Inapplicable,-1. Inapplicable
141767,ANES2024TimeSeries_20250808,AR,NA,20240824,120105,20240824,130440,.,20241203,215228,20241203,223054,-1. Inapplicable,-1. Inapplicable
141769,ANES2024TimeSeries_20250808,CA,NA,20241029,143704,20241029,164320,.,20250115,175300,20250115,221523,-1. Inapplicable,-1. Inapplicable
141770,ANES2024TimeSeries_20250808,ID,NA,20240809,122708,20240809,131417,.,20241114,000427,20241114,000441,-1. Inapplicable,-1. Inapplicable
141771,ANES2024TimeSeries_20250808,IL,NA,20240817,125110,20240817,150405,.,20241207,142118,20241207,193943,-1. Inapplicable,-1. Inapplicable
141772,ANES2024TimeSeries_20250808,PA,NA,20240809,124116,20240809,135705,.,20241113,210611,20241113,210640,-1. Inapplicable,-1. Inapplicable
141773,ANES2024TimeSeries_20250808,WA,NA,20240824,194816,20240824,203234,.,20241123,171531,20241123,174802,-1. Inapplicable,-1. Inapplicable
141776,ANES2024TimeSeries_20250808,CA,NA,20240825,141713,20240826,234322,.,20250126,184954,20250126,203619,-1. Inapplicable,-1. Inapplicable
141777,ANES2024TimeSeries_20250808,AZ,NA,20240819,202518,20240819,213424,.,20241125,212601,20241125,222527,-1. Inapplicable,-1. Inapplicable
141778,ANES2024TimeSeries_20250808,TX,NA,20240809,134943,20240915,162303,.,20241113,221927,20250117,121551,-1. Inapplicable,-1. Inapplicable
141780,ANES2024TimeSeries_20250808,GA,NA,20240812,163259,20240813,165442,.,20241125,115234,20241125,130602,-1. Inapplicable,-1. Inapplicable
141782,ANES2024TimeSeries_20250808,TX,NA,20240813,203924,20240813,215535,.,20241203,190545,20241203,201822,-1. Inapplicable,-1. Inapplicable
141783,ANES2024TimeSeries_20250808,PA,NA,20240819,165152,20240819,185252,.,20241202,074338,20241202,085640,-1. Inapplicable,-1. Inapplicable
141785,ANES2024TimeSeries_20250808,NC,NA,20241010,105518,20241010,121304,.,20241227,223758,20241227,232040,-1. Inapplicable,-1. Inapplicable
141786,ANES2024TimeSeries_20250808,MN,NA,20240812,213644,20240812,222549,.,20241113,210550,20241113,210558,-1. Inapplicable,-1. Inapplicable
141787,ANES2024TimeSeries_20250808,OH,NA,20240813,132313,20240813,150851,.,20250116,134231,20250116,145037,-1. Inapplicable,-1. Inapplicable
141788,ANES2024TimeSeries_20250808,CA,NA,20240813,215053,20240813,233309,.,20241116,162933,20241116,162957,-1. Inapplicable,-1. Inapplicable
141789,ANES2024TimeSeries_20250808,MI,NA,20240809,084848,20240809,100646,.,20241114,061725,20241114,061746,-1. Inapplicable,-1. Inapplicable
141790,ANES2024TimeSeries_20250808,KS,NA,20240816,193617,20240817,030805,.,20241122,144636,20241122,170604,-1. Inapplicable,-1. Inapplicable
141792,ANES2024TimeSeries_20250808,CA,NA,20240817,001114,20240817,013846,.,20241229,184236,20241229,195044,-1. Inapplicable,-1. Inapplicable
141793,ANES2024TimeSeries_20250808,KY,NA,20240814,131804,20240814,141311,.,20241114,072120,20241114,072135,-1. Inapplicable,-1. Inapplicable
141794,ANES2024TimeSeries_20250808,PA,NA,20240817,061352,20240817,070820,.,20241115,173317,20241115,173324,-1. Inapplicable,-1. Inapplicable
141795,ANES2024TimeSeries_20250808,TX,NA,20240901,142049,20240901,151410,.,20241122,210719,20241122,213730,-1. Inapplicable,-1. Inapplicable
141797,ANES2024TimeSeries_20250808,KY,NA,20240809,113912,20240809,122207,.,20241114,074358,20241114,074408,-1. Inapplicable,-1. Inapplicable
141798,ANES2024TimeSeries_20250808,MI,NA,20241010,195439,20241011,080908,.,20241227,155910,20241227,165210,-1. Inapplicable,-1. Inapplicable
141799,ANES2024TimeSeries_20250808,OH,NA,20240819,221917,20240819,225916,.,20241120,162429,20241120,171852,-1. Inapplicable,-1. Inapplicable
141800,ANES2024TimeSeries_20250808,NC,NA,20240809,183650,20240809,193227,.,20241120,190411,20241120,195704,-1. Inapplicable,-1. Inapplicable
141801,ANES2024TimeSeries_20250808,MA,NA,20240820,101557,20240820,112858,.,20250116,092338,20250116,104253,-1. Inapplicable,-1. Inapplicable
141803,ANES2024TimeSeries_20250808,PA,NA,20240813,102915,20240813,110549,.,20241223,201324,20241223,210205,-1. Inapplicable,-1. Inapplicable
141804,ANES2024TimeSeries_20250808,MI,NA,20240820,185232,20240820,202201,.,20241129,134629,.,-1,-1. Inapplicable,-1. Inapplicable
141806,ANES2024TimeSeries_20250808,CO,NA,20240814,190947,20240814,201342,.,20241118,131545,20241118,131603,-1. Inapplicable,-1. Inapplicable
141807,ANES2024TimeSeries_20250808,CO,NA,20241010,182610,20241101,152157,.,20250116,191853,20250121,232102,-1. Inapplicable,-1. Inapplicable
141808,ANES2024TimeSeries_20250808,KY,NA,20240816,072010,20240816,081228,.,20250211,072910,20250211,080624,-1. Inapplicable,-1. Inapplicable
141810,ANES2024TimeSeries_20250808,TX,NA,20240809,120702,20240809,133335,.,20241220,132706,20241221,041739,-1. Inapplicable,-1. Inapplicable
141811,ANES2024TimeSeries_20250808,ID,NA,20240816,182927,20240816,193531,.,20241222,114502,20241222,125138,-1. Inapplicable,-1. Inapplicable
141812,ANES2024TimeSeries_20250808,VA,NA,20241011,152910,20241011,190324,.,.,NA,.,NA,-1. Inapplicable,-1. Inapplicable
141813,ANES2024TimeSeries_20250808,KY,NA,20240913,203856,20240913,213359,.,20241224,162248,20241224,183101,-1. Inapplicable,-1. Inapplicable
141814,ANES2024TimeSeries_20250808,MD,NA,20241019,181034,20241019,182446,.,.,NA,.,NA,-1. Inapplicable,-1. Inapplicable
141815,ANES2024TimeSeries_20250808,MO,NA,20241011,191438,20241012,154136,.,.,NA,.,NA,-1. Inapplicable,-1. Inapplicable
141816,ANES2024TimeSeries_20250808,TN,NA,20240809,112633,20240809,121636,.,20241120,093503,20241120,093520,-1. Inapplicable,-1. Inapplicable
141817,ANES2024TimeSeries_20250808,FL,NA,20240813,211258,20240819,000639,.,20250208,152259,20250208,164715,-1. Inapplicable,-1. Inapplicable
141818,ANES2024TimeSeries_20250808,OH,NA,20240813,170056,20240813,182048,.,20241117,053427,20241117,053440,-1. Inapplicable,-1. Inapplicable
141820,ANES2024TimeSeries_20250808,MA,NA,20240813,122208,20240813,131336,.,20241125,160001,20241125,182020,-1. Inapplicable,-1. Inapplicable
141821,ANES2024TimeSeries_20250808,MI,NA,20240814,161542,20240814,171241,.,20241119,101719,20241119,101755,-1. Inapplicable,-1. Inapplicable
141822,ANES2024TimeSeries_20250808,FL,NA,20240819,142237,20240819,152638,.,20241203,130036,20241203,140857,-1. Inapplicable,-1. Inapplicable
141823,ANES2024TimeSeries_20250808,IL,NA,20240816,114528,20240816,125230,.,20241113,185241,20241113,185251,-1. Inapplicable,-1. Inapplicable
141824,ANES2024TimeSeries_20250808,TX,NA,20240814,144347,20240814,165554,.,20241129,140906,20241129,153050,-1. Inapplicable,-1. Inapplicable
141825,ANES2024TimeSeries_20250808,CO,NA,20240810,113937,20240810,125351,.,20241114,133959,20241114,134012,-1. Inapplicable,-1. Inapplicable
141826,ANES2024TimeSeries_20250808,FL,NA,20240812,143021,20240812,154336,.,20250123,031917,20250123,044328,-1. Inapplicable,-1. Inapplicable
141827,ANES2024TimeSeries_20250808,KS,NA,20240909,195824,20240910,201354,.,20241126,102900,20241126,120553,-1. Inapplicable,-1. Inapplicable
141828,ANES2024TimeSeries_20250808,MS,NA,20240815,153646,20240816,143623,.,20241114,074256,20241114,074404,-1. Inapplicable,-1. Inapplicable
141829,ANES2024TimeSeries_20250808,IL,NA,20240814,120058,20240814,132600,.,20241219,104646,20241219,120931,-1. Inapplicable,-1. Inapplicable
141830,ANES2024TimeSeries_20250808,SC,NA,20241014,135602,20241023,000519,.,20241230,123421,.,-1,-1. Inapplicable,-1. Inapplicable
141832,ANES2024TimeSeries_20250808,HI,NA,20240919,072156,20240919,083148,.,20241117,144023,20241117,144034,-1. Inapplicable,-1. Inapplicable
141833,ANES2024TimeSeries_20250808,SC,NA,20240822,200334,20240822,212852,.,20250101,185638,20250101,201748,-1. Inapplicable,-1. Inapplicable
141834,ANES2024TimeSeries_20250808,OK,NA,20240813,121533,20240813,125412,.,20241118,143307,20241118,143313,-1. Inapplicable,-1. Inapplicable
141835,ANES2024TimeSeries_20250808,TN,NA,20240813,154459,20240813,171034,.,20241120,134812,20241120,134854,-1. Inapplicable,-1. Inapplicable
141836,ANES2024TimeSeries_20250808,CA,NA,20240812,203216,20240812,220409,.,20241118,120500,20241118,120514,-1. Inapplicable,-1. Inapplicable
141838,ANES2024TimeSeries_20250808,FL,NA,20240929,165214,20240929,182900,.,20241216,155831,.,-1,-1. Inapplicable,-1. Inapplicable
141839,ANES2024TimeSeries_20250808,OK,NA,20240814,114811,20240814,135842,.,20241127,121329,20241127,144553,-1. Inapplicable,-1. Inapplicable
141840,ANES2024TimeSeries_20250808,NV,NA,20240814,192848,20240814,200443,.,20241115,122021,20241115,122026,-1. Inapplicable,-1. Inapplicable
141842,ANES2024TimeSeries_20250808,FL,NA,20240818,223107,20240818,231146,.,20241208,213629,20241208,223004,-1. Inapplicable,-1. Inapplicable
141843,ANES2024TimeSeries_20250808,NH,NA,20240815,174052,20240815,182212,.,20241114,091719,20241114,091735,-1. Inapplicable,-1. Inapplicable
141844,ANES2024TimeSeries_20250808,MA,NA,20240911,142406,20240911,154652,.,20241231,140528,20241231,155318,-1. Inapplicable,-1. Inapplicable
141845,ANES2024TimeSeries_20250808,NJ,NA,20240815,083053,20240815,094212,.,20241206,161047,20241206,170817,-1. Inapplicable,-1. Inapplicable
141846,ANES2024TimeSeries_20250808,FL,NA,20240818,164704,20240818,175311,.,20241118,191823,20241118,191835,-1. Inapplicable,-1. Inapplicable
141849,ANES2024TimeSeries_20250808,CA,NA,20240816,195522,20240816,212921,.,20241118,222407,20241118,222412,-1. Inapplicable,-1. Inapplicable
141852,ANES2024TimeSeries_20250808,FL,NA,20240817,154825,20240817,213945,.,20250207,183150,20250208,161751,-1. Inapplicable,-1. Inapplicable
141853,ANES2024TimeSeries_20250808,NE,NA,20240819,142325,20241013,134435,.,20241208,130157,20241208,143503,-1. Inapplicable,-1. Inapplicable
141854,ANES2024TimeSeries_20250808,CA,NA,20240813,191033,20240813,202654,.,20241231,161917,20241231,171426,-1. Inapplicable,-1. Inapplicable
141855,ANES2024TimeSeries_20250808,WA,NA,20240820,011412,20240820,014746,.,20241119,224324,20241119,224332,-1. Inapplicable,-1. Inapplicable
141856,ANES2024TimeSeries_20250808,ID,NA,20240912,191136,20240912,200436,.,20241229,171244,20241229,175040,-1. Inapplicable,-1. Inapplicable
141857,ANES2024TimeSeries_20250808,AZ,NA,20240813,162423,20240813,175827,.,20241118,173640,20241118,173700,-1. Inapplicable,-1. Inapplicable
141858,ANES2024TimeSeries_20250808,CA,NA,20240816,123747,20240816,172048,.,20241113,202146,20241113,202204,-1. Inapplicable,-1. Inapplicable
141861,ANES2024TimeSeries_20250808,VA,NA,20240809,121908,20240809,131740,.,20241113,225917,20241113,225927,-1. Inapplicable,-1. Inapplicable
141862,ANES2024TimeSeries_20250808,WI,NA,20241011,030120,20241031,072506,.,20250205,195614,20250217,203723,-1. Inapplicable,-1. Inapplicable
141863,ANES2024TimeSeries_20250808,PA,NA,20240812,195955,20240812,203426,.,20250131,173254,20250131,181105,-1. Inapplicable,-1. Inapplicable
141864,ANES2024TimeSeries_20250808,PA,NA,20241019,115123,.,-1,.,20250112,113818,20250112,135708,-1. Inapplicable,-1. Inapplicable
141865,ANES2024TimeSeries_20250808,WA,NA,20240817,140155,20240817,150455,.,20241206,135035,20241208,183307,-1. Inapplicable,-1. Inapplicable
141868,ANES2024TimeSeries_20250808,NC,NA,20240827,094803,20240827,122158,.,.,NA,.,NA,-1. Inapplicable,-1. Inapplicable
141869,ANES2024TimeSeries_20250808,CA,NA,20240812,192759,20240812,205319,.,20241123,224555,20241124,000343,-1. Inapplicable,-1. Inapplicable
141870,ANES2024TimeSeries_20250808,NJ,NA,20241011,143044,20241011,155539,.,20241121,195641,20241121,205050,-1. Inapplicable,-1. Inapplicable
141871,ANES2024TimeSeries_20250808,WA,NA,20240813,193806,20240813,221501,.,20241123,224730,20241124,015056,-1. Inapplicable,-1. Inapplicable
141872,ANES2024TimeSeries_20250808,NC,NA,20240830,141806,20240830,152006,.,20241124,193520,20241124,203747,-1. Inapplicable,-1. Inapplicable
141873,ANES2024TimeSeries_20250808,IA,NA,20240811,145430,20240814,121729,.,20241125,145647,20241125,170733,-1. Inapplicable,-1. Inapplicable
141874,ANES2024TimeSeries_20250808,SC,NA,20240813,135754,20240814,095830,.,20241201,151502,20241224,064237,-1. Inapplicable,-1. Inapplicable
141875,ANES2024TimeSeries_20250808,TX,NA,20240812,183412,20240812,191820,.,20241113,192212,20241113,192216,-1. Inapplicable,-1. Inapplicable
141876,ANES2024TimeSeries_20250808,WI,NA,20240827,115921,20240827,125553,.,20250213,195643,20250213,211228,-1. Inapplicable,-1. Inapplicable
141877,ANES2024TimeSeries_20250808,CT,NA,20241002,072218,20241002,080757,.,.,NA,.,NA,-1. Inapplicable,-1. Inapplicable
141879,ANES2024TimeSeries_20250808,FL,NA,20240906,134631,20240906,142137,.,20241121,163238,20241121,170543,-1. Inapplicable,-1. Inapplicable
141880,ANES2024TimeSeries_20250808,CA,NA,20241102,161002,20241102,170343,.,20250115,194302,20250115,201854,-1. Inapplicable,-1. Inapplicable
141881,ANES2024TimeSeries_20250808,OK,NA,20240815,090538,20240815,094904,.,20241228,171618,20241228,180014,-1. Inapplicable,-1. Inapplicable
141882,ANES2024TimeSeries_20250808,GA,NA,20240809,122009,20240809,124801,.,20241118,093320,20241118,093327,-1. Inapplicable,-1. Inapplicable
141883,ANES2024TimeSeries_20250808,IN,NA,20240815,203716,20240815,214134,.,20241120,213643,20241120,222638,-1. Inapplicable,-1. Inapplicable
141884,ANES2024TimeSeries_20250808,IL,NA,20240812,194405,20240812,210842,.,20241118,205729,20241118,205747,-1. Inapplicable,-1. Inapplicable
141885,ANES2024TimeSeries_20250808,MI,NA,20240812,141124,20240812,151718,.,20241121,171342,20241121,181857,-1. Inapplicable,-1. Inapplicable
141886,ANES2024TimeSeries_20250808,AR,NA,20240811,112341,20240819,125144,.,20241118,205941,20241118,210011,-1. Inapplicable,-1. Inapplicable
141887,ANES2024TimeSeries_20250808,KS,NA,20240813,123855,20240813,132439,.,20241113,202257,20241113,202316,-1. Inapplicable,-1. Inapplicable
141890,ANES2024TimeSeries_20250808,MI,NA,20240809,184000,20240809,200839,.,20241113,213542,20241113,213555,-1. Inapplicable,-1. Inapplicable
141891,ANES2024TimeSeries_20250808,NC,NA,20241013,200304,20241013,212743,.,20241120,201409,20241120,221322,-1. Inapplicable,-1. Inapplicable
141892,ANES2024TimeSeries_20250808,NY,NA,20240930,160255,20240930,164221,.,20241130,085230,20241130,102502,-1. Inapplicable,-1. Inapplicable
141893,ANES2024TimeSeries_20250808,WA,NA,20241011,185300,20241011,214512,.,20241127,190805,20241127,213845,-1. Inapplicable,-1. Inapplicable
141894,ANES2024TimeSeries_20250808,CA,NA,20240809,130529,20240809,134703,.,20241115,224942,20241115,225001,-1. Inapplicable,-1. Inapplicable
141895,ANES2024TimeSeries_20250808,VT,NA,20240812,191845,20240812,205050,.,20241114,043931,20241114,043942,-1. Inapplicable,-1. Inapplicable
141897,ANES2024TimeSeries_20250808,CO,NA,20240815,144900,20240815,155645,.,20241203,131241,20241203,140934,-1. Inapplicable,-1. Inapplicable
141898,ANES2024TimeSeries_20250808,MN,NA,20241031,121131,20241031,125631,.,20241114,080259,20241114,080314,-1. Inapplicable,-1. Inapplicable
141899,ANES2024TimeSeries_20250808,NC,NA,20240819,134241,20240819,144547,.,20241117,142835,20241117,142848,-1. Inapplicable,-1. Inapplicable
141901,ANES2024TimeSeries_20250808,TX,NA,20240814,121329,20240814,130947,.,20241228,122041,20241228,131224,-1. Inapplicable,-1. Inapplicable
141902,ANES2024TimeSeries_20250808,TN,NA,20240823,170450,20240823,181343,.,20241119,182818,20241119,182836,-1. Inapplicable,-1. Inapplicable
141903,ANES2024TimeSeries_20250808,CA,NA,20240811,150918,20240811,182045,.,20241114,134730,20241114,134753,-1. Inapplicable,-1. Inapplicable
141904,ANES2024TimeSeries_20250808,MN,NA,20240813,221450,20240814,115824,.,20241120,192536,20241120,200019,-1. Inapplicable,-1. Inapplicable
141905,ANES2024TimeSeries_20250808,WV,NA,20240815,132534,20240815,145524,.,20241126,190732,20241207,122909,-1. Inapplicable,-1. Inapplicable
141906,ANES2024TimeSeries_20250808,CA,NA,20240810,105716,20240810,121803,.,20241115,110358,20241115,110420,-1. Inapplicable,-1. Inapplicable
141907,ANES2024TimeSeries_20250808,MA,NA,20240821,162832,20240821,171552,.,20241115,181357,20241120,092250,-1. Inapplicable,-1. Inapplicable
141908,ANES2024TimeSeries_20250808,AL,NA,20240909,193719,20240909,210330,.,20241216,213209,20241216,223600,-1. Inapplicable,-1. Inapplicable
141909,ANES2024TimeSeries_20250808,UT,NA,20240827,195954,.,-1,.,20250116,172333,20250116,191117,-1. Inapplicable,-1. Inapplicable
141911,ANES2024TimeSeries_20250808,NJ,NA,20240814,162645,20240814,172119,.,20241121,165943,20241121,174948,-1. Inapplicable,-1. Inapplicable
141912,ANES2024TimeSeries_20250808,MO,NA,20240816,133735,20240816,142722,.,20241120,090510,20241120,090518,-1. Inapplicable,-1. Inapplicable
141913,ANES2024TimeSeries_20250808,FL,NA,20240823,174603,20240823,200113,.,20241209,194133,20241209,212408,-1. Inapplicable,-1. Inapplicable
141914,ANES2024TimeSeries_20250808,NC,NA,20240829,185116,20240829,195400,.,20241203,080026,20241203,083929,-1. Inapplicable,-1. Inapplicable
141915,ANES2024TimeSeries_20250808,AL,NA,20240821,113153,20240821,123836,.,20241216,125507,20241216,134810,-1. Inapplicable,-1. Inapplicable
141916,ANES2024TimeSeries_20250808,MO,NA,20240813,124214,20240813,132134,.,20241114,103318,20241114,103342,-1. Inapplicable,-1. Inapplicable
141918,ANES2024TimeSeries_20250808,MD,NA,20240809,093136,20240809,101110,.,20241114,165029,20241114,165045,-1. Inapplicable,-1. Inapplicable
141919,ANES2024TimeSeries_20250808,TN,NA,20240814,131606,20240814,142433,.,20241117,120330,20241117,120620,-1. Inapplicable,-1. Inapplicable
141920,ANES2024TimeSeries_20250808,CA,NA,20240816,092913,20240816,102105,.,20241114,025013,20241114,025023,-1. Inapplicable,-1. Inapplicable
141924,ANES2024TimeSeries_20250808,NJ,NA,20240813,130644,20240813,163537,.,20241120,160837,20241120,165309,-1. Inapplicable,-1. Inapplicable
141928,ANES2024TimeSeries_20250808,IL,NA,20240925,213501,20240925,232025,.,20241228,155342,20241228,173916,-1. Inapplicable,-1. Inapplicable
141929,ANES2024TimeSeries_20250808,NJ,NA,20241031,182930,20241031,200106,.,20241230,144402,20241230,160137,-1. Inapplicable,-1. Inapplicable
141930,ANES2024TimeSeries_20250808,AZ,NA,20240809,233915,20240810,011117,.,20241120,143601,20241120,143612,-1. Inapplicable,-1. Inapplicable
141931,ANES2024TimeSeries_20250808,MA,NA,20241024,120825,20241024,140535,.,20241205,181514,20241206,180929,-1. Inapplicable,-1. Inapplicable
141932,ANES2024TimeSeries_20250808,KS,NA,20240813,192951,20240813,210257,.,20241113,224131,20241113,224141,-1. Inapplicable,-1. Inapplicable
141933,ANES2024TimeSeries_20250808,NJ,NA,20240829,151444,20240829,165655,.,20250202,185541,20250202,195741,-1. Inapplicable,-1. Inapplicable
141934,ANES2024TimeSeries_20250808,NM,NA,20240929,180503,20240929,222120,.,20241120,212514,20241120,221409,-1. Inapplicable,-1. Inapplicable
141935,ANES2024TimeSeries_20250808,CO,NA,20240908,170308,20240908,181853,.,20241203,093331,20241203,104935,-1. Inapplicable,-1. Inapplicable
141936,ANES2024TimeSeries_20250808,NC,NA,20240813,151930,20240818,193400,.,20241117,160910,20241117,160922,-1. Inapplicable,-1. Inapplicable
141937,ANES2024TimeSeries_20250808,ID,NA,20240828,135050,20240828,155648,.,20250216,204440,20250216,214422,-1. Inapplicable,-1. Inapplicable
141938,ANES2024TimeSeries_20250808,CA,NA,20240826,210511,20240827,011918,.,20241113,231743,20241113,231801,-1. Inapplicable,-1. Inapplicable
141939,ANES2024TimeSeries_20250808,WA,NA,20240809,103209,20240809,112814,.,20241114,171840,20241114,171848,-1. Inapplicable,-1. Inapplicable
141940,ANES2024TimeSeries_20250808,CA,NA,20240816,181802,20240816,192407,.,.,NA,.,NA,-1. Inapplicable,-1. Inapplicable
141941,ANES2024TimeSeries_20250808,MD,NA,20240813,143710,20240813,151910,.,20241203,173007,20241203,191251,-1. Inapplicable,-1. Inapplicable
141942,ANES2024TimeSeries_20250808,MD,NA,20240809,111626,20240811,152924,.,20241115,104354,20241115,104404,-1. Inapplicable,-1. Inapplicable
141943,ANES2024TimeSeries_20250808,GA,NA,20240813,144609,20240813,162404,.,20241122,090126,20241122,105211,-1. Inapplicable,-1. Inapplicable
141946,ANES2024TimeSeries_20250808,TX,NA,20240812,112800,20240812,121203,.,20241115,103654,20241115,103703,-1. Inapplicable,-1. Inapplicable
141947,ANES2024TimeSeries_20250808,TN,NA,20240815,103940,20240815,115947,.,20241229,121033,20241229,131844,-1. Inapplicable,-1. Inapplicable
141949,ANES2024TimeSeries_20250808,PA,NA,20240814,194219,20240814,213855,.,20241114,171219,20241114,171240,-1. Inapplicable,-1. Inapplicable
141950,ANES2024TimeSeries_20250808,MT,NA,20240903,233912,20240904,004339,.,20241231,165553,20241231,180638,-1. Inapplicable,-1. Inapplicable
141951,ANES2024TimeSeries_20250808,WI,NA,20240813,054703,20240813,121355,.,20241120,071008,20241120,071018,-1. Inapplicable,-1. Inapplicable
141952,ANES2024TimeSeries_20250808,MD,NA,20240812,181515,20240812,193836,.,20241121,164611,20241121,172933,-1. Inapplicable,-1. Inapplicable
141953,ANES2024TimeSeries_20250808,TX,NA,20241019,220746,20241019,232458,.,20250115,181444,20250115,193316,-1. Inapplicable,-1. Inapplicable
141954,ANES2024TimeSeries_20250808,OH,NA,20240812,063807,20240812,071826,.,20241117,065928,20241117,065937,-1. Inapplicable,-1. Inapplicable
141955,ANES2024TimeSeries_20250808,WA,NA,20241014,135343,20241014,160442,.,20241115,161830,20241115,161849,-1. Inapplicable,-1. Inapplicable
141957,ANES2024TimeSeries_20250808,AL,NA,20240816,192444,20240819,123956,.,20241203,141627,20241203,155321,-1. Inapplicable,-1. Inapplicable
141958,ANES2024TimeSeries_20250808,CA,NA,20240812,230905,20240813,001938,.,20250115,203634,20250115,220640,-1. Inapplicable,-1. Inapplicable
141959,ANES2024TimeSeries_20250808,PA,NA,20240821,152411,20240821,161408,.,20241116,092759,20241116,092809,-1. Inapplicable,-1. Inapplicable
141960,ANES2024TimeSeries_20250808,SC,NA,20240910,200946,20240910,215051,.,20241231,160553,20241231,185716,-1. Inapplicable,-1. Inapplicable
141961,ANES2024TimeSeries_20250808,PA,NA,20240911,160511,20240911,214009,.,.,NA,.,NA,-1. Inapplicable,-1. Inapplicable
141962,ANES2024TimeSeries_20250808,CO,NA,20240809,122535,20240809,141509,.,20241113,202104,20241113,202112,-1. Inapplicable,-1. Inapplicable
141964,ANES2024TimeSeries_20250808,MN,NA,20240826,143010,20240826,153749,.,.,NA,.,NA,-1. Inapplicable,-1. Inapplicable
141965,ANES2024TimeSeries_20250808,NJ,NA,20240809,103423,20240809,124025,.,20241119,111242,20241119,111252,-1. Inapplicable,-1. Inapplicable
141966,ANES2024TimeSeries_20250808,NJ,NA,20240825,000735,20240825,005918,.,20241126,075457,20241126,083350,-1. Inapplicable,-1. Inapplicable
141967,ANES2024TimeSeries_20250808,MI,NA,20240809,161500,20240809,174412,.,20241113,223040,20241113,223106,-1. Inapplicable,-1. Inapplicable
141969,ANES2024TimeSeries_20250808,GA,NA,20240813,112542,20240813,162552,.,20241121,202243,20241121,214837,-1. Inapplicable,-1. Inapplicable
141970,ANES2024TimeSeries_20250808,IN,NA,20240814,120735,20240814,132322,.,20241126,130509,20241126,142116,-1. Inapplicable,-1. Inapplicable
141971,ANES2024TimeSeries_20250808,NC,NA,20240827,131012,20240827,140739,.,20241121,165623,20241121,175026,-1. Inapplicable,-1. Inapplicable
141972,ANES2024TimeSeries_20250808,MI,NA,20240809,093900,20240809,110723,.,20241113,201335,20241113,201352,-1. Inapplicable,-1. Inapplicable
141973,ANES2024TimeSeries_20250808,AZ,NA,20240917,225518,20240917,234750,.,20241113,214407,20241113,214417,-1. Inapplicable,-1. Inapplicable
141975,ANES2024TimeSeries_20250808,IN,NA,20240813,150210,20240813,161704,.,20241114,210522,20241114,210532,-1. Inapplicable,-1. Inapplicable
141976,ANES2024TimeSeries_20250808,PA,NA,20241015,212054,20241015,234636,.,20250114,143743,20250114,154826,-1. Inapplicable,-1. Inapplicable
141977,ANES2024TimeSeries_20250808,OR,NA,20240816,223857,20240816,232501,.,20241124,145135,20241124,153633,-1. Inapplicable,-1. Inapplicable
141978,ANES2024TimeSeries_20250808,RI,NA,20240812,190106,20241016,184032,.,20241126,192433,20241130,162852,-1. Inapplicable,-1. Inapplicable
141979,ANES2024TimeSeries_20250808,CA,NA,20240906,222439,20240906,235817,.,20241116,234149,20241116,234208,-1. Inapplicable,-1. Inapplicable
141980,ANES2024TimeSeries_20250808,VA,NA,20240809,150101,20240809,154908,.,20241125,162747,20241125,170406,-1. Inapplicable,-1. Inapplicable
141981,ANES2024TimeSeries_20250808,NM,NA,20240810,021221,20240810,204643,.,20241125,211159,20241126,000305,-1. Inapplicable,-1. Inapplicable
141982,ANES2024TimeSeries_20250808,WI,NA,20240813,143804,20240813,163157,.,20241126,083850,20241126,105451,-1. Inapplicable,-1. Inapplicable
141983,ANES2024TimeSeries_20250808,FL,NA,20241017,220501,20241017,233235,.,20241203,195913,20241203,210950,-1. Inapplicable,-1. Inapplicable
141984,ANES2024TimeSeries_20250808,MD,NA,20240809,175300,20240809,202725,.,20241114,091457,20241114,091505,-1. Inapplicable,-1. Inapplicable
141985,ANES2024TimeSeries_20250808,MD,NA,20240809,102118,20240809,115124,.,.,NA,.,NA,-1. Inapplicable,-1. Inapplicable
141986,ANES2024TimeSeries_20250808,VA,NA,20240826,140112,20240826,144930,.,20241125,170602,20241125,174738,-1. Inapplicable,-1. Inapplicable
141987,ANES2024TimeSeries_20250808,VA,NA,20240814,174640,20240814,183443,.,20241120,172715,20241120,181443,-1. Inapplicable,-1. Inapplicable
141988,ANES2024TimeSeries_20250808,MO,NA,20240831,182846,20240831,194954,.,20250205,152503,20250205,160821,-1. Inapplicable,-1. Inapplicable
141989,ANES2024TimeSeries_20250808,OH,NA,20240810,105144,20240810,113758,.,20241119,122108,20241119,122114,-1. Inapplicable,-1. Inapplicable
141990,ANES2024TimeSeries_20250808,GA,NA,20240813,080324,20240813,090634,.,20241120,074004,20241120,074016,-1. Inapplicable,-1. Inapplicable
141991,ANES2024TimeSeries_20250808,PA,NA,20240814,183409,20240814,191029,.,20241210,224408,20241210,232955,-1. Inapplicable,-1. Inapplicable
141992,ANES2024TimeSeries_20250808,NY,NA,20240824,181514,20240824,211651,.,20241130,111547,20241130,133215,-1. Inapplicable,-1. Inapplicable
141993,ANES2024TimeSeries_20250808,IN,NA,20240809,110507,20240809,114534,.,20241118,003832,20241118,003847,-1. Inapplicable,-1. Inapplicable
141994,ANES2024TimeSeries_20250808,TN,NA,20240812,220603,20240813,002507,.,20241120,091449,20241120,091513,-1. Inapplicable,-1. Inapplicable
141995,ANES2024TimeSeries_20250808,MA,NA,20241103,094344,20241103,123151,.,20241121,203501,20241122,123542,-1. Inapplicable,-1. Inapplicable
141997,ANES2024TimeSeries_20250808,NC,NA,20240809,160657,20240809,174836,.,20241114,025852,20241114,025938,-1. Inapplicable,-1. Inapplicable
141998,ANES2024TimeSeries_20250808,LA,NA,20240810,080523,20240810,101936,.,20241114,205240,20241114,205323,-1. Inapplicable,-1. Inapplicable
141999,ANES2024TimeSeries_20250808,SD,NA,20240828,102544,20240828,112134,.,20250217,120720,20250217,135743,-1. Inapplicable,-1. Inapplicable
142000,ANES2024TimeSeries_20250808,PA,NA,20241030,125348,20241030,133430,.,20250115,123548,20250115,142501,-1. Inapplicable,-1. Inapplicable
142001,ANES2024TimeSeries_20250808,IN,NA,20240813,123700,20240813,140327,.,20241126,134602,20250107,161121,-1. Inapplicable,-1. Inapplicable
142002,ANES2024TimeSeries_20250808,FL,NA,20241025,191747,20241025,204945,.,20241124,191128,20241124,210324,-1. Inapplicable,-1. Inapplicable
142003,ANES2024TimeSeries_20250808,NY,NA,20240812,153126,20240812,171433,.,20241208,123905,20241208,140627,-1. Inapplicable,-1. Inapplicable
142004,ANES2024TimeSeries_20250808,SC,NA,20240819,162426,20240819,174939,.,20241119,172152,20241119,172205,-1. Inapplicable,-1. Inapplicable
142005,ANES2024TimeSeries_20250808,IL,NA,20240813,114806,20240813,125223,.,.,NA,.,NA,-1. Inapplicable,-1. Inapplicable
142006,ANES2024TimeSeries_20250808,KS,NA,20240819,163434,20240819,174210,.,20250217,120547,20250217,131234,-1. Inapplicable,-1. Inapplicable
142007,ANES2024TimeSeries_20250808,GA,NA,20240825,214002,20240825,224641,.,20250120,082801,20250120,092403,-1. Inapplicable,-1. Inapplicable
142008,ANES2024TimeSeries_20250808,OH,NA,20240809,090324,20240809,102459,.,20241118,180949,20241118,181005,-1. Inapplicable,-1. Inapplicable
142009,ANES2024TimeSeries_20250808,FL,NA,20240817,165129,20240817,192337,.,20241122,152734,20241122,170603,-1. Inapplicable,-1. Inapplicable
142010,ANES2024TimeSeries_20250808,PA,NA,20240813,100103,20240813,110240,.,20241130,061157,20241130,071516,-1. Inapplicable,-1. Inapplicable
142011,ANES2024TimeSeries_20250808,PA,NA,20240809,181230,20240809,194729,.,20241115,092026,20241115,092640,-1. Inapplicable,-1. Inapplicable
142012,ANES2024TimeSeries_20250808,WI,NA,20240809,085201,20240809,091933,.,20241113,222229,20241113,222233,-1. Inapplicable,-1. Inapplicable
142013,ANES2024TimeSeries_20250808,TX,NA,20240820,104551,20240820,125247,.,20241125,131452,20241125,150322,-1. Inapplicable,-1. Inapplicable
142014,ANES2024TimeSeries_20250808,VT,NA,20240814,162333,20240814,172551,.,20241125,093602,20241125,103310,-1. Inapplicable,-1. Inapplicable
142016,ANES2024TimeSeries_20250808,AZ,NA,20240816,195201,20240816,212259,.,20241121,195756,20241121,234144,-1. Inapplicable,-1. Inapplicable
142017,ANES2024TimeSeries_20250808,WI,NA,20240819,222245,20240820,000400,.,20241114,154921,20241114,154950,-1. Inapplicable,-1. Inapplicable
142019,ANES2024TimeSeries_20250808,NE,NA,20240815,144349,20240815,174031,.,20241120,142732,20241120,142757,-1. Inapplicable,-1. Inapplicable
142020,ANES2024TimeSeries_20250808,NJ,NA,20240816,071647,20240816,084342,.,20241114,075136,20241114,075146,-1. Inapplicable,-1. Inapplicable
142021,ANES2024TimeSeries_20250808,NY,NA,20240817,220057,20240819,224823,.,20241114,113733,20241114,113749,-1. Inapplicable,-1. Inapplicable
142022,ANES2024TimeSeries_20250808,NY,NA,20240827,124914,20240827,134947,.,20241123,173306,20241123,194653,-1. Inapplicable,-1. Inapplicable
142023,ANES2024TimeSeries_20250808,NH,NA,20240814,161412,20240814,172135,.,20241213,141038,20241213,165618,-1. Inapplicable,-1. Inapplicable
142025,ANES2024TimeSeries_20250808,NJ,NA,20240814,160909,20240815,182949,.,20241113,212322,20241113,212403,-1. Inapplicable,-1. Inapplicable
142027,ANES2024TimeSeries_20250808,AR,NA,20240816,195431,20240817,015638,.,20241114,033310,20241114,033320,-1. Inapplicable,-1. Inapplicable
142028,ANES2024TimeSeries_20250808,NY,NA,20240809,123434,20240809,132144,.,20241124,133713,20241124,142749,-1. Inapplicable,-1. Inapplicable
142031,ANES2024TimeSeries_20250808,CA,NA,20240810,032426,20240810,034721,.,20241116,000905,20241116,000912,-1. Inapplicable,-1. Inapplicable
142032,ANES2024TimeSeries_20250808,IN,NA,20240818,181424,20240818,193334,.,20241230,131325,20241231,142553,-1. Inapplicable,-1. Inapplicable
142033,ANES2024TimeSeries_20250808,MN,NA,20240809,092906,20240809,103839,.,20241119,090413,20241119,090423,-1. Inapplicable,-1. Inapplicable
142034,ANES2024TimeSeries_20250808,MA,NA,20240816,141620,20240816,145030,.,20241119,194022,20241119,194027,-1. Inapplicable,-1. Inapplicable
142035,ANES2024TimeSeries_20250808,NY,NA,20240809,154949,20240809,174720,.,20241120,171337,20241120,183208,-1. Inapplicable,-1. Inapplicable
142036,ANES2024TimeSeries_20250808,NJ,NA,20240827,015843,20240827,090429,.,20241113,224441,20241113,224505,-1. Inapplicable,-1. Inapplicable
142038,ANES2024TimeSeries_20250808,WI,NA,20240908,134137,20241103,215617,.,.,NA,.,NA,-1. Inapplicable,-1. Inapplicable
142041,ANES2024TimeSeries_20250808,FL,NA,20240904,103028,20240919,141056,.,.,NA,.,NA,-1. Inapplicable,-1. Inapplicable
142043,ANES2024TimeSeries_20250808,TX,NA,20240812,003753,20240812,014434,.,20241203,020608,20241203,033522,-1. Inapplicable,-1. Inapplicable
142044,ANES2024TimeSeries_20250808,MD,NA,20240817,090402,20240817,101001,.,20241115,201545,20241115,201556,-1. Inapplicable,-1. Inapplicable
142045,ANES2024TimeSeries_20250808,NY,NA,20241024,195816,20241024,215155,.,20241119,162017,20241119,162058,-1. Inapplicable,-1. Inapplicable
142046,ANES2024TimeSeries_20250808,NY,NA,20240809,105213,20240809,114153,.,20241114,105818,20241114,110157,-1. Inapplicable,-1. Inapplicable
142047,ANES2024TimeSeries_20250808,FL,NA,20240815,194206,20240815,205312,.,20241113,213014,20241113,213151,-1. Inapplicable,-1. Inapplicable
142048,ANES2024TimeSeries_20250808,WA,NA,20240820,095906,20240820,105217,.,20241226,232546,20241227,003006,-1. Inapplicable,-1. Inapplicable
142049,ANES2024TimeSeries_20250808,NY,NA,20240809,223540,20240809,231625,.,20241113,220403,20241113,220409,-1. Inapplicable,-1. Inapplicable
142050,ANES2024TimeSeries_20250808,TX,NA,20240819,130243,20240819,161051,.,.,NA,.,NA,-1. Inapplicable,-1. Inapplicable
142051,ANES2024TimeSeries_20250808,CA,NA,20241002,134750,20241002,165300,.,20241222,210701,20241222,223136,-1. Inapplicable,-1. Inapplicable
142053,ANES2024TimeSeries_20250808,MI,NA,20240820,150211,20240820,154818,.,20250121,062512,20250121,073828,-1. Inapplicable,-1. Inapplicable
142055,ANES2024TimeSeries_20250808,IL,NA,20240812,062401,20240812,173430,.,20241118,223305,20241118,223316,-1. Inapplicable,-1. Inapplicable
142057,ANES2024TimeSeries_20250808,IN,NA,20240821,172623,20240821,184841,.,20241126,164240,20241126,180752,-1. Inapplicable,-1. Inapplicable
142059,ANES2024TimeSeries_20250808,NJ,NA,20240809,092453,20240809,103945,.,20241118,183452,20241118,183611,-1. Inapplicable,-1. Inapplicable
142060,ANES2024TimeSeries_20250808,GA,NA,20240929,200859,20240929,205522,.,20241114,085109,20241114,085246,-1. Inapplicable,-1. Inapplicable
142061,ANES2024TimeSeries_20250808,MD,NA,20240821,170826,20240821,175948,.,.,NA,.,NA,-1. Inapplicable,-1. Inapplicable
142062,ANES2024TimeSeries_20250808,OH,NA,20241026,192102,20241026,200702,.,20241123,142349,20241203,133219,-1. Inapplicable,-1. Inapplicable
142063,ANES2024TimeSeries_20250808,TN,NA,20240811,234719,20240814,225435,.,20241119,200044,20241119,200100,-1. Inapplicable,-1. Inapplicable
142065,ANES2024TimeSeries_20250808,DC,NA,20240816,195337,20240816,223630,.,20241121,163020,20241122,200017,-1. Inapplicable,-1. Inapplicable
142066,ANES2024TimeSeries_20250808,NY,NA,20240821,100915,20240821,113627,.,20241203,140855,20241203,160634,-1. Inapplicable,-1. Inapplicable
142067,ANES2024TimeSeries_20250808,NM,NA,20240821,225028,20241015,141304,.,20241211,093219,20241211,131432,-1. Inapplicable,-1. Inapplicable
142068,ANES2024TimeSeries_20250808,KS,NA,20240809,092849,20240809,110841,.,20241113,183824,20241113,183836,-1. Inapplicable,-1. Inapplicable
142069,ANES2024TimeSeries_20250808,NY,NA,20240809,153945,20240809,170853,.,20241114,135720,20241114,135737,-1. Inapplicable,-1. Inapplicable
142070,ANES2024TimeSeries_20250808,WI,NA,20240813,122109,20240813,125925,.,20241124,123806,20241124,141943,-1. Inapplicable,-1. Inapplicable
142071,ANES2024TimeSeries_20250808,AZ,NA,20240815,192510,20240815,205116,.,20241116,190046,20241116,190105,-1. Inapplicable,-1. Inapplicable
142072,ANES2024TimeSeries_20250808,CT,NA,20240810,192802,20240810,202135,.,20241118,110439,20241118,110452,-1. Inapplicable,-1. Inapplicable
142073,ANES2024TimeSeries_20250808,FL,NA,20240911,121727,20240911,133639,.,20250215,144527,.,-1,-1. Inapplicable,-1. Inapplicable
142074,ANES2024TimeSeries_20250808,PA,NA,20240911,204128,20240912,223751,.,.,NA,.,NA,-1. Inapplicable,-1. Inapplicable
142075,ANES2024TimeSeries_20250808,KY,NA,20240826,103428,20240826,115108,.,20241126,173923,20241126,191628,-1. Inapplicable,-1. Inapplicable
142077,ANES2024TimeSeries_20250808,PA,NA,20240809,130839,20240809,164253,.,20241114,185105,20241114,185117,-1. Inapplicable,-1. Inapplicable
142078,ANES2024TimeSeries_20250808,OH,NA,20240812,165518,20240812,181655,.,20241121,174443,20241121,184054,-1. Inapplicable,-1. Inapplicable
142079,ANES2024TimeSeries_20250808,CA,NA,20240818,152319,20240818,160446,.,20241201,191243,20241201,200038,-1. Inapplicable,-1. Inapplicable
142080,ANES2024TimeSeries_20250808,CA,NA,20240809,091630,20240811,203040,.,20241116,230747,20241116,230755,-1. Inapplicable,-1. Inapplicable
142081,ANES2024TimeSeries_20250808,WA,NA,20240817,204029,20240817,212801,.,20241113,233617,20241113,233630,-1. Inapplicable,-1. Inapplicable
142082,ANES2024TimeSeries_20250808,DC,NA,20240816,202331,20240816,211859,.,20241201,204218,20241201,213310,-1. Inapplicable,-1. Inapplicable
142083,ANES2024TimeSeries_20250808,NC,NA,20240818,190155,20240818,203716,.,20241114,115158,20241114,115208,-1. Inapplicable,-1. Inapplicable
142084,ANES2024TimeSeries_20250808,MI,NA,20240813,191627,20240813,204413,.,20241128,102934,20241128,115033,-1. Inapplicable,-1. Inapplicable
142085,ANES2024TimeSeries_20250808,UT,NA,20240826,193306,20240826,201709,.,20241204,092044,20241204,100651,-1. Inapplicable,-1. Inapplicable
142086,ANES2024TimeSeries_20250808,TX,NA,20240812,203848,20240812,215345,.,20241124,174219,20241124,185059,-1. Inapplicable,-1. Inapplicable
142087,ANES2024TimeSeries_20250808,HI,NA,20240811,181637,20240811,212257,.,20241129,180421,20241129,202138,-1. Inapplicable,-1. Inapplicable
142089,ANES2024TimeSeries_20250808,MI,NA,20240816,192717,20240816,201501,.,20241114,203620,20241114,203632,-1. Inapplicable,-1. Inapplicable
142090,ANES2024TimeSeries_20250808,FL,NA,20240825,172553,20240825,185008,.,20241205,220429,20241205,231825,-1. Inapplicable,-1. Inapplicable
142091,ANES2024TimeSeries_20250808,AZ,NA,20240810,152908,20240810,164123,.,20241130,160029,20250117,133642,-1. Inapplicable,-1. Inapplicable
142092,ANES2024TimeSeries_20250808,TX,NA,20240813,123552,20240813,140903,.,20241119,172743,20241119,172752,-1. Inapplicable,-1. Inapplicable
142093,ANES2024TimeSeries_20250808,PA,NA,20241103,211843,20241103,214946,.,20241230,185444,20241230,194907,-1. Inapplicable,-1. Inapplicable
142094,ANES2024TimeSeries_20250808,TX,NA,20240816,203159,20240816,213619,.,20241121,175805,20241121,185450,-1. Inapplicable,-1. Inapplicable
142095,ANES2024TimeSeries_20250808,OK,NA,20240816,122612,20240816,130102,.,20241203,121907,20241203,131431,-1. Inapplicable,-1. Inapplicable
142096,ANES2024TimeSeries_20250808,CA,NA,20240816,171054,20240816,184119,.,20241119,123709,20241119,123723,-1. Inapplicable,-1. Inapplicable
142097,ANES2024TimeSeries_20250808,PA,NA,20240820,093352,20240820,111830,.,20241121,211431,20241121,232120,-1. Inapplicable,-1. Inapplicable
142098,ANES2024TimeSeries_20250808,CO,NA,20241010,203608,20241010,212559,.,20241120,140133,20241120,140142,-1. Inapplicable,-1. Inapplicable
142099,ANES2024TimeSeries_20250808,MD,NA,20240908,150503,20240908,170353,.,20250114,145311,20250114,181120,-1. Inapplicable,-1. Inapplicable
142100,ANES2024TimeSeries_20250808,HI,NA,20240814,134511,20240814,163359,.,20241117,130438,20241117,130455,-1. Inapplicable,-1. Inapplicable
142101,ANES2024TimeSeries_20250808,KY,NA,20240813,145912,20240813,220223,.,20250102,132002,20250114,205650,-1. Inapplicable,-1. Inapplicable
142102,ANES2024TimeSeries_20250808,MI,NA,20241104,145511,20241104,153118,.,20241120,091227,20241120,091233,-1. Inapplicable,-1. Inapplicable
142103,ANES2024TimeSeries_20250808,TX,NA,20240814,135516,20240814,151445,.,20241119,173357,20241119,173408,-1. Inapplicable,-1. Inapplicable
142104,ANES2024TimeSeries_20250808,NC,NA,20240814,215453,20240814,224040,.,20241123,113251,20241123,121229,-1. Inapplicable,-1. Inapplicable
142105,ANES2024TimeSeries_20250808,TN,NA,20240812,170956,20240812,175256,.,20241120,140716,20241120,140744,-1. Inapplicable,-1. Inapplicable
142107,ANES2024TimeSeries_20250808,TX,NA,20240810,143845,20240810,152107,.,20241114,100528,20241114,100556,-1. Inapplicable,-1. Inapplicable
142108,ANES2024TimeSeries_20250808,TX,NA,20240825,214543,20240825,222808,.,20241204,154620,20241204,174247,-1. Inapplicable,-1. Inapplicable
142109,ANES2024TimeSeries_20250808,KS,NA,20240816,205314,20240816,214713,.,20250207,191518,20250207,231230,-1. Inapplicable,-1. Inapplicable
142110,ANES2024TimeSeries_20250808,CA,NA,20240816,115937,20240816,130756,.,20241113,235048,20241113,235054,-1. Inapplicable,-1. Inapplicable
142111,ANES2024TimeSeries_20250808,AZ,NA,20240810,192328,20240810,202532,.,20241119,100119,20241119,100132,-1. Inapplicable,-1. Inapplicable
142112,ANES2024TimeSeries_20250808,DE,NA,20240813,183636,20240813,223529,.,20241118,194019,20241118,194049,-1. Inapplicable,-1. Inapplicable
142113,ANES2024TimeSeries_20250808,MI,NA,20240826,175007,20240826,190626,.,20241118,091841,20241118,091859,-1. Inapplicable,-1. Inapplicable
142114,ANES2024TimeSeries_20250808,MS,NA,20240813,124311,20240813,214602,.,20241125,023756,20241125,050821,-1. Inapplicable,-1. Inapplicable
142115,ANES2024TimeSeries_20250808,IL,NA,20240818,010044,20240818,020855,.,20241201,013946,20241201,025546,-1. Inapplicable,-1. Inapplicable
142116,ANES2024TimeSeries_20250808,OH,NA,20240905,104248,20240905,120534,.,20241202,143249,20241202,153214,-1. Inapplicable,-1. Inapplicable
142117,ANES2024TimeSeries_20250808,MI,NA,20240812,182121,20240812,190705,.,20241113,214447,20241113,214504,-1. Inapplicable,-1. Inapplicable
142118,ANES2024TimeSeries_20250808,LA,NA,20240812,220603,20240812,225000,.,20241118,142130,20241118,142143,-1. Inapplicable,-1. Inapplicable
142119,ANES2024TimeSeries_20250808,MN,NA,20240831,190138,20240831,195250,.,20241121,140058,20241121,150124,-1. Inapplicable,-1. Inapplicable
142120,ANES2024TimeSeries_20250808,CA,NA,20240810,152308,20240810,163808,.,20241113,234911,20241113,234926,-1. Inapplicable,-1. Inapplicable
142121,ANES2024TimeSeries_20250808,MA,NA,20241104,165542,20241104,174606,.,20241230,162717,20241230,203040,-1. Inapplicable,-1. Inapplicable
142122,ANES2024TimeSeries_20250808,AL,NA,20240817,121623,20240817,132232,.,20241120,202239,20241121,103959,-1. Inapplicable,-1. Inapplicable
142125,ANES2024TimeSeries_20250808,VA,NA,20241012,151554,20241012,160738,.,20241118,113357,20241118,113408,-1. Inapplicable,-1. Inapplicable
142126,ANES2024TimeSeries_20250808,TX,NA,20240814,190234,20240814,195349,.,20241125,191650,20241125,200951,-1. Inapplicable,-1. Inapplicable
142127,ANES2024TimeSeries_20250808,HI,NA,20240816,141520,20240816,150930,.,20241115,185239,20241115,185257,-1. Inapplicable,-1. Inapplicable
142128,ANES2024TimeSeries_20250808,KS,NA,20240814,174906,20240814,192118,.,20241122,145833,20241122,160403,-1. Inapplicable,-1. Inapplicable
142129,ANES2024TimeSeries_20250808,WI,NA,20240818,204635,20240818,212237,.,20241209,205723,20241209,213253,-1. Inapplicable,-1. Inapplicable
142130,ANES2024TimeSeries_20250808,NC,NA,20240817,113424,20240817,130208,.,20241208,191131,20241208,203142,-1. Inapplicable,-1. Inapplicable
142131,ANES2024TimeSeries_20250808,MS,NA,20240813,183546,20240813,191159,.,20241124,185242,20241124,192349,-1. Inapplicable,-1. Inapplicable
142132,ANES2024TimeSeries_20250808,PA,NA,20240812,164800,20240812,184419,.,20241115,140848,20241115,140901,-1. Inapplicable,-1. Inapplicable
142133,ANES2024TimeSeries_20250808,GA,NA,20240812,150252,20240816,201410,.,20241124,104830,20241124,120546,-1. Inapplicable,-1. Inapplicable
142134,ANES2024TimeSeries_20250808,MD,NA,20240922,161336,20240922,172201,.,20241207,193821,20241207,205122,-1. Inapplicable,-1. Inapplicable
142135,ANES2024TimeSeries_20250808,IL,NA,20240819,081903,20240819,095204,.,20250114,144612,20250114,155757,-1. Inapplicable,-1. Inapplicable
142136,ANES2024TimeSeries_20250808,TN,NA,20240814,193236,20240814,202111,.,20241203,204023,20241203,210241,-1. Inapplicable,-1. Inapplicable
142137,ANES2024TimeSeries_20250808,CA,NA,20240918,165026,20241011,115754,.,20241118,235138,20241118,235158,-1. Inapplicable,-1. Inapplicable
142138,ANES2024TimeSeries_20250808,DC,NA,20240915,192556,20240915,213634,.,20241120,173516,20241120,183249,-1. Inapplicable,-1. Inapplicable
142139,ANES2024TimeSeries_20250808,VA,NA,20240819,131326,20240819,162759,.,20241220,135445,20250131,112802,-1. Inapplicable,-1. Inapplicable
142141,ANES2024TimeSeries_20250808,GA,NA,20241027,182815,20241027,194031,.,.,NA,.,NA,-1. Inapplicable,-1. Inapplicable
142142,ANES2024TimeSeries_20250808,MO,NA,20240814,101243,20240814,164746,.,20241124,140745,20241124,171519,-1. Inapplicable,-1. Inapplicable
142143,ANES2024TimeSeries_20250808,WI,NA,20240812,152455,20240812,165628,.,20241114,114415,20241114,114444,-1. Inapplicable,-1. Inapplicable
142144,ANES2024TimeSeries_20250808,TX,NA,20240904,121807,20240914,015133,.,20241114,093721,20241114,093734,-1. Inapplicable,-1. Inapplicable
142145,ANES2024TimeSeries_20250808,FL,NA,20240909,214741,20240909,233055,.,20241226,201304,20241226,221942,-1. Inapplicable,-1. Inapplicable
142146,ANES2024TimeSeries_20250808,CA,NA,20240816,143827,20240816,162847,.,.,NA,.,NA,-1. Inapplicable,-1. Inapplicable
142147,ANES2024TimeSeries_20250808,MI,NA,20240810,095856,20240810,103408,.,20241113,204453,20241113,204507,-1. Inapplicable,-1. Inapplicable
142148,ANES2024TimeSeries_20250808,MA,NA,20240809,162148,20240809,233303,.,20241121,011921,20241121,022311,-1. Inapplicable,-1. Inapplicable
142150,ANES2024TimeSeries_20250808,NH,NA,20240812,161226,20240812,173249,.,20241122,164712,20241122,183546,-1. Inapplicable,-1. Inapplicable
142152,ANES2024TimeSeries_20250808,MO,NA,20240829,205259,20240829,233252,.,20241216,160104,20241216,174125,-1. Inapplicable,-1. Inapplicable
142153,ANES2024TimeSeries_20250808,TX,NA,20240809,170612,20240810,112538,.,20241114,140133,20241114,140147,-1. Inapplicable,-1. Inapplicable
142154,ANES2024TimeSeries_20250808,NH,NA,20240812,170450,20240812,195340,.,20241130,094947,20241130,142032,-1. Inapplicable,-1. Inapplicable
142155,ANES2024TimeSeries_20250808,MI,NA,20240809,164123,20240809,174626,.,20241118,102521,20241118,102528,-1. Inapplicable,-1. Inapplicable
142160,ANES2024TimeSeries_20250808,PA,NA,20240813,140309,20240813,143342,.,20241203,113043,20241203,120605,-1. Inapplicable,-1. Inapplicable
142161,ANES2024TimeSeries_20250808,IN,NA,20240821,124448,20241030,101327,.,20250211,124850,20250211,144944,-1. Inapplicable,-1. Inapplicable
142162,ANES2024TimeSeries_20250808,NH,NA,20240809,115639,20240809,125958,.,20241116,123716,20241116,123724,-1. Inapplicable,-1. Inapplicable
142163,ANES2024TimeSeries_20250808,SC,NA,20240813,150642,20240813,161537,.,20241121,221615,.,-1,-1. Inapplicable,-1. Inapplicable
142164,ANES2024TimeSeries_20250808,MI,NA,20241102,114003,20241102,135707,.,20250201,095934,20250201,115144,-1. Inapplicable,-1. Inapplicable
142165,ANES2024TimeSeries_20250808,WV,NA,20240815,221525,20240815,224203,.,20241120,111754,20241120,111804,-1. Inapplicable,-1. Inapplicable
142168,ANES2024TimeSeries_20250808,AR,NA,20240813,153234,20240813,170701,.,20241119,150309,20241119,150322,-1. Inapplicable,-1. Inapplicable
142169,ANES2024TimeSeries_20250808,FL,NA,20240811,205238,20240811,220544,.,20241114,135021,20241114,135025,-1. Inapplicable,-1. Inapplicable
142170,ANES2024TimeSeries_20250808,MN,NA,20240809,124603,20240809,133453,.,20241127,113739,20241127,122406,-1. Inapplicable,-1. Inapplicable
142171,ANES2024TimeSeries_20250808,FL,NA,20240814,140500,20240814,151958,.,20241119,130925,20241119,130937,-1. Inapplicable,-1. Inapplicable
142172,ANES2024TimeSeries_20250808,LA,NA,20240813,174300,20240813,183546,.,20241129,152245,20241129,162121,-1. Inapplicable,-1. Inapplicable
142175,ANES2024TimeSeries_20250808,FL,NA,20240824,112531,20240824,122828,.,20241201,132924,20241201,145739,-1. Inapplicable,-1. Inapplicable
142176,ANES2024TimeSeries_20250808,CA,NA,20240817,005658,20240817,033631,.,20241128,041254,20241128,063011,-1. Inapplicable,-1. Inapplicable
142177,ANES2024TimeSeries_20250808,MS,NA,20240814,095343,20240814,110449,.,20241115,110110,20241115,110132,-1. Inapplicable,-1. Inapplicable
142178,ANES2024TimeSeries_20250808,AR,NA,20240813,220135,20240813,233536,.,20241113,210603,20241113,210615,-1. Inapplicable,-1. Inapplicable
142179,ANES2024TimeSeries_20250808,TX,NA,20240905,113712,20240905,125627,.,20250118,121620,20250118,132217,-1. Inapplicable,-1. Inapplicable
142180,ANES2024TimeSeries_20250808,VA,NA,20240826,230106,20240904,021643,.,20241204,054301,20241204,061235,-1. Inapplicable,-1. Inapplicable
142182,ANES2024TimeSeries_20250808,CA,NA,20241104,092046,20241104,103848,.,20241118,221347,20241118,221358,-1. Inapplicable,-1. Inapplicable
142183,ANES2024TimeSeries_20250808,KS,NA,20240809,195614,20240809,205416,.,20241118,140703,20241118,140714,-1. Inapplicable,-1. Inapplicable
142185,ANES2024TimeSeries_20250808,WV,NA,20240816,182823,20240816,192942,.,.,NA,.,NA,-1. Inapplicable,-1. Inapplicable
142187,ANES2024TimeSeries_20250808,TX,NA,20240902,163901,20240902,182949,.,20241123,113223,20241123,122730,-1. Inapplicable,-1. Inapplicable
142190,ANES2024TimeSeries_20250808,MO,NA,20240809,125037,20240809,140714,.,20241121,200045,20241121,220439,-1. Inapplicable,-1. Inapplicable
142191,ANES2024TimeSeries_20250808,IN,NA,20240811,142354,20240813,172231,.,20241119,103026,20241119,103048,-1. Inapplicable,-1. Inapplicable
142192,ANES2024TimeSeries_20250808,WI,NA,20240818,195702,20240818,205215,.,20241118,201726,20241118,201739,-1. Inapplicable,-1. Inapplicable
142193,ANES2024TimeSeries_20250808,OH,NA,20240810,004124,20240810,015040,.,20241113,224417,20241113,224438,-1. Inapplicable,-1. Inapplicable
142194,ANES2024TimeSeries_20250808,MA,NA,20240813,055420,20240813,070001,.,20241124,110604,20241124,120040,-1. Inapplicable,-1. Inapplicable
142195,ANES2024TimeSeries_20250808,IN,NA,20240809,190850,20240809,211732,.,20241205,144243,20241205,160915,-1. Inapplicable,-1. Inapplicable
142196,ANES2024TimeSeries_20250808,IN,NA,20240810,165010,20240810,181448,.,20241119,204916,20241119,204945,-1. Inapplicable,-1. Inapplicable
142198,ANES2024TimeSeries_20250808,PA,NA,20241105,161426,20241105,164707,.,20241113,214858,20241113,214905,-1. Inapplicable,-1. Inapplicable
142200,ANES2024TimeSeries_20250808,PA,NA,20240814,160750,20240814,172443,.,20241122,140156,20241122,154208,-1. Inapplicable,-1. Inapplicable
142201,ANES2024TimeSeries_20250808,TN,NA,20240810,164914,20240810,191821,.,20241115,223557,20241115,223606,-1. Inapplicable,-1. Inapplicable
142202,ANES2024TimeSeries_20250808,KS,NA,20241030,102306,20241030,112213,.,.,NA,.,NA,-1. Inapplicable,-1. Inapplicable
142203,ANES2024TimeSeries_20250808,KS,NA,20240903,220639,20240904,002246,.,20241210,085600,20241229,020517,-1. Inapplicable,-1. Inapplicable
142206,ANES2024TimeSeries_20250808,MI,NA,20240904,105435,20240904,125517,.,20250201,150021,20250201,214632,-1. Inapplicable,-1. Inapplicable
142207,ANES2024TimeSeries_20250808,TX,NA,20241002,055916,20241008,161252,.,20241120,112943,20241120,113013,-1. Inapplicable,-1. Inapplicable
142209,ANES2024TimeSeries_20250808,CA,NA,20241011,134256,20241011,145533,.,20241127,201412,20241127,211622,-1. Inapplicable,-1. Inapplicable
142210,ANES2024TimeSeries_20250808,OH,NA,20240812,103802,20240812,123654,.,20241119,201813,20241119,201832,-1. Inapplicable,-1. Inapplicable
142211,ANES2024TimeSeries_20250808,WI,NA,20240812,170011,20240812,185113,.,20241119,122715,20241119,122741,-1. Inapplicable,-1. Inapplicable
142212,ANES2024TimeSeries_20250808,KY,NA,20240813,104053,20240813,113915,.,20241204,092341,20241204,102803,-1. Inapplicable,-1. Inapplicable
142213,ANES2024TimeSeries_20250808,OH,NA,20240816,122449,20240816,133805,.,20241220,122020,20241220,142403,-1. Inapplicable,-1. Inapplicable
142214,ANES2024TimeSeries_20250808,OK,NA,20240813,185411,20240819,224155,.,20241127,150916,20241127,161916,-1. Inapplicable,-1. Inapplicable
142215,ANES2024TimeSeries_20250808,WI,NA,20240918,134839,20240918,143136,.,20241202,115238,20250203,214603,-1. Inapplicable,-1. Inapplicable
142216,ANES2024TimeSeries_20250808,IL,NA,20240814,130051,20240814,142314,.,20241126,194454,20241126,210510,-1. Inapplicable,-1. Inapplicable
142217,ANES2024TimeSeries_20250808,LA,NA,20240813,181504,20240813,193315,.,20241118,132833,20241118,132838,-1. Inapplicable,-1. Inapplicable
142218,ANES2024TimeSeries_20250808,NY,NA,20240812,070142,20240812,080021,.,20241215,192844,20241215,203033,-1. Inapplicable,-1. Inapplicable
142219,ANES2024TimeSeries_20250808,GA,NA,20240813,083529,20240813,113444,.,20241120,175720,20241120,195005,-1. Inapplicable,-1. Inapplicable
142220,ANES2024TimeSeries_20250808,ID,NA,20240811,234457,20240812,021055,.,20250114,190120,20250115,003639,-1. Inapplicable,-1. Inapplicable
142222,ANES2024TimeSeries_20250808,CA,NA,20240813,143019,20240813,171240,.,20241114,170216,20241114,170235,-1. Inapplicable,-1. Inapplicable
142223,ANES2024TimeSeries_20250808,NC,NA,20240816,104325,20240816,114124,.,20241125,084150,20241125,092733,-1. Inapplicable,-1. Inapplicable
142224,ANES2024TimeSeries_20250808,MI,NA,20240816,140838,20240816,151353,.,20241119,163657,20241119,163707,-1. Inapplicable,-1. Inapplicable
142225,ANES2024TimeSeries_20250808,NC,NA,20240819,211545,20240819,224424,.,20241117,223756,20241117,223810,-1. Inapplicable,-1. Inapplicable
142226,ANES2024TimeSeries_20250808,FL,NA,20240810,084512,20240810,095845,.,20241119,120218,20241119,120241,-1. Inapplicable,-1. Inapplicable
142228,ANES2024TimeSeries_20250808,NJ,NA,20240810,100521,20240810,104724,.,20241118,102205,20241118,102214,-1. Inapplicable,-1. Inapplicable
142229,ANES2024TimeSeries_20250808,DC,NA,20240811,171701,20240814,163829,.,20241122,130749,20241122,141639,-1. Inapplicable,-1. Inapplicable
142231,ANES2024TimeSeries_20250808,MO,NA,20240813,174841,20240813,201127,.,20241126,165312,20241126,184141,-1. Inapplicable,-1. Inapplicable
142232,ANES2024TimeSeries_20250808,MA,NA,20240905,094254,.,-1,.,.,NA,.,NA,-1. Inapplicable,-1. Inapplicable
142233,ANES2024TimeSeries_20250808,UT,NA,20240817,183315,20240817,201121,.,20241121,113643,20241121,124118,-1. Inapplicable,-1. Inapplicable
142234,ANES2024TimeSeries_20250808,CA,NA,20240819,224155,20240819,232155,.,20241118,211759,20241118,211809,-1. Inapplicable,-1. Inapplicable
142235,ANES2024TimeSeries_20250808,CA,NA,20240904,221934,20240905,002631,.,20241125,203534,20241125,222203,-1. Inapplicable,-1. Inapplicable
142237,ANES2024TimeSeries_20250808,KY,NA,20240818,110600,20240818,115547,.,20241228,083425,20241228,091835,-1. Inapplicable,-1. Inapplicable
142238,ANES2024TimeSeries_20250808,GA,NA,20241015,183322,20241022,115215,.,20241126,124305,20241201,135629,-1. Inapplicable,-1. Inapplicable
142239,ANES2024TimeSeries_20250808,CT,NA,20241018,083141,20241018,092658,.,.,NA,.,NA,-1. Inapplicable,-1. Inapplicable
142240,ANES2024TimeSeries_20250808,MO,NA,20240825,123558,20240825,133353,.,20241208,131708,20241208,140928,-1. Inapplicable,-1. Inapplicable
142242,ANES2024TimeSeries_20250808,TX,NA,20241013,170226,20241013,174226,.,20241124,123318,20241124,131817,-1. Inapplicable,-1. Inapplicable
142243,ANES2024TimeSeries_20250808,PA,NA,20241014,144255,20241014,155001,.,20241123,095916,20241123,111037,-1. Inapplicable,-1. Inapplicable
142245,ANES2024TimeSeries_20250808,WA,NA,20240909,163611,20241010,200103,.,20241120,161032,20241120,174556,-1. Inapplicable,-1. Inapplicable
142246,ANES2024TimeSeries_20250808,FL,NA,20240813,084853,20240813,102433,.,20241122,073239,20241122,085329,-1. Inapplicable,-1. Inapplicable
142247,ANES2024TimeSeries_20250808,IN,NA,20240810,054841,20240810,070737,.,20241114,195436,20241114,200247,-1. Inapplicable,-1. Inapplicable
142248,ANES2024TimeSeries_20250808,OK,NA,20240819,115101,20240819,131909,.,20241123,141917,20241229,122215,-1. Inapplicable,-1. Inapplicable
142249,ANES2024TimeSeries_20250808,MO,NA,20240814,232157,20240815,010803,.,20241118,183112,20241118,183125,-1. Inapplicable,-1. Inapplicable
142251,ANES2024TimeSeries_20250808,OK,NA,20240812,173510,20240812,213229,.,20241129,132220,20241202,175420,-1. Inapplicable,-1. Inapplicable
142254,ANES2024TimeSeries_20250808,GA,NA,20240813,125014,20240813,133254,.,20241209,035805,20241209,045335,-1. Inapplicable,-1. Inapplicable
142255,ANES2024TimeSeries_20250808,NJ,NA,20240815,102618,20240815,111422,.,20241114,134115,20241114,134128,-1. Inapplicable,-1. Inapplicable
142258,ANES2024TimeSeries_20250808,TX,NA,20241030,215255,20241031,002651,.,20250207,202538,20250207,223524,-1. Inapplicable,-1. Inapplicable
142259,ANES2024TimeSeries_20250808,MA,NA,20240810,095005,20240810,104639,.,20241114,153358,20241114,153424,-1. Inapplicable,-1. Inapplicable
142260,ANES2024TimeSeries_20250808,IL,NA,20240815,133831,20240815,150815,.,.,NA,.,NA,-1. Inapplicable,-1. Inapplicable
142261,ANES2024TimeSeries_20250808,MA,NA,20240812,182625,20240812,191649,.,20241201,083702,20241201,094135,-1. Inapplicable,-1. Inapplicable
142262,ANES2024TimeSeries_20250808,WA,NA,20240812,134719,20240813,153505,.,20241124,135221,20241125,141008,-1. Inapplicable,-1. Inapplicable
142263,ANES2024TimeSeries_20250808,PA,NA,20241011,184334,20241011,194101,.,20241121,204401,20241121,212111,-1. Inapplicable,-1. Inapplicable
142266,ANES2024TimeSeries_20250808,CO,NA,20240813,212134,20240813,225326,.,20241116,211211,20241116,211234,-1. Inapplicable,-1. Inapplicable
142267,ANES2024TimeSeries_20250808,TX,NA,20240815,190901,20240815,201906,.,20241204,192127,20241204,202419,-1. Inapplicable,-1. Inapplicable
142269,ANES2024TimeSeries_20250808,CA,NA,20240809,093227,20240809,111939,.,20241121,141023,20241121,172114,-1. Inapplicable,-1. Inapplicable
142270,ANES2024TimeSeries_20250808,VA,NA,20240810,112213,20240810,124219,.,20241206,095117,20241206,110236,-1. Inapplicable,-1. Inapplicable
142271,ANES2024TimeSeries_20250808,TN,NA,20240830,151549,20240830,161014,.,20250126,220441,20250126,230103,-1. Inapplicable,-1. Inapplicable
142272,ANES2024TimeSeries_20250808,NJ,NA,20240809,140357,20240809,150610,.,20241117,195340,20241117,195358,-1. Inapplicable,-1. Inapplicable
142273,ANES2024TimeSeries_20250808,SC,NA,20240813,142541,20240826,140916,.,20241114,181308,20241114,181316,-1. Inapplicable,-1. Inapplicable
142274,ANES2024TimeSeries_20250808,TN,NA,20240818,185019,20240818,201028,.,20241122,224510,20241122,235346,-1. Inapplicable,-1. Inapplicable
142275,ANES2024TimeSeries_20250808,KS,NA,20240814,135458,20240814,145630,.,20241118,145712,20241118,145724,-1. Inapplicable,-1. Inapplicable
142277,ANES2024TimeSeries_20250808,OK,NA,20240812,164532,20240812,175905,.,20241123,151430,20241123,164824,-1. Inapplicable,-1. Inapplicable
142278,ANES2024TimeSeries_20250808,NC,NA,20240820,083602,20240827,003430,.,20250114,090010,20250216,231638,-1. Inapplicable,-1. Inapplicable
142279,ANES2024TimeSeries_20250808,MD,NA,20240913,114822,20240913,131158,.,20250127,075103,20250127,090115,-1. Inapplicable,-1. Inapplicable
142281,ANES2024TimeSeries_20250808,OH,NA,20240813,055740,20240813,063125,.,20241121,044810,20241121,052816,-1. Inapplicable,-1. Inapplicable
142282,ANES2024TimeSeries_20250808,WI,NA,20240815,133855,20240815,142616,.,20241120,161656,20241120,170406,-1. Inapplicable,-1. Inapplicable
142283,ANES2024TimeSeries_20250808,OR,NA,20240817,005808,20240820,214937,.,20241230,150128,20241230,170308,-1. Inapplicable,-1. Inapplicable
142284,ANES2024TimeSeries_20250808,TN,NA,20240813,122900,20240813,133406,.,20241114,151916,20241114,151929,-1. Inapplicable,-1. Inapplicable
142285,ANES2024TimeSeries_20250808,NC,NA,20241022,113050,20241022,142435,.,20241127,141454,20241202,215414,-1. Inapplicable,-1. Inapplicable
142286,ANES2024TimeSeries_20250808,WY,NA,20241012,173051,20241012,181015,.,20241122,204106,20241122,211847,-1. Inapplicable,-1. Inapplicable
142287,ANES2024TimeSeries_20250808,IN,NA,20240914,145652,20240914,155411,.,20250123,122850,20250123,131842,-1. Inapplicable,-1. Inapplicable
142288,ANES2024TimeSeries_20250808,AZ,NA,20240818,174729,20240818,190106,.,20250118,122119,20250118,134927,-1. Inapplicable,-1. Inapplicable
142289,ANES2024TimeSeries_20250808,NE,NA,20240817,144046,20240817,154841,.,20241119,130808,20241119,130838,-1. Inapplicable,-1. Inapplicable
142291,ANES2024TimeSeries_20250808,CA,NA,20240814,185631,20240814,204134,.,20241220,145048,.,-1,-1. Inapplicable,-1. Inapplicable
142292,ANES2024TimeSeries_20250808,NJ,NA,20240826,123510,20240826,130337,.,20250123,211842,20250123,221540,-1. Inapplicable,-1. Inapplicable
142293,ANES2024TimeSeries_20250808,OK,NA,20240819,122105,20240819,125214,.,20250117,125922,20250117,135740,-1. Inapplicable,-1. Inapplicable
142294,ANES2024TimeSeries_20250808,GA,NA,20240905,184908,20240905,204512,.,20241218,120352,20241218,131839,-1. Inapplicable,-1. Inapplicable
142295,ANES2024TimeSeries_20250808,IA,NA,20240813,155643,20240813,170850,.,20241113,205217,20241113,205227,-1. Inapplicable,-1. Inapplicable
142296,ANES2024TimeSeries_20250808,MD,NA,20241009,215837,20241010,044642,.,20241125,165441,20241126,020635,-1. Inapplicable,-1. Inapplicable
142297,ANES2024TimeSeries_20250808,NJ,NA,20241010,215410,20241010,233532,.,20241129,132519,20241129,144947,-1. Inapplicable,-1. Inapplicable
142299,ANES2024TimeSeries_20250808,MA,NA,20240815,153732,20240815,191527,.,20241118,161338,20241118,161352,-1. Inapplicable,-1. Inapplicable
142301,ANES2024TimeSeries_20250808,VA,NA,20240928,085418,20240929,050318,.,20241121,184651,20241121,202041,-1. Inapplicable,-1. Inapplicable
142302,ANES2024TimeSeries_20250808,NJ,NA,20240818,153712,20240818,173309,.,20241129,102200,20241129,112342,-1. Inapplicable,-1. Inapplicable
142303,ANES2024TimeSeries_20250808,TX,NA,20240809,131422,20240809,174953,.,20241120,175707,20241120,183954,-1. Inapplicable,-1. Inapplicable
142304,ANES2024TimeSeries_20250808,IL,NA,20240814,173656,20240814,182126,.,20241123,135121,20241123,143914,-1. Inapplicable,-1. Inapplicable
142305,ANES2024TimeSeries_20250808,TX,NA,20241030,221737,20241031,004327,.,20250102,220302,20250102,225114,-1. Inapplicable,-1. Inapplicable
142306,ANES2024TimeSeries_20250808,KY,NA,20240826,152354,20240826,161353,.,20241121,141824,20241121,152124,-1. Inapplicable,-1. Inapplicable
142307,ANES2024TimeSeries_20250808,MA,NA,20240818,134645,20240818,142905,.,20250116,104910,20250116,113336,-1. Inapplicable,-1. Inapplicable
142308,ANES2024TimeSeries_20250808,NC,NA,20240813,124157,20240813,144239,.,20241119,184114,20241119,184152,-1. Inapplicable,-1. Inapplicable
142311,ANES2024TimeSeries_20250808,CO,NA,20240829,095138,20240829,104552,.,20241119,085141,20241119,085146,-1. Inapplicable,-1. Inapplicable
142313,ANES2024TimeSeries_20250808,CO,NA,20240818,125003,20240818,141844,.,20241119,172932,20241119,172946,-1. Inapplicable,-1. Inapplicable
142315,ANES2024TimeSeries_20250808,MI,NA,20240814,131024,20240814,141736,.,20241124,163950,20241124,173623,-1. Inapplicable,-1. Inapplicable
142316,ANES2024TimeSeries_20250808,PA,NA,20241011,125848,20241011,132937,.,20250117,104824,20250117,111925,-1. Inapplicable,-1. Inapplicable
142317,ANES2024TimeSeries_20250808,MI,NA,20240812,195042,20240812,203211,.,20241120,211425,20241120,220811,-1. Inapplicable,-1. Inapplicable
142318,ANES2024TimeSeries_20250808,MI,NA,20240809,225916,20240810,001033,.,20241113,230407,20241113,230421,-1. Inapplicable,-1. Inapplicable
142319,ANES2024TimeSeries_20250808,KY,NA,20240810,142128,20240810,161539,.,20241126,121103,20241126,132320,-1. Inapplicable,-1. Inapplicable
142320,ANES2024TimeSeries_20250808,MD,NA,20240813,202234,20240813,210506,.,20241125,134218,20241125,142412,-1. Inapplicable,-1. Inapplicable
142321,ANES2024TimeSeries_20250808,AZ,NA,20240818,114819,20240818,124002,.,20241120,120556,20241120,120606,-1. Inapplicable,-1. Inapplicable
142322,ANES2024TimeSeries_20250808,OH,NA,20240816,113048,20240816,123731,.,20241211,171135,20241211,182240,-1. Inapplicable,-1. Inapplicable
142323,ANES2024TimeSeries_20250808,WI,NA,20240816,164458,20240816,173612,.,20241114,071420,20241114,071428,-1. Inapplicable,-1. Inapplicable
142325,ANES2024TimeSeries_20250808,NC,NA,20240920,100446,20240920,110210,.,20250205,154816,20250207,182540,-1. Inapplicable,-1. Inapplicable
142326,ANES2024TimeSeries_20250808,VA,NA,20240809,090842,20240809,100604,.,20241121,082210,20241121,091757,-1. Inapplicable,-1. Inapplicable
142327,ANES2024TimeSeries_20250808,NH,NA,20240821,181257,20240821,192228,.,20241121,160129,20241121,213554,-1. Inapplicable,-1. Inapplicable
142328,ANES2024TimeSeries_20250808,SC,NA,20240826,150529,20241015,121629,.,20241124,213424,20241126,092625,-1. Inapplicable,-1. Inapplicable
142329,ANES2024TimeSeries_20250808,OH,NA,20240809,122513,20240809,134533,.,20241114,132812,20241114,132823,-1. Inapplicable,-1. Inapplicable
142330,ANES2024TimeSeries_20250808,VA,NA,20240819,105330,20240819,115722,.,20241205,155940,20241205,170323,-1. Inapplicable,-1. Inapplicable
142332,ANES2024TimeSeries_20250808,AZ,NA,20240820,224438,20240821,005946,.,20241121,000133,20241121,133153,-1. Inapplicable,-1. Inapplicable
142334,ANES2024TimeSeries_20250808,MI,NA,20240819,155745,20240819,175132,.,20241126,192155,20241126,202614,-1. Inapplicable,-1. Inapplicable
142336,ANES2024TimeSeries_20250808,IL,NA,20240831,134205,20240831,142512,.,20250116,121634,20250116,140137,-1. Inapplicable,-1. Inapplicable
142337,ANES2024TimeSeries_20250808,MO,NA,20240823,123208,20240823,135513,.,20250116,112738,20250116,123628,-1. Inapplicable,-1. Inapplicable
142338,ANES2024TimeSeries_20250808,SC,NA,20240816,132534,20240816,150400,.,20241121,221918,20241121,231217,-1. Inapplicable,-1. Inapplicable
142339,ANES2024TimeSeries_20250808,TX,NA,20240809,100516,20240809,110316,.,20241114,095345,20241114,095515,-1. Inapplicable,-1. Inapplicable
142340,ANES2024TimeSeries_20250808,CA,NA,20241009,202019,20241009,213938,.,20241120,221015,20241120,230946,-1. Inapplicable,-1. Inapplicable
142341,ANES2024TimeSeries_20250808,WI,NA,20240823,101113,20240823,120158,.,20241204,150404,20241205,103648,-1. Inapplicable,-1. Inapplicable
142342,ANES2024TimeSeries_20250808,MN,NA,20240827,182835,20240827,192752,.,20250119,124924,20250119,135342,-1. Inapplicable,-1. Inapplicable
142343,ANES2024TimeSeries_20250808,KY,NA,20240812,190017,20240812,201455,.,20241120,191918,20241204,203225,-1. Inapplicable,-1. Inapplicable
142345,ANES2024TimeSeries_20250808,TX,NA,20240812,141714,20241015,113043,.,20241118,064248,20241118,064446,-1. Inapplicable,-1. Inapplicable
142347,ANES2024TimeSeries_20250808,IA,NA,20240918,135948,20240929,142332,.,20241113,232319,20241113,232325,-1. Inapplicable,-1. Inapplicable
142348,ANES2024TimeSeries_20250808,TX,NA,20240825,142302,20240825,154221,.,20241120,214331,20241120,230242,-1. Inapplicable,-1. Inapplicable
142349,ANES2024TimeSeries_20250808,OH,NA,20240809,135822,20240809,153949,.,20241114,131617,20241114,131638,-1. Inapplicable,-1. Inapplicable
142350,ANES2024TimeSeries_20250808,CA,NA,20240916,012808,20240916,022025,.,20250120,120349,20250120,130944,-1. Inapplicable,-1. Inapplicable
142351,ANES2024TimeSeries_20250808,TX,NA,20240814,133125,20240817,132003,.,20241123,145652,20241123,155145,-1. Inapplicable,-1. Inapplicable
142352,ANES2024TimeSeries_20250808,MT,NA,20240911,201415,20241016,020358,.,20241213,193825,20241229,215819,-1. Inapplicable,-1. Inapplicable
142354,ANES2024TimeSeries_20250808,RI,NA,20240827,163415,20240827,173147,.,20241202,100532,20241202,105429,-1. Inapplicable,-1. Inapplicable
142355,ANES2024TimeSeries_20250808,FL,NA,20240812,204025,20240812,215808,.,20241118,192901,20241118,192915,-1. Inapplicable,-1. Inapplicable
142356,ANES2024TimeSeries_20250808,TX,NA,20240815,103116,20240815,120049,.,20241116,170302,20241116,170323,-1. Inapplicable,-1. Inapplicable
142358,ANES2024TimeSeries_20250808,CA,NA,20241006,180758,20241006,193409,.,20241215,105343,20241215,122923,-1. Inapplicable,-1. Inapplicable
142359,ANES2024TimeSeries_20250808,MI,NA,20240809,094210,20240809,125628,.,20241120,192727,20241120,205714,-1. Inapplicable,-1. Inapplicable
142360,ANES2024TimeSeries_20250808,PA,NA,20240819,121019,20240819,130835,.,20241211,201528,20241211,210215,-1. Inapplicable,-1. Inapplicable
142361,ANES2024TimeSeries_20250808,KS,NA,20240911,171115,20240911,181325,.,20250120,225652,20250121,000036,-1. Inapplicable,-1. Inapplicable
142363,ANES2024TimeSeries_20250808,CA,NA,20240815,120615,20240815,124547,.,20241202,125617,20241202,134534,-1. Inapplicable,-1. Inapplicable
142364,ANES2024TimeSeries_20250808,KY,NA,20240825,111437,20240825,113422,.,20241120,192002,20241120,194205,-1. Inapplicable,-1. Inapplicable
142365,ANES2024TimeSeries_20250808,IL,NA,20240816,133245,20240816,140837,.,20241115,161614,20241115,161622,-1. Inapplicable,-1. Inapplicable
142366,ANES2024TimeSeries_20250808,AZ,NA,20240816,013754,20240816,023957,.,20241203,153510,20241203,162843,-1. Inapplicable,-1. Inapplicable
142367,ANES2024TimeSeries_20250808,DE,NA,20240815,084816,20240815,094036,.,20241122,175426,20241122,184027,-1. Inapplicable,-1. Inapplicable
142368,ANES2024TimeSeries_20250808,FL,NA,20240817,132923,20240817,143402,.,20241114,111337,20241114,111354,-1. Inapplicable,-1. Inapplicable
142369,ANES2024TimeSeries_20250808,CA,NA,20240811,175557,20240811,184532,.,20241114,011558,20241114,011605,-1. Inapplicable,-1. Inapplicable
142370,ANES2024TimeSeries_20250808,RI,NA,20240810,110541,20240810,134258,.,20241114,155101,20241114,155125,-1. Inapplicable,-1. Inapplicable
142371,ANES2024TimeSeries_20250808,MI,NA,20240816,160644,20240816,172241,.,20241118,175636,20241118,175645,-1. Inapplicable,-1. Inapplicable
142372,ANES2024TimeSeries_20250808,TX,NA,20240815,001820,20240815,014031,.,20241204,004127,20241204,021342,-1. Inapplicable,-1. Inapplicable
142373,ANES2024TimeSeries_20250808,GA,NA,20240816,144512,20240816,162508,.,20241119,095318,20241119,095323,-1. Inapplicable,-1. Inapplicable
142374,ANES2024TimeSeries_20250808,RI,NA,20240902,201415,20240902,220521,.,20241126,113621,20241126,134237,-1. Inapplicable,-1. Inapplicable
142375,ANES2024TimeSeries_20250808,PA,NA,20240812,192241,20240812,201423,.,20241201,102941,20241201,112518,-1. Inapplicable,-1. Inapplicable
142376,ANES2024TimeSeries_20250808,CA,NA,20240809,131800,20240809,135334,.,20241113,191635,20241113,191650,-1. Inapplicable,-1. Inapplicable
142378,ANES2024TimeSeries_20250808,PA,NA,20240809,085937,20240809,095844,.,20241125,175159,20241125,184347,-1. Inapplicable,-1. Inapplicable
142379,ANES2024TimeSeries_20250808,CT,NA,20240812,173732,20240812,194714,.,20241126,133554,20241126,175812,-1. Inapplicable,-1. Inapplicable
142380,ANES2024TimeSeries_20250808,PA,NA,20240818,125028,20240818,135633,.,20250211,172137,20250211,182832,-1. Inapplicable,-1. Inapplicable
142381,ANES2024TimeSeries_20250808,NV,NA,20240820,215603,20240820,230338,.,20241113,205440,20241113,205452,-1. Inapplicable,-1. Inapplicable
142383,ANES2024TimeSeries_20250808,MS,NA,20240904,124440,20240904,134602,.,20250115,172836,20250115,183535,-1. Inapplicable,-1. Inapplicable
142384,ANES2024TimeSeries_20250808,FL,NA,20240817,210746,20240817,223734,.,20241203,083237,20241203,094307,-1. Inapplicable,-1. Inapplicable
142385,ANES2024TimeSeries_20250808,IA,NA,20240809,091427,20240809,095014,.,20250119,204644,20250119,235436,-1. Inapplicable,-1. Inapplicable
142387,ANES2024TimeSeries_20250808,AL,NA,20240820,152157,20240820,163552,.,20241124,134838,20241124,150540,-1. Inapplicable,-1. Inapplicable
142388,ANES2024TimeSeries_20250808,NY,NA,20240809,095441,20240809,112251,.,20241114,092518,20241114,092524,-1. Inapplicable,-1. Inapplicable
142389,ANES2024TimeSeries_20250808,IA,NA,20240825,125215,20240825,134532,.,20241119,212328,20241119,212337,-1. Inapplicable,-1. Inapplicable
142390,ANES2024TimeSeries_20250808,NJ,NA,20241015,144027,20241015,151318,.,20241205,095650,20241205,104737,-1. Inapplicable,-1. Inapplicable
142391,ANES2024TimeSeries_20250808,MD,NA,20240831,111144,20240831,135638,.,20241228,105403,20241228,121553,-1. Inapplicable,-1. Inapplicable
142392,ANES2024TimeSeries_20250808,CA,NA,20240815,183653,20240815,192025,.,20241201,141844,20241201,151154,-1. Inapplicable,-1. Inapplicable
142393,ANES2024TimeSeries_20250808,WI,NA,20240813,175131,20240813,191225,.,20241120,155159,20241120,155205,-1. Inapplicable,-1. Inapplicable
142394,ANES2024TimeSeries_20250808,CA,NA,20240810,190601,20240810,202403,.,20241125,234845,20241126,023036,-1. Inapplicable,-1. Inapplicable
142395,ANES2024TimeSeries_20250808,CO,NA,20240817,194434,20240817,210815,.,20241118,232200,20241118,232231,-1. Inapplicable,-1. Inapplicable
142396,ANES2024TimeSeries_20250808,TN,NA,20240908,134849,20240908,144515,.,20241121,080601,20241121,091614,-1. Inapplicable,-1. Inapplicable
142397,ANES2024TimeSeries_20250808,WI,NA,20240821,111037,20240821,115734,.,20250123,085851,20250123,093635,-1. Inapplicable,-1. Inapplicable
142398,ANES2024TimeSeries_20250808,CA,NA,20240818,113142,20240818,130212,.,20241123,183132,20241123,191858,-1. Inapplicable,-1. Inapplicable
142399,ANES2024TimeSeries_20250808,IL,NA,20240820,175036,20240820,202818,.,20241123,135942,20241123,161307,-1. Inapplicable,-1. Inapplicable
142400,ANES2024TimeSeries_20250808,TX,NA,20241103,151806,20241103,155249,.,.,NA,.,NA,-1. Inapplicable,-1. Inapplicable
142403,ANES2024TimeSeries_20250808,OR,NA,20241012,200949,20241012,211614,.,20241120,161029,20241120,165803,-1. Inapplicable,-1. Inapplicable
142404,ANES2024TimeSeries_20250808,WA,NA,20240812,160501,20240812,170639,.,20241126,130731,20241126,140057,-1. Inapplicable,-1. Inapplicable
142405,ANES2024TimeSeries_20250808,PA,NA,20240916,160918,20241021,120341,.,20241113,215940,20241113,215952,-1. Inapplicable,-1. Inapplicable
142406,ANES2024TimeSeries_20250808,NY,NA,20240823,090949,20240823,104555,.,.,NA,.,NA,-1. Inapplicable,-1. Inapplicable
142407,ANES2024TimeSeries_20250808,IL,NA,20240813,204048,20240813,214938,.,20241208,195359,20241208,204741,-1. Inapplicable,-1. Inapplicable
142408,ANES2024TimeSeries_20250808,OH,NA,20240814,095936,20240814,110357,.,20241201,143922,20241201,153330,-1. Inapplicable,-1. Inapplicable
142409,ANES2024TimeSeries_20250808,MA,NA,20240909,092040,20240909,104253,.,20241126,094526,20241226,225805,-1. Inapplicable,-1. Inapplicable
142410,ANES2024TimeSeries_20250808,IL,NA,20240814,200333,20240814,203935,.,20241127,173952,20241127,181339,-1. Inapplicable,-1. Inapplicable
142412,ANES2024TimeSeries_20250808,MI,NA,20240810,062659,20240810,113038,.,20241114,152849,20241114,152906,-1. Inapplicable,-1. Inapplicable
142413,ANES2024TimeSeries_20250808,IN,NA,20240819,154811,20240819,172927,.,20241223,145934,20241223,162302,-1. Inapplicable,-1. Inapplicable
142415,ANES2024TimeSeries_20250808,OK,NA,20240817,171557,20240817,181746,.,20241118,123001,20241118,123010,-1. Inapplicable,-1. Inapplicable
142416,ANES2024TimeSeries_20250808,OR,NA,20240814,155649,20240911,155913,.,20241120,195112,20241120,212849,-1. Inapplicable,-1. Inapplicable
142417,ANES2024TimeSeries_20250808,NC,NA,20241024,152305,20241024,162807,.,20250117,202544,20250201,134554,-1. Inapplicable,-1. Inapplicable
142418,ANES2024TimeSeries_20250808,MA,NA,20240826,141227,20240902,153940,.,20241222,120437,20250120,004336,-1. Inapplicable,-1. Inapplicable
142419,ANES2024TimeSeries_20250808,AR,NA,20240921,075509,20240921,085556,.,20241123,132335,20241123,142515,-1. Inapplicable,-1. Inapplicable
142420,ANES2024TimeSeries_20250808,TX,NA,20240813,115726,20240813,132022,.,20241114,134737,20241114,134753,-1. Inapplicable,-1. Inapplicable
142421,ANES2024TimeSeries_20250808,VA,NA,20240812,151308,20240812,173708,.,20241118,134425,20241118,134436,-1. Inapplicable,-1. Inapplicable
142423,ANES2024TimeSeries_20250808,WA,NA,20240810,110059,20240810,125022,.,20241124,100942,20241124,115804,-1. Inapplicable,-1. Inapplicable
142425,ANES2024TimeSeries_20250808,MA,NA,20240826,184350,20240826,200417,.,20241114,185409,20241114,185535,-1. Inapplicable,-1. Inapplicable
142426,ANES2024TimeSeries_20250808,CT,NA,20240811,060208,20240827,131208,.,20241114,212555,20241114,212608,-1. Inapplicable,-1. Inapplicable
142427,ANES2024TimeSeries_20250808,IL,NA,20240818,121226,20240818,125748,.,20241119,170936,20241119,170950,-1. Inapplicable,-1. Inapplicable
142428,ANES2024TimeSeries_20250808,TN,NA,20241013,195758,20241013,212105,.,20241227,202023,20241227,213656,-1. Inapplicable,-1. Inapplicable
142429,ANES2024TimeSeries_20250808,TX,NA,20240825,195526,20240825,220302,.,20250119,124304,20250119,135004,-1. Inapplicable,-1. Inapplicable
142430,ANES2024TimeSeries_20250808,TX,NA,20240828,211037,20240828,233650,.,20241222,185643,20241222,204531,-1. Inapplicable,-1. Inapplicable
142431,ANES2024TimeSeries_20250808,TN,NA,20240825,203157,20240825,215056,.,20241121,085048,20241121,094348,-1. Inapplicable,-1. Inapplicable
142432,ANES2024TimeSeries_20250808,NC,NA,20240817,205723,20240817,215519,.,20241115,200945,20241115,200956,-1. Inapplicable,-1. Inapplicable
142433,ANES2024TimeSeries_20250808,DC,NA,20240826,204909,20240826,224239,.,20241117,173742,20241117,173800,-1. Inapplicable,-1. Inapplicable
142434,ANES2024TimeSeries_20250808,IA,NA,20240815,132313,20240815,142945,.,20241201,123651,20241201,135053,-1. Inapplicable,-1. Inapplicable
142435,ANES2024TimeSeries_20250808,AL,NA,20240810,111529,20240810,135220,.,20241114,192720,20241114,192822,-1. Inapplicable,-1. Inapplicable
142436,ANES2024TimeSeries_20250808,CA,NA,20240809,111439,20240823,184752,.,20241115,155358,20241115,155407,-1. Inapplicable,-1. Inapplicable
142437,ANES2024TimeSeries_20250808,RI,NA,20240816,151656,20240816,164952,.,20241127,143000,20241127,153724,-1. Inapplicable,-1. Inapplicable
142438,ANES2024TimeSeries_20250808,OH,NA,20240815,222805,20240815,234514,.,.,NA,.,NA,-1. Inapplicable,-1. Inapplicable
142439,ANES2024TimeSeries_20250808,WA,NA,20240816,174648,20240816,191549,.,20241124,221411,20241124,232338,-1. Inapplicable,-1. Inapplicable
142440,ANES2024TimeSeries_20250808,CA,NA,20240812,145924,20240812,155854,.,20241120,192452,20241120,202929,-1. Inapplicable,-1. Inapplicable
142441,ANES2024TimeSeries_20250808,NC,NA,20240820,113247,20240820,120152,.,20241114,121555,20241114,121602,-1. Inapplicable,-1. Inapplicable
142442,ANES2024TimeSeries_20250808,NJ,NA,20240811,140235,20240811,150747,.,20241117,005850,20241117,005910,-1. Inapplicable,-1. Inapplicable
142443,ANES2024TimeSeries_20250808,NY,NA,20240821,145834,20240821,164219,.,20241118,042113,20241118,042136,-1. Inapplicable,-1. Inapplicable
142444,ANES2024TimeSeries_20250808,NM,NA,20240829,131551,20240829,143245,.,20241126,130443,20241126,142031,-1. Inapplicable,-1. Inapplicable
142445,ANES2024TimeSeries_20250808,VT,NA,20240824,141221,20240824,145724,.,20241120,161343,20241120,170424,-1. Inapplicable,-1. Inapplicable
142446,ANES2024TimeSeries_20250808,CO,NA,20240827,022609,20240827,042228,.,20241230,153104,20241230,172154,-1. Inapplicable,-1. Inapplicable
142447,ANES2024TimeSeries_20250808,IL,NA,20240827,183809,20240827,193152,.,20241128,090202,20241128,101627,-1. Inapplicable,-1. Inapplicable
142448,ANES2024TimeSeries_20250808,MA,NA,20240815,121645,20240815,125112,.,20241118,220701,20241118,220711,-1. Inapplicable,-1. Inapplicable
142449,ANES2024TimeSeries_20250808,NH,NA,20241012,155516,20241012,162240,.,20241126,153222,20241126,160705,-1. Inapplicable,-1. Inapplicable
142451,ANES2024TimeSeries_20250808,IL,NA,20240816,224347,20240826,152349,.,20241115,093951,20241115,094013,-1. Inapplicable,-1. Inapplicable
142452,ANES2024TimeSeries_20250808,MO,NA,20240813,173344,20240813,181926,.,20241114,085021,20241114,085032,-1. Inapplicable,-1. Inapplicable
142453,ANES2024TimeSeries_20250808,NJ,NA,20240821,063121,20240821,071857,.,20241122,164419,20241122,173705,-1. Inapplicable,-1. Inapplicable
142454,ANES2024TimeSeries_20250808,WI,NA,20240812,174518,20240812,184712,.,20241226,144440,20241226,154008,-1. Inapplicable,-1. Inapplicable
142455,ANES2024TimeSeries_20250808,MI,NA,20240815,203245,20240903,200358,.,.,NA,.,NA,-1. Inapplicable,-1. Inapplicable
142456,ANES2024TimeSeries_20250808,FL,NA,20240812,193634,20240812,210235,.,20241113,211806,20241113,211816,-1. Inapplicable,-1. Inapplicable
142457,ANES2024TimeSeries_20250808,TX,NA,20240812,155132,20240812,162923,.,20241221,134316,20241221,142236,-1. Inapplicable,-1. Inapplicable
142458,ANES2024TimeSeries_20250808,TX,NA,20240814,232600,20240815,004119,.,.,NA,.,NA,-1. Inapplicable,-1. Inapplicable
142459,ANES2024TimeSeries_20250808,NC,NA,20241021,221053,20241021,230801,.,.,NA,.,NA,-1. Inapplicable,-1. Inapplicable
142460,ANES2024TimeSeries_20250808,NC,NA,20241012,104722,20241012,114207,.,20241206,145845,20241206,171152,-1. Inapplicable,-1. Inapplicable
142461,ANES2024TimeSeries_20250808,IN,NA,20240809,091741,20240809,100259,.,20241114,084402,20241114,084427,-1. Inapplicable,-1. Inapplicable
142462,ANES2024TimeSeries_20250808,UT,NA,20240810,133037,20240810,144217,.,20241116,175805,20241116,175824,-1. Inapplicable,-1. Inapplicable
142464,ANES2024TimeSeries_20250808,MA,NA,20240813,191247,20240813,203455,.,20241125,175446,20241125,192134,-1. Inapplicable,-1. Inapplicable
142465,ANES2024TimeSeries_20250808,MO,NA,20240828,131818,20240828,140713,.,20241118,174134,20241118,174143,-1. Inapplicable,-1. Inapplicable
142466,ANES2024TimeSeries_20250808,WA,NA,20240814,215151,20240815,002715,.,20241121,174029,20241121,195206,-1. Inapplicable,-1. Inapplicable
142467,ANES2024TimeSeries_20250808,GA,NA,20240901,175326,20240901,190148,.,20241119,201934,20241119,201950,-1. Inapplicable,-1. Inapplicable
142468,ANES2024TimeSeries_20250808,ND,NA,20240813,122418,20240813,130226,.,20241114,213221,20241114,213228,-1. Inapplicable,-1. Inapplicable
142469,ANES2024TimeSeries_20250808,CA,NA,20240811,144816,20240811,201212,.,20241229,210049,20241229,232946,-1. Inapplicable,-1. Inapplicable
142470,ANES2024TimeSeries_20250808,CO,NA,20240814,143715,20240814,153653,.,20241113,215234,20241113,215244,-1. Inapplicable,-1. Inapplicable
142471,ANES2024TimeSeries_20250808,IL,NA,20241010,171325,20241010,175123,.,20241119,163351,20241119,163427,-1. Inapplicable,-1. Inapplicable
142472,ANES2024TimeSeries_20250808,MS,NA,20240816,150134,20240816,160023,.,20241213,091835,20241213,103141,-1. Inapplicable,-1. Inapplicable
142473,ANES2024TimeSeries_20250808,PA,NA,20240819,061859,20240819,072717,.,20241114,193330,20241114,193745,-1. Inapplicable,-1. Inapplicable
142474,ANES2024TimeSeries_20250808,CT,NA,20240812,092615,20240812,103618,.,20241121,082932,20241121,092601,-1. Inapplicable,-1. Inapplicable
142476,ANES2024TimeSeries_20250808,CT,NA,20241010,183151,20241010,193939,.,20241113,210619,20241113,210630,-1. Inapplicable,-1. Inapplicable
142479,ANES2024TimeSeries_20250808,MA,NA,20240809,173620,20240809,184531,.,20241119,153419,20241119,153429,-1. Inapplicable,-1. Inapplicable
142480,ANES2024TimeSeries_20250808,SC,NA,20240819,104252,20240819,112700,.,.,NA,.,NA,-1. Inapplicable,-1. Inapplicable
142483,ANES2024TimeSeries_20250808,NC,NA,20240815,202231,20240815,211403,.,20241122,183411,20241122,191604,-1. Inapplicable,-1. Inapplicable
142484,ANES2024TimeSeries_20250808,UT,NA,20240812,191602,20240812,214525,.,20241118,155206,20241118,155214,-1. Inapplicable,-1. Inapplicable
142485,ANES2024TimeSeries_20250808,WI,NA,20240809,162115,20240809,170942,.,20241114,094836,20241114,094910,-1. Inapplicable,-1. Inapplicable
142486,ANES2024TimeSeries_20250808,NC,NA,20240819,104629,20240819,114040,.,20241122,155741,20241122,180811,-1. Inapplicable,-1. Inapplicable
142488,ANES2024TimeSeries_20250808,WA,NA,20240809,233309,20240810,004258,.,20241113,231908,20241113,231918,-1. Inapplicable,-1. Inapplicable
142489,ANES2024TimeSeries_20250808,GA,NA,20240820,083944,20240820,112835,.,20241229,190532,20241229,214417,-1. Inapplicable,-1. Inapplicable
142490,ANES2024TimeSeries_20250808,VA,NA,20240817,113154,20240817,131938,.,20241204,194441,20241204,212700,-1. Inapplicable,-1. Inapplicable
142491,ANES2024TimeSeries_20250808,ME,NA,20241104,093212,20241104,122822,.,20250122,091156,20250122,104419,-1. Inapplicable,-1. Inapplicable
142492,ANES2024TimeSeries_20250808,DE,NA,20240825,100433,20240825,105609,.,20241224,120519,20241224,144300,-1. Inapplicable,-1. Inapplicable
142493,ANES2024TimeSeries_20250808,CA,NA,20240812,192447,20240812,204711,.,20250115,180529,20250115,190643,-1. Inapplicable,-1. Inapplicable
142494,ANES2024TimeSeries_20250808,OH,NA,20240821,061332,20240821,073021,.,20241120,204927,20241120,221009,-1. Inapplicable,-1. Inapplicable
142496,ANES2024TimeSeries_20250808,FL,NA,20241101,163852,20241101,174259,.,20250118,165157,20250118,190237,-1. Inapplicable,-1. Inapplicable
142498,ANES2024TimeSeries_20250808,IN,NA,20240811,121415,20240811,131750,.,20241120,142611,20241120,142635,-1. Inapplicable,-1. Inapplicable
142499,ANES2024TimeSeries_20250808,CO,NA,20240821,144315,20240821,163152,.,20241201,124338,20241203,200438,-1. Inapplicable,-1. Inapplicable
142501,ANES2024TimeSeries_20250808,TX,NA,20240809,091836,20240809,100222,.,20241121,112100,20241121,120428,-1. Inapplicable,-1. Inapplicable
142502,ANES2024TimeSeries_20250808,LA,NA,20240816,163446,20240816,171843,.,20241119,093027,20241119,093039,-1. Inapplicable,-1. Inapplicable
142503,ANES2024TimeSeries_20250808,CA,NA,20240810,110857,20240810,120450,.,20241114,173301,20241114,173314,-1. Inapplicable,-1. Inapplicable
142504,ANES2024TimeSeries_20250808,MA,NA,20240820,173859,20240820,182619,.,20241126,143204,20241130,192543,-1. Inapplicable,-1. Inapplicable
142505,ANES2024TimeSeries_20250808,CO,NA,20240816,153550,20240816,165300,.,20241114,065641,20241114,065648,-1. Inapplicable,-1. Inapplicable
142506,ANES2024TimeSeries_20250808,NJ,NA,20240814,132740,20240814,144048,.,20241128,094623,20241128,104606,-1. Inapplicable,-1. Inapplicable
142507,ANES2024TimeSeries_20250808,DE,NA,20241030,142626,20241030,153605,.,.,NA,.,NA,-1. Inapplicable,-1. Inapplicable
142508,ANES2024TimeSeries_20250808,OH,NA,20240823,115349,20240823,130919,.,20241203,163438,20241203,190908,-1. Inapplicable,-1. Inapplicable
142511,ANES2024TimeSeries_20250808,CA,NA,20241031,210153,20241031,222608,.,20250207,174600,20250207,204727,-1. Inapplicable,-1. Inapplicable
142512,ANES2024TimeSeries_20250808,NY,NA,20241017,144129,20241017,155203,.,20241130,201449,20241130,221825,-1. Inapplicable,-1. Inapplicable
142513,ANES2024TimeSeries_20250808,SC,NA,20240812,213120,20240812,232106,.,20241124,142024,20250117,135804,-1. Inapplicable,-1. Inapplicable
142514,ANES2024TimeSeries_20250808,MD,NA,20240818,193548,20240818,203441,.,20241117,142348,20241117,142407,-1. Inapplicable,-1. Inapplicable
142515,ANES2024TimeSeries_20250808,NY,NA,20240826,100921,20240826,111908,.,20241202,080833,20241202,092425,-1. Inapplicable,-1. Inapplicable
142518,ANES2024TimeSeries_20250808,IN,NA,20240813,145936,20240813,153655,.,20241120,143228,20241120,143236,-1. Inapplicable,-1. Inapplicable
142519,ANES2024TimeSeries_20250808,WV,NA,20240810,161639,20240810,174859,.,20241118,002017,20241118,002047,-1. Inapplicable,-1. Inapplicable
142520,ANES2024TimeSeries_20250808,CT,NA,20240813,195950,20240813,205747,.,20241231,170514,20241231,211411,-1. Inapplicable,-1. Inapplicable
142523,ANES2024TimeSeries_20250808,CA,NA,20240908,165112,20240908,214456,.,20241124,151912,20241124,170401,-1. Inapplicable,-1. Inapplicable
142524,ANES2024TimeSeries_20250808,IA,NA,20240820,133009,20240820,143043,.,20241121,205550,20241121,224306,-1. Inapplicable,-1. Inapplicable
142525,ANES2024TimeSeries_20250808,IL,NA,20240816,133938,20240816,141532,.,20241114,143001,20241114,143018,-1. Inapplicable,-1. Inapplicable
142526,ANES2024TimeSeries_20250808,CA,NA,20240911,130237,20240915,021218,.,20241124,223751,20241126,124131,-1. Inapplicable,-1. Inapplicable
142527,ANES2024TimeSeries_20250808,KY,NA,20240814,173322,20240814,181401,.,20241122,080218,20241122,093456,-1. Inapplicable,-1. Inapplicable
142528,ANES2024TimeSeries_20250808,OK,NA,20240919,132110,20240919,135421,.,20241114,123005,20241114,123010,-1. Inapplicable,-1. Inapplicable
142529,ANES2024TimeSeries_20250808,FL,NA,20240820,184832,20240820,191942,.,20241118,194216,20241118,194224,-1. Inapplicable,-1. Inapplicable
142531,ANES2024TimeSeries_20250808,PA,NA,20240809,172200,20240809,181034,.,20241119,225221,20241119,225237,-1. Inapplicable,-1. Inapplicable
142532,ANES2024TimeSeries_20250808,MS,NA,20240827,122354,20240827,134228,.,20241211,221824,20241226,202511,-1. Inapplicable,-1. Inapplicable
142533,ANES2024TimeSeries_20250808,TX,NA,20240815,142204,20240815,154250,.,20241122,144638,20241122,155855,-1. Inapplicable,-1. Inapplicable
142535,ANES2024TimeSeries_20250808,NV,NA,20240812,215557,20240812,223614,.,20241118,211823,20241118,211833,-1. Inapplicable,-1. Inapplicable
142537,ANES2024TimeSeries_20250808,AR,NA,20240820,132110,20240820,143715,.,20250118,132856,20250118,144644,-1. Inapplicable,-1. Inapplicable
142538,ANES2024TimeSeries_20250808,NC,NA,20240813,111334,20240813,134549,.,20241203,131111,20241203,140252,-1. Inapplicable,-1. Inapplicable
142540,ANES2024TimeSeries_20250808,IL,NA,20241018,193319,20241018,210144,.,20241119,193929,20241119,193950,-1. Inapplicable,-1. Inapplicable
142541,ANES2024TimeSeries_20250808,GA,NA,20240813,123814,20240813,133244,.,20241122,053422,20241122,055943,-1. Inapplicable,-1. Inapplicable
142543,ANES2024TimeSeries_20250808,FL,NA,20240814,111112,20240814,120604,.,20241119,203228,20241119,203235,-1. Inapplicable,-1. Inapplicable
142544,ANES2024TimeSeries_20250808,CT,NA,20240816,155606,20240816,172439,.,20241117,100138,20241117,100150,-1. Inapplicable,-1. Inapplicable
142545,ANES2024TimeSeries_20250808,SC,NA,20240913,212823,20240917,133633,.,20241204,175335,20241204,194822,-1. Inapplicable,-1. Inapplicable
142546,ANES2024TimeSeries_20250808,WY,NA,20240809,100056,20240809,115235,.,20241119,113948,20241119,114012,-1. Inapplicable,-1. Inapplicable
142547,ANES2024TimeSeries_20250808,TX,NA,20240826,134227,20240827,095825,.,20241113,223009,20241113,223015,-1. Inapplicable,-1. Inapplicable
142548,ANES2024TimeSeries_20250808,IL,NA,20240912,115049,20240912,122011,.,.,NA,.,NA,-1. Inapplicable,-1. Inapplicable
142550,ANES2024TimeSeries_20250808,GA,NA,20240820,144944,20240820,155231,.,20241120,153342,20241120,153639,-1. Inapplicable,-1. Inapplicable
142551,ANES2024TimeSeries_20250808,VA,NA,20240815,100213,20240815,134306,.,20241119,135156,20241119,135208,-1. Inapplicable,-1. Inapplicable
142552,ANES2024TimeSeries_20250808,WA,NA,20240918,145324,20240918,152558,.,20241216,145205,20241216,151746,-1. Inapplicable,-1. Inapplicable
142553,ANES2024TimeSeries_20250808,IL,NA,20240819,123851,20240822,034954,.,20241123,022035,20241123,053951,-1. Inapplicable,-1. Inapplicable
142554,ANES2024TimeSeries_20250808,TX,NA,20240820,112623,20240820,121227,.,20241124,133108,20250118,063359,-1. Inapplicable,-1. Inapplicable
142555,ANES2024TimeSeries_20250808,RI,NA,20240823,123422,20240823,143133,.,20241126,112347,20241126,125117,-1. Inapplicable,-1. Inapplicable
142556,ANES2024TimeSeries_20250808,GA,NA,20240918,165006,20240918,175643,.,20241124,131804,20241124,142054,-1. Inapplicable,-1. Inapplicable
142557,ANES2024TimeSeries_20250808,WA,NA,20240812,214331,20240812,224309,.,20241125,194822,20241125,211537,-1. Inapplicable,-1. Inapplicable
142558,ANES2024TimeSeries_20250808,OH,NA,20240813,163640,20240813,173201,.,.,NA,.,NA,-1. Inapplicable,-1. Inapplicable
142559,ANES2024TimeSeries_20250808,MA,NA,20240809,171240,20240809,184406,.,20241123,084035,20241123,094920,-1. Inapplicable,-1. Inapplicable
142560,ANES2024TimeSeries_20250808,TX,NA,20240817,110008,20240817,113024,.,20241125,155148,20241125,162030,-1. Inapplicable,-1. Inapplicable
142561,ANES2024TimeSeries_20250808,WI,NA,20241028,173854,20241028,191100,.,.,NA,.,NA,-1. Inapplicable,-1. Inapplicable
142562,ANES2024TimeSeries_20250808,NC,NA,20241013,124138,20241013,133500,.,20241119,182814,20241119,182823,-1. Inapplicable,-1. Inapplicable
142563,ANES2024TimeSeries_20250808,CO,NA,20240815,144725,20240815,153338,.,20241123,150653,20241123,154440,-1. Inapplicable,-1. Inapplicable
142565,ANES2024TimeSeries_20250808,TX,NA,20241011,213005,20241011,230232,.,20241118,141222,20241118,141252,-1. Inapplicable,-1. Inapplicable
142566,ANES2024TimeSeries_20250808,WI,NA,20240813,201011,20240813,212535,.,20241119,201824,20241119,201843,-1. Inapplicable,-1. Inapplicable
142568,ANES2024TimeSeries_20250808,KY,NA,20240819,151356,20240819,164831,.,20241224,190225,20241224,194413,-1. Inapplicable,-1. Inapplicable
142570,ANES2024TimeSeries_20250808,WV,NA,20240814,083040,20240814,095742,.,20241124,165121,20241124,182802,-1. Inapplicable,-1. Inapplicable
142571,ANES2024TimeSeries_20250808,CT,NA,20240818,075143,20240818,083911,.,20241128,084726,20241128,093743,-1. Inapplicable,-1. Inapplicable
142572,ANES2024TimeSeries_20250808,TN,NA,20240816,130722,20240816,152538,.,20241113,202551,20241113,202608,-1. Inapplicable,-1. Inapplicable
142573,ANES2024TimeSeries_20250808,IL,NA,20240908,154300,20240908,163005,.,20241228,182719,20241228,191322,-1. Inapplicable,-1. Inapplicable
142574,ANES2024TimeSeries_20250808,OH,NA,20240809,121902,20240809,125635,.,20241120,155245,20241120,155252,-1. Inapplicable,-1. Inapplicable
142576,ANES2024TimeSeries_20250808,MD,NA,20240912,080430,.,-1,.,20241228,160944,20250114,163235,-1. Inapplicable,-1. Inapplicable
142577,ANES2024TimeSeries_20250808,NJ,NA,20240811,164944,20240811,191118,.,20241119,153143,20241119,153154,-1. Inapplicable,-1. Inapplicable
142578,ANES2024TimeSeries_20250808,CT,NA,20240812,134010,20240812,142247,.,20241124,153856,20241124,162052,-1. Inapplicable,-1. Inapplicable
142580,ANES2024TimeSeries_20250808,IN,NA,20240903,122552,20240903,133533,.,20250207,193310,20250207,203557,-1. Inapplicable,-1. Inapplicable
142581,ANES2024TimeSeries_20250808,NJ,NA,20240823,190920,20240823,195126,.,20241119,191055,20241119,191105,-1. Inapplicable,-1. Inapplicable
142582,ANES2024TimeSeries_20250808,SC,NA,20240809,150337,20240809,171511,.,20241125,120630,20241125,153410,-1. Inapplicable,-1. Inapplicable
142584,ANES2024TimeSeries_20250808,AZ,NA,20240809,174111,20240810,032224,.,20241113,192320,20241113,192329,-1. Inapplicable,-1. Inapplicable
142585,ANES2024TimeSeries_20250808,MN,NA,20240812,144818,20240812,170924,.,20241119,193259,20241119,193305,-1. Inapplicable,-1. Inapplicable
142586,ANES2024TimeSeries_20250808,CA,NA,20240912,183856,20240912,212901,.,20241128,220901,.,-1,-1. Inapplicable,-1. Inapplicable
142587,ANES2024TimeSeries_20250808,CO,NA,20240814,172026,20240814,184151,.,20241122,152757,20241123,153943,-1. Inapplicable,-1. Inapplicable
142588,ANES2024TimeSeries_20250808,OH,NA,20241013,133607,20241013,181409,.,20250115,201415,20250115,231521,-1. Inapplicable,-1. Inapplicable
142590,ANES2024TimeSeries_20250808,IN,NA,20240815,090259,20240815,124334,.,20241120,105003,20241120,105016,-1. Inapplicable,-1. Inapplicable
142591,ANES2024TimeSeries_20250808,OR,NA,20240816,222130,20240818,003840,.,20241201,163008,20241217,004939,-1. Inapplicable,-1. Inapplicable
142592,ANES2024TimeSeries_20250808,IL,NA,20240817,224207,20240818,152512,.,20241122,171138,20241126,173828,-1. Inapplicable,-1. Inapplicable
142593,ANES2024TimeSeries_20250808,NJ,NA,20240809,200235,20240809,211217,.,20241114,192457,20241114,192524,-1. Inapplicable,-1. Inapplicable
142594,ANES2024TimeSeries_20250808,HI,NA,20240810,175009,20240810,185332,.,20241114,004158,20241114,004212,-1. Inapplicable,-1. Inapplicable
142595,ANES2024TimeSeries_20250808,CA,NA,20240813,174740,20240813,190010,.,20241114,104730,20241114,104748,-1. Inapplicable,-1. Inapplicable
142597,ANES2024TimeSeries_20250808,LA,NA,20240918,132101,20240918,135248,.,20241120,194746,20241120,202519,-1. Inapplicable,-1. Inapplicable
142598,ANES2024TimeSeries_20250808,FL,NA,20240905,215433,20240907,004510,.,20250210,132315,20250210,153237,-1. Inapplicable,-1. Inapplicable
142599,ANES2024TimeSeries_20250808,OR,NA,20240902,074132,20240902,094001,.,20250129,142402,20250129,161443,-1. Inapplicable,-1. Inapplicable
142600,ANES2024TimeSeries_20250808,GA,NA,20240822,205251,20240823,001131,.,20241228,225304,20241229,000108,-1. Inapplicable,-1. Inapplicable
142601,ANES2024TimeSeries_20250808,AZ,NA,20240810,114006,20240810,130449,.,20241120,164424,20241120,180639,-1. Inapplicable,-1. Inapplicable
142603,ANES2024TimeSeries_20250808,ME,NA,20240816,150939,20240816,165802,.,20241125,132602,20241125,142934,-1. Inapplicable,-1. Inapplicable
142604,ANES2024TimeSeries_20250808,CA,NA,20240809,111700,20240809,132836,.,20241117,173759,20241117,173830,-1. Inapplicable,-1. Inapplicable
142605,ANES2024TimeSeries_20250808,CA,NA,20241008,183045,20241015,184457,.,20241119,135651,20241119,135700,-1. Inapplicable,-1. Inapplicable
142606,ANES2024TimeSeries_20250808,TX,NA,20240809,202130,20240809,230519,.,20241115,082938,20241115,082955,-1. Inapplicable,-1. Inapplicable
142607,ANES2024TimeSeries_20250808,MN,NA,20240814,114803,20240814,124647,.,20250201,094643,20250201,104229,-1. Inapplicable,-1. Inapplicable
142609,ANES2024TimeSeries_20250808,NJ,NA,20240813,135157,20240813,150802,.,20241117,103323,20241123,113024,-1. Inapplicable,-1. Inapplicable
142610,ANES2024TimeSeries_20250808,MD,NA,20240815,093246,20240815,104003,.,20241122,113653,20241122,123539,-1. Inapplicable,-1. Inapplicable
142612,ANES2024TimeSeries_20250808,MT,NA,20241029,213817,20241029,233742,.,20250116,120440,20250116,132654,-1. Inapplicable,-1. Inapplicable
142613,ANES2024TimeSeries_20250808,FL,NA,20240815,151029,20240910,220130,.,20241121,065805,20241121,072218,-1. Inapplicable,-1. Inapplicable
142614,ANES2024TimeSeries_20250808,OH,NA,20240823,160257,20240823,175004,.,20250115,142056,20250115,151642,-1. Inapplicable,-1. Inapplicable
142617,ANES2024TimeSeries_20250808,MN,NA,20240818,110543,20240929,161735,.,20241113,220146,20241113,220154,-1. Inapplicable,-1. Inapplicable
142618,ANES2024TimeSeries_20250808,NJ,NA,20240825,175309,20240825,205253,.,20241129,112318,20241129,124253,-1. Inapplicable,-1. Inapplicable
142619,ANES2024TimeSeries_20250808,NY,NA,20240812,174732,20240812,193736,.,20241118,081021,20241118,081029,-1. Inapplicable,-1. Inapplicable
142620,ANES2024TimeSeries_20250808,FL,NA,20240817,140010,20240817,161028,.,20241208,181036,20241208,205408,-1. Inapplicable,-1. Inapplicable
142621,ANES2024TimeSeries_20250808,LA,NA,20240819,164329,20240819,175850,.,20250201,172601,20250201,191932,-1. Inapplicable,-1. Inapplicable
142622,ANES2024TimeSeries_20250808,VT,NA,20240930,161740,20240930,170430,.,20241122,111354,20241122,120545,-1. Inapplicable,-1. Inapplicable
142623,ANES2024TimeSeries_20250808,CO,NA,20240810,122223,20240810,132244,.,20241120,172743,20241120,184227,-1. Inapplicable,-1. Inapplicable
142625,ANES2024TimeSeries_20250808,FL,NA,20240914,091340,20241012,164819,.,.,NA,.,NA,-1. Inapplicable,-1. Inapplicable
142626,ANES2024TimeSeries_20250808,WI,NA,20240811,191320,20240811,200110,.,20241115,133422,20241115,133436,-1. Inapplicable,-1. Inapplicable
142628,ANES2024TimeSeries_20250808,CA,NA,20240818,134849,20240818,154616,.,20241118,221000,20241118,221029,-1. Inapplicable,-1. Inapplicable
142629,ANES2024TimeSeries_20250808,NY,NA,20240912,144547,20240912,162928,.,20241123,173955,20241123,202328,-1. Inapplicable,-1. Inapplicable
142631,ANES2024TimeSeries_20250808,PA,NA,20240826,000139,20240826,231605,.,20250119,152036,20250119,155152,-1. Inapplicable,-1. Inapplicable
142632,ANES2024TimeSeries_20250808,MA,NA,20240814,155044,20240814,162519,.,20241119,151738,20241119,151746,-1. Inapplicable,-1. Inapplicable
142635,ANES2024TimeSeries_20250808,TX,NA,20240826,140540,20240826,150618,.,20241120,135331,20241120,135339,-1. Inapplicable,-1. Inapplicable
142636,ANES2024TimeSeries_20250808,TX,NA,20240927,185947,20240927,201914,.,20241226,090315,20241226,100403,-1. Inapplicable,-1. Inapplicable
142637,ANES2024TimeSeries_20250808,IL,NA,20240817,102223,20240817,115500,.,20241119,151201,20241119,151219,-1. Inapplicable,-1. Inapplicable
142638,ANES2024TimeSeries_20250808,SD,NA,20240809,125147,20240809,133529,.,20241114,025133,20241114,025140,-1. Inapplicable,-1. Inapplicable
142639,ANES2024TimeSeries_20250808,TN,NA,20240810,081650,20240810,095027,.,20241114,205555,20241114,205604,-1. Inapplicable,-1. Inapplicable
142640,ANES2024TimeSeries_20250808,CA,NA,20240812,191048,20240812,202621,.,20241113,225634,20241113,225648,-1. Inapplicable,-1. Inapplicable
142641,ANES2024TimeSeries_20250808,AL,NA,20240814,171647,20240814,175747,.,20241114,065921,20241114,065931,-1. Inapplicable,-1. Inapplicable
142642,ANES2024TimeSeries_20250808,TX,NA,20240818,154402,20240818,162103,.,20241119,190404,20241119,190410,-1. Inapplicable,-1. Inapplicable
142643,ANES2024TimeSeries_20250808,IL,NA,20240816,191158,20240816,202219,.,20241124,085522,20241124,101030,-1. Inapplicable,-1. Inapplicable
142644,ANES2024TimeSeries_20250808,TN,NA,20240814,231736,20240815,002311,.,.,NA,.,NA,-1. Inapplicable,-1. Inapplicable
142646,ANES2024TimeSeries_20250808,CA,NA,20240917,195947,20240917,221028,.,20250216,222009,20250217,042449,-1. Inapplicable,-1. Inapplicable
142647,ANES2024TimeSeries_20250808,NY,NA,20240812,171937,20240816,145242,.,20241120,150657,20241120,150718,-1. Inapplicable,-1. Inapplicable
142649,ANES2024TimeSeries_20250808,NY,NA,20240815,230035,20240815,233922,.,20241222,082547,20241222,091114,-1. Inapplicable,-1. Inapplicable
142650,ANES2024TimeSeries_20250808,NJ,NA,20240918,204041,20240918,221550,.,20241121,210457,20241121,222412,-1. Inapplicable,-1. Inapplicable
142651,ANES2024TimeSeries_20250808,NC,NA,20240813,143638,20240813,154629,.,20241230,122647,20241230,134317,-1. Inapplicable,-1. Inapplicable
142653,ANES2024TimeSeries_20250808,CA,NA,20240809,233254,20240929,143457,.,20241124,122141,20241124,132617,-1. Inapplicable,-1. Inapplicable
142654,ANES2024TimeSeries_20250808,IL,NA,20240926,204030,20240926,212528,.,20250207,164320,20250207,210135,-1. Inapplicable,-1. Inapplicable
142655,ANES2024TimeSeries_20250808,UT,NA,20240813,160030,20240816,164243,.,20241118,155504,20241118,155531,-1. Inapplicable,-1. Inapplicable
142656,ANES2024TimeSeries_20250808,MI,NA,20240809,112347,20240809,115613,.,20241118,191915,20241118,191924,-1. Inapplicable,-1. Inapplicable
142657,ANES2024TimeSeries_20250808,CA,NA,20240908,225511,20240908,234031,.,20241120,231015,20241120,235725,-1. Inapplicable,-1. Inapplicable
142658,ANES2024TimeSeries_20250808,KY,NA,20240816,174538,20240816,193911,.,20241119,194703,20241119,194728,-1. Inapplicable,-1. Inapplicable
142659,ANES2024TimeSeries_20250808,IN,NA,20240818,164609,20240819,145528,.,20241123,130755,20241123,143245,-1. Inapplicable,-1. Inapplicable
142660,ANES2024TimeSeries_20250808,MI,NA,20240809,184434,20240809,193500,.,20241114,145107,20241114,145113,-1. Inapplicable,-1. Inapplicable
142661,ANES2024TimeSeries_20250808,KS,NA,20240813,100909,20240813,110309,.,20241114,143926,20241114,143942,-1. Inapplicable,-1. Inapplicable
142663,ANES2024TimeSeries_20250808,CA,NA,20241011,231229,20241012,010214,.,20241129,201443,20241129,220549,-1. Inapplicable,-1. Inapplicable
142664,ANES2024TimeSeries_20250808,KS,NA,20240813,170551,20240813,173121,.,20241115,124832,20241115,124841,-1. Inapplicable,-1. Inapplicable
142665,ANES2024TimeSeries_20250808,MD,NA,20240911,204202,20240912,001509,.,20241201,231345,20241207,100217,-1. Inapplicable,-1. Inapplicable
142666,ANES2024TimeSeries_20250808,LA,NA,20240814,090713,20240814,110416,.,20241124,174810,20241124,194553,-1. Inapplicable,-1. Inapplicable
142667,ANES2024TimeSeries_20250808,CA,NA,20240812,211935,20240813,015719,.,20241207,003402,20241207,022215,-1. Inapplicable,-1. Inapplicable
142668,ANES2024TimeSeries_20250808,WI,NA,20240813,141541,20240813,150959,.,20241121,101035,20241121,112128,-1. Inapplicable,-1. Inapplicable
200061,ANES2024TimeSeries_20250808,NY,NA,.,NA,.,NA,20241103,.,NA,.,NA,-1. Inapplicable,-1. Inapplicable
200078,ANES2024TimeSeries_20250808,NY,36,20240908,001533,20240908,133803,.,20241230,190955,20241230,210610,-1. Inapplicable,-1. Inapplicable
200096,ANES2024TimeSeries_20250808,NY,36,20240826,205417,20240826,215426,.,20250130,112325,20250130,130521,-1. Inapplicable,-1. Inapplicable
200144,ANES2024TimeSeries_20250808,NY,36,20240814,162328,20240814,163253,.,20250131,124929,20250131,130119,-1. Inapplicable,-1. Inapplicable
200340,ANES2024TimeSeries_20250808,NY,36,20240905,230209,20240906,003048,.,20241122,211707,20241122,215534,-1. Inapplicable,-1. Inapplicable
200363,ANES2024TimeSeries_20250808,NY,36,20240817,115153,20240817,130437,.,20241120,182716,20241120,210105,-1. Inapplicable,-1. Inapplicable
200380,ANES2024TimeSeries_20250808,NY,36,20240814,191722,20240814,204041,.,20241122,133507,20241202,142527,-1. Inapplicable,-1. Inapplicable
200391,ANES2024TimeSeries_20250808,NY,36,20240822,161222,20240822,164426,.,.,NA,.,NA,-1. Inapplicable,-1. Inapplicable
200414,ANES2024TimeSeries_20250808,NY,NA,.,NA,.,NA,20241028,.,NA,.,NA,-1. Inapplicable,-1. Inapplicable
200469,ANES2024TimeSeries_20250808,NY,36,20240922,120902,20240922,133400,.,20241231,140445,20241231,150218,-1. Inapplicable,-1. Inapplicable
200481,ANES2024TimeSeries_20250808,NY,36,20240921,200910,20240921,224113,.,20241228,175028,20241228,185204,-1. Inapplicable,-1. Inapplicable
200504,ANES2024TimeSeries_20250808,NY,36,20240830,171339,20240830,175328,.,20241212,134439,20241212,142616,-1. Inapplicable,-1. Inapplicable
200528,ANES2024TimeSeries_20250808,NY,36,20240827,090531,20240906,071859,.,20241126,043804,20241231,131432,-1. Inapplicable,-1. Inapplicable
200577,ANES2024TimeSeries_20250808,NY,36,20240821,141719,20240821,153108,.,20241114,033150,20241114,033200,-1. Inapplicable,-1. Inapplicable
200620,ANES2024TimeSeries_20250808,NY,36,20240819,160641,20240908,214608,.,20241118,221055,20241118,221102,-1. Inapplicable,-1. Inapplicable
200632,ANES2024TimeSeries_20250808,NY,36,20240913,082217,20240914,081526,.,20241129,001247,20241129,013632,-1. Inapplicable,-1. Inapplicable
200638,ANES2024TimeSeries_20250808,NY,36,20240813,151111,20240813,163114,.,20250116,172232,20250116,190703,-1. Inapplicable,-1. Inapplicable
200650,ANES2024TimeSeries_20250808,NY,36,20240827,084008,20240914,100946,.,20241124,093737,20241207,085139,-1. Inapplicable,-1. Inapplicable
200702,ANES2024TimeSeries_20250808,NY,36,20240818,131539,20240818,135323,.,20241114,083304,20241114,083316,-1. Inapplicable,-1. Inapplicable
200715,ANES2024TimeSeries_20250808,NY,36,20240821,153757,20240821,163526,.,20241231,200825,20250118,135951,-1. Inapplicable,-1. Inapplicable
200721,ANES2024TimeSeries_20250808,NY,36,20240829,001750,20240829,023752,.,20250122,045006,20250122,142552,-1. Inapplicable,-1. Inapplicable
200772,ANES2024TimeSeries_20250808,MA,25,20240816,130011,20240816,133133,.,20250115,174100,20250115,183718,-1. Inapplicable,-1. Inapplicable
200819,ANES2024TimeSeries_20250808,NJ,34,20240901,105039,20240901,123427,.,20241125,143749,20241202,155459,-1. Inapplicable,-1. Inapplicable
200830,ANES2024TimeSeries_20250808,NJ,34,20240924,175713,20240924,215022,.,20241118,205643,20241118,205704,-1. Inapplicable,-1. Inapplicable
200836,ANES2024TimeSeries_20250808,PA,42,20240831,122401,20240902,134340,.,20241214,204743,20241214,215507,-1. Inapplicable,-1. Inapplicable
200854,ANES2024TimeSeries_20250808,PA,42,20241023,174026,20241023,205009,.,20241123,144637,20241123,153245,-1. Inapplicable,-1. Inapplicable
200860,ANES2024TimeSeries_20250808,PA,42,20240928,150738,20241004,232753,.,20241229,012150,20241231,190943,-1. Inapplicable,-1. Inapplicable
200922,ANES2024TimeSeries_20250808,NJ,34,20240814,163711,20240814,175855,.,20241122,082608,20241212,211324,-1. Inapplicable,-1. Inapplicable
200952,ANES2024TimeSeries_20250808,PA,42,20241001,123722,20241001,133133,.,20250114,150510,.,-1,-1. Inapplicable,-1. Inapplicable
200995,ANES2024TimeSeries_20250808,PA,42,20240917,170135,.,-1,.,20241227,194838,20241227,211824,-1. Inapplicable,-1. Inapplicable
201019,ANES2024TimeSeries_20250808,PA,42,20240813,073108,20240813,085740,.,20241125,091249,20241125,100333,-1. Inapplicable,-1. Inapplicable
201024,ANES2024TimeSeries_20250808,PA,NA,.,NA,.,NA,20241026,.,NA,.,NA,-1. Inapplicable,-1. Inapplicable
201030,ANES2024TimeSeries_20250808,PA,42,20240819,154409,20240819,164314,.,20241201,122304,20241217,180232,-1. Inapplicable,-1. Inapplicable
201042,ANES2024TimeSeries_20250808,MA,25,20240812,212226,20240812,230728,.,.,NA,.,NA,-1. Inapplicable,-1. Inapplicable
201048,ANES2024TimeSeries_20250808,NJ,34,20240822,213749,20240822,224005,.,20241220,164706,20241220,213111,-1. Inapplicable,-1. Inapplicable
201089,ANES2024TimeSeries_20250808,MA,25,20240813,205248,20240813,215037,.,20241126,095005,20241207,113401,-1. Inapplicable,-1. Inapplicable
201127,ANES2024TimeSeries_20250808,PA,42,20240915,161022,20240915,203211,.,20241122,103538,20241122,111450,-1. Inapplicable,-1. Inapplicable
201139,ANES2024TimeSeries_20250808,PA,42,20240902,155532,.,-1,.,20241229,222641,20250210,212526,-1. Inapplicable,-1. Inapplicable
201151,ANES2024TimeSeries_20250808,PA,42,20240921,033552,20240923,023523,.,20241125,103447,20241224,041022,-1. Inapplicable,-1. Inapplicable
201163,ANES2024TimeSeries_20250808,PA,42,20240921,075657,20240921,083455,.,.,NA,.,NA,-1. Inapplicable,-1. Inapplicable
201169,ANES2024TimeSeries_20250808,MA,25,20240814,071040,20240814,233247,.,20241208,134258,20241208,142820,-1. Inapplicable,-1. Inapplicable
201186,ANES2024TimeSeries_20250808,MA,25,20240817,125929,20240817,140324,.,20241115,205739,20241115,205752,-1. Inapplicable,-1. Inapplicable
201192,ANES2024TimeSeries_20250808,PA,42,20240812,171219,20240812,175701,.,20241125,170623,20241125,175720,-1. Inapplicable,-1. Inapplicable
201216,ANES2024TimeSeries_20250808,NJ,34,20240820,100220,20241012,195341,.,20241123,232123,20241124,012528,-1. Inapplicable,-1. Inapplicable
201222,ANES2024TimeSeries_20250808,MA,NA,.,NA,.,NA,20241028,.,NA,.,NA,-1. Inapplicable,-1. Inapplicable
201276,ANES2024TimeSeries_20250808,NY,36,20240823,113733,20240825,210829,.,20241215,160557,20241215,181155,-1. Inapplicable,-1. Inapplicable
201300,ANES2024TimeSeries_20250808,NY,36,20240819,212530,20240819,225203,.,20250118,092350,20250118,103956,-1. Inapplicable,-1. Inapplicable
201305,ANES2024TimeSeries_20250808,NY,36,20240819,105102,20240819,115038,.,20250112,100938,20250112,113043,-1. Inapplicable,-1. Inapplicable
201311,ANES2024TimeSeries_20250808,NY,NA,.,NA,.,NA,20241124,.,NA,.,NA,-1. Inapplicable,-1. Inapplicable
201323,ANES2024TimeSeries_20250808,NY,NA,.,NA,.,NA,20241027,.,NA,.,NA,-1. Inapplicable,-1. Inapplicable
201364,ANES2024TimeSeries_20250808,NY,36,20240902,185109,20240902,201643,.,20250130,124703,20250130,140741,-1. Inapplicable,-1. Inapplicable
201407,ANES2024TimeSeries_20250808,NY,36,20240812,204710,20240812,223156,.,20241217,165028,20241217,194847,-1. Inapplicable,-1. Inapplicable
201457,ANES2024TimeSeries_20250808,NJ,34,20240818,203411,20240825,222906,.,20241205,112824,20241205,130611,-1. Inapplicable,-1. Inapplicable
201529,ANES2024TimeSeries_20250808,NY,36,20240814,150838,20240814,221935,.,20250114,150310,20250114,182904,-1. Inapplicable,-1. Inapplicable
201536,ANES2024TimeSeries_20250808,NY,36,20240815,193925,.,-1,.,20241114,094829,20241114,094901,-1. Inapplicable,-1. Inapplicable
201560,ANES2024TimeSeries_20250808,NY,36,20241014,123722,20241014,132654,.,20241125,184013,20241125,193325,-1. Inapplicable,-1. Inapplicable
201564,ANES2024TimeSeries_20250808,NY,36,20240821,215214,20240821,232326,.,20241120,194831,.,-1,-1. Inapplicable,-1. Inapplicable
201576,ANES2024TimeSeries_20250808,NY,36,20240921,125323,20240923,132021,.,20241205,131416,20241205,154126,-1. Inapplicable,-1. Inapplicable
201583,ANES2024TimeSeries_20250808,NY,36,20240813,072933,20240813,090038,.,20241130,102110,20241130,112317,-1. Inapplicable,-1. Inapplicable
201703,ANES2024TimeSeries_20250808,NJ,NA,.,NA,.,NA,20241027,.,NA,.,NA,-1. Inapplicable,-1. Inapplicable
201715,ANES2024TimeSeries_20250808,NJ,34,20240814,162233,20240814,173308,.,20241114,113806,20241114,113838,-1. Inapplicable,-1. Inapplicable
201745,ANES2024TimeSeries_20250808,NY,36,20240920,195846,20241010,195814,.,20241122,201120,20241122,205628,-1. Inapplicable,-1. Inapplicable
201763,ANES2024TimeSeries_20250808,RI,44,20240812,185928,20240812,194944,.,20250106,190719,20250106,201639,-1. Inapplicable,-1. Inapplicable
201771,ANES2024TimeSeries_20250808,NY,36,20240824,175324,20241011,081542,.,20241226,183537,20241227,164540,-1. Inapplicable,-1. Inapplicable
201788,ANES2024TimeSeries_20250808,NJ,34,20240924,224359,20240924,225937,.,20241118,222725,20241118,222736,-1. Inapplicable,-1. Inapplicable
201811,ANES2024TimeSeries_20250808,CT,09,20241009,224907,20241009,233200,.,20250116,193819,20250116,202143,-1. Inapplicable,-1. Inapplicable
201830,ANES2024TimeSeries_20250808,NJ,34,20240812,203908,20240818,151630,.,20241120,161447,20250130,155012,-1. Inapplicable,-1. Inapplicable
201859,ANES2024TimeSeries_20250808,NJ,NA,.,NA,.,NA,20241101,.,NA,.,NA,-1. Inapplicable,-1. Inapplicable
201865,ANES2024TimeSeries_20250808,NJ,34,20240920,105841,20240920,120131,.,.,NA,.,NA,-1. Inapplicable,-1. Inapplicable
201871,ANES2024TimeSeries_20250808,CT,09,20240812,145301,20240812,153000,.,20241114,075245,20241114,075300,-1. Inapplicable,-1. Inapplicable
201912,ANES2024TimeSeries_20250808,CT,09,20240813,091213,20240813,095156,.,20250115,175346,20250208,212312,-1. Inapplicable,-1. Inapplicable
201935,ANES2024TimeSeries_20250808,NJ,34,20240815,125651,20240815,134853,.,20241205,132507,20241205,135759,-1. Inapplicable,-1. Inapplicable
201947,ANES2024TimeSeries_20250808,NJ,34,20240819,052501,20240819,055625,.,20250119,184521,20250119,191646,-1. Inapplicable,-1. Inapplicable
201964,ANES2024TimeSeries_20250808,NY,36,20240826,204807,20240826,213521,.,20241212,204549,20241212,213204,-1. Inapplicable,-1. Inapplicable
201982,ANES2024TimeSeries_20250808,NJ,34,20240817,183313,20240818,194846,.,20241129,152407,20241129,160957,-1. Inapplicable,-1. Inapplicable
202027,ANES2024TimeSeries_20250808,RI,NA,.,NA,.,NA,20241028,.,NA,.,NA,-1. Inapplicable,-1. Inapplicable
202039,ANES2024TimeSeries_20250808,CT,09,20240815,093637,20240815,111329,.,20241120,212211,20241121,065318,-1. Inapplicable,-1. Inapplicable
202045,ANES2024TimeSeries_20250808,CT,09,20240910,140436,20240910,145614,.,20250117,075259,20250117,091049,-1. Inapplicable,-1. Inapplicable
202057,ANES2024TimeSeries_20250808,CT,09,20240827,181950,20240827,185002,.,20241231,102140,.,-1,-1. Inapplicable,-1. Inapplicable
202063,ANES2024TimeSeries_20250808,CT,09,20240826,163450,20240921,002209,.,.,NA,.,NA,-1. Inapplicable,-1. Inapplicable
202068,ANES2024TimeSeries_20250808,CT,09,20240827,143655,20240907,215212,.,20241126,113912,20241126,133612,-1. Inapplicable,-1. Inapplicable
202098,ANES2024TimeSeries_20250808,NJ,34,20240814,211624,20240814,221431,.,20241124,171045,20241124,180901,-1. Inapplicable,-1. Inapplicable
202104,ANES2024TimeSeries_20250808,CT,09,20240813,160830,20240813,174016,.,20241123,151556,20241123,163127,-1. Inapplicable,-1. Inapplicable
202111,ANES2024TimeSeries_20250808,ME,23,20240822,214628,20240822,223825,.,20241125,124536,20241125,142147,-1. Inapplicable,-1. Inapplicable
202117,ANES2024TimeSeries_20250808,ME,23,20240814,130146,20240816,111142,.,20250113,165434,20250113,180210,-1. Inapplicable,-1. Inapplicable
202193,ANES2024TimeSeries_20250808,MA,25,20240920,185729,20241101,215620,.,20241128,210039,20241128,221607,-1. Inapplicable,-1. Inapplicable
202199,ANES2024TimeSeries_20250808,MA,25,20240923,150145,20240923,154043,.,20241229,125214,20241229,133915,-1. Inapplicable,-1. Inapplicable
202211,ANES2024TimeSeries_20250808,MA,NA,.,NA,.,NA,20241028,.,NA,.,NA,-1. Inapplicable,-1. Inapplicable
202241,ANES2024TimeSeries_20250808,PA,NA,.,NA,.,NA,20241026,.,NA,.,NA,-1. Inapplicable,-1. Inapplicable
202278,ANES2024TimeSeries_20250808,MA,25,20240815,073802,20240817,085539,.,.,NA,.,NA,-1. Inapplicable,-1. Inapplicable
202284,ANES2024TimeSeries_20250808,ME,23,20240817,214932,20240917,151439,.,20241122,153557,20241122,175553,-1. Inapplicable,-1. Inapplicable
202290,ANES2024TimeSeries_20250808,MA,25,20240929,191953,20240929,200858,.,20241218,001034,20241223,210627,-1. Inapplicable,-1. Inapplicable
202312,ANES2024TimeSeries_20250808,VT,50,20240828,170652,20240828,174956,.,20250117,202014,20250117,211324,-1. Inapplicable,-1. Inapplicable
202320,ANES2024TimeSeries_20250808,PA,42,20240922,100914,20240922,110528,.,20241203,011624,20241203,023016,-1. Inapplicable,-1. Inapplicable
202337,ANES2024TimeSeries_20250808,PA,42,20240812,163147,20240812,171202,.,20241120,152418,20241120,152426,-1. Inapplicable,-1. Inapplicable
202361,ANES2024TimeSeries_20250808,ME,23,20240922,140651,20240922,150517,.,20241114,115223,20241114,115328,-1. Inapplicable,-1. Inapplicable
202379,ANES2024TimeSeries_20250808,ME,23,20240826,172944,20240929,074219,.,20241202,114304,20241202,161033,-1. Inapplicable,-1. Inapplicable
202385,ANES2024TimeSeries_20250808,MA,NA,.,NA,.,NA,.,.,NA,.,NA,-1. Inapplicable,-1. Inapplicable
202391,ANES2024TimeSeries_20250808,ME,23,20240814,122922,20240814,132125,.,20250104,155252,20250104,171622,-1. Inapplicable,-1. Inapplicable
202480,ANES2024TimeSeries_20250808,MA,25,20240921,155722,20240921,185715,.,20241118,142549,20241118,142604,-1. Inapplicable,-1. Inapplicable
202498,ANES2024TimeSeries_20250808,MA,25,20240826,193755,20240826,212353,.,20241231,145334,20250104,092643,-1. Inapplicable,-1. Inapplicable
202530,ANES2024TimeSeries_20250808,VT,50,20240923,230707,20240923,234445,.,20241121,193749,20241121,202058,-1. Inapplicable,-1. Inapplicable
202536,ANES2024TimeSeries_20250808,PA,42,20240812,161527,20240812,164153,.,20241114,083036,20241114,083044,-1. Inapplicable,-1. Inapplicable
202542,ANES2024TimeSeries_20250808,MA,25,20240826,194316,20240826,203506,.,20241120,192540,20241120,201958,-1. Inapplicable,-1. Inapplicable
202572,ANES2024TimeSeries_20250808,MA,25,20240826,191608,20240826,200707,.,20250217,143918,20250217,153545,-1. Inapplicable,-1. Inapplicable
202589,ANES2024TimeSeries_20250808,MA,25,20240824,083808,20240824,091305,.,20241119,143147,20241119,143200,-1. Inapplicable,-1. Inapplicable
202595,ANES2024TimeSeries_20250808,MA,25,20240812,222500,20240812,224342,.,20241124,172009,20241125,143934,-1. Inapplicable,-1. Inapplicable
202601,ANES2024TimeSeries_20250808,MA,25,20240813,074140,20240813,112044,.,20241120,192123,20241120,224304,-1. Inapplicable,-1. Inapplicable
202619,ANES2024TimeSeries_20250808,PA,42,20240814,122105,20240814,131911,.,20241114,090107,20241114,090115,-1. Inapplicable,-1. Inapplicable
202630,ANES2024TimeSeries_20250808,MA,25,20241018,090138,20241018,095450,.,20241127,111746,20241127,120140,-1. Inapplicable,-1. Inapplicable
202648,ANES2024TimeSeries_20250808,MA,25,20240812,184737,20240818,174441,.,20241126,133128,20241126,141238,-1. Inapplicable,-1. Inapplicable
202660,ANES2024TimeSeries_20250808,PA,42,20240921,162439,20240921,165958,.,20241214,124102,20241214,133847,-1. Inapplicable,-1. Inapplicable
202671,ANES2024TimeSeries_20250808,MA,25,20240821,140406,20240821,155052,.,20241128,133956,20241128,155341,-1. Inapplicable,-1. Inapplicable
202689,ANES2024TimeSeries_20250808,MA,25,20241011,201800,20241011,213307,.,20241125,215550,20241125,231145,-1. Inapplicable,-1. Inapplicable
202695,ANES2024TimeSeries_20250808,PA,NA,.,NA,.,NA,20241025,.,NA,.,NA,-1. Inapplicable,-1. Inapplicable
202721,ANES2024TimeSeries_20250808,CT,09,20240923,181721,20240923,184302,.,20241127,074650,20241127,081413,-1. Inapplicable,-1. Inapplicable
202732,ANES2024TimeSeries_20250808,CT,09,20240816,200856,20240905,172413,.,.,NA,.,NA,-1. Inapplicable,-1. Inapplicable
202761,ANES2024TimeSeries_20250808,NY,36,20240816,194634,20240816,211112,.,20241209,185259,20241209,205041,-1. Inapplicable,-1. Inapplicable
202791,ANES2024TimeSeries_20250808,RI,44,20240818,193948,20240818,202130,.,20241212,142838,20241212,155454,-1. Inapplicable,-1. Inapplicable
202818,ANES2024TimeSeries_20250808,RI,44,20240812,190009,20240812,195948,.,20241125,150307,.,-1,-1. Inapplicable,-1. Inapplicable
202835,ANES2024TimeSeries_20250808,RI,44,20240920,153022,20240920,200941,.,20250117,165647,20250117,201919,-1. Inapplicable,-1. Inapplicable
202846,ANES2024TimeSeries_20250808,NY,36,20240905,121049,20240905,123301,.,20241122,225513,20241230,230247,-1. Inapplicable,-1. Inapplicable
202861,ANES2024TimeSeries_20250808,RI,44,20241014,083251,20241014,122811,.,.,NA,.,NA,-1. Inapplicable,-1. Inapplicable
202873,ANES2024TimeSeries_20250808,RI,44,20240812,131808,20240911,231404,.,.,NA,.,NA,-1. Inapplicable,-1. Inapplicable
202879,ANES2024TimeSeries_20250808,CT,09,20240815,211523,20240815,220557,.,20241121,221538,20241121,225631,-1. Inapplicable,-1. Inapplicable
202897,ANES2024TimeSeries_20250808,CT,09,20240812,184205,20240812,193832,.,20241204,194118,20250130,190122,-1. Inapplicable,-1. Inapplicable
202903,ANES2024TimeSeries_20250808,CT,09,20240813,135359,20240813,143119,.,.,NA,.,NA,-1. Inapplicable,-1. Inapplicable
202951,ANES2024TimeSeries_20250808,NY,36,20240816,131042,20240816,184331,.,20241125,201243,20241217,211950,-1. Inapplicable,-1. Inapplicable
203023,ANES2024TimeSeries_20250808,CT,NA,.,NA,.,NA,20240403,.,NA,.,NA,-1. Inapplicable,-1. Inapplicable
203029,ANES2024TimeSeries_20250808,CT,NA,.,NA,.,NA,20241026,.,NA,.,NA,-1. Inapplicable,-1. Inapplicable
203035,ANES2024TimeSeries_20250808,MA,25,20240814,102141,20240814,112907,.,20241127,104353,20241127,115513,-1. Inapplicable,-1. Inapplicable
203041,ANES2024TimeSeries_20250808,MA,25,20240817,085618,20240817,095213,.,20241223,195254,20241223,204452,-1. Inapplicable,-1. Inapplicable
203053,ANES2024TimeSeries_20250808,CT,09,20240921,124238,20240921,132330,.,20241119,075940,20241119,075953,-1. Inapplicable,-1. Inapplicable
203066,ANES2024TimeSeries_20250808,MA,NA,.,NA,.,NA,20241103,.,NA,.,NA,-1. Inapplicable,-1. Inapplicable
203103,ANES2024TimeSeries_20250808,NJ,34,20240831,114348,20240831,131152,.,20250114,152434,20250116,063850,-1. Inapplicable,-1. Inapplicable
203145,ANES2024TimeSeries_20250808,NY,36,20240824,173010,20240920,193134,.,20241119,151925,20241119,151949,-1. Inapplicable,-1. Inapplicable
203177,ANES2024TimeSeries_20250808,NJ,34,20240908,112907,20240908,115059,.,20241227,192225,20241227,194320,-1. Inapplicable,-1. Inapplicable
203183,ANES2024TimeSeries_20250808,NJ,34,20240815,172010,.,-1,.,.,NA,.,NA,-1. Inapplicable,-1. Inapplicable
203189,ANES2024TimeSeries_20250808,MA,25,20240812,205730,20240812,222317,.,20241125,184832,20241125,200335,-1. Inapplicable,-1. Inapplicable
203195,ANES2024TimeSeries_20250808,MA,25,20240812,151121,.,-1,.,.,NA,.,NA,-1. Inapplicable,-1. Inapplicable
203201,ANES2024TimeSeries_20250808,NY,36,20240825,102442,20240825,112259,.,.,NA,.,NA,-1. Inapplicable,-1. Inapplicable
203207,ANES2024TimeSeries_20250808,NJ,34,20240815,104855,20240819,084407,.,20241122,075650,20241122,082919,-1. Inapplicable,-1. Inapplicable
203219,ANES2024TimeSeries_20250808,NY,36,20241031,093823,20241031,105808,.,20241126,131051,20241126,135006,-1. Inapplicable,-1. Inapplicable
203225,ANES2024TimeSeries_20250808,NY,36,20240821,164839,20240821,181508,.,20241126,202608,20241126,213249,-1. Inapplicable,-1. Inapplicable
203231,ANES2024TimeSeries_20250808,NJ,34,20240818,083953,20240818,091554,.,20250120,124711,20250120,134402,-1. Inapplicable,-1. Inapplicable
203248,ANES2024TimeSeries_20250808,NJ,34,20240824,073916,20240824,084344,.,20250118,064024,20250118,074309,-1. Inapplicable,-1. Inapplicable
203254,ANES2024TimeSeries_20250808,NJ,34,20240829,142105,20240926,171633,.,20250116,201830,20250116,214005,-1. Inapplicable,-1. Inapplicable
203290,ANES2024TimeSeries_20250808,NY,36,20240812,163403,20240812,190034,.,20241128,161737,20241129,001001,-1. Inapplicable,-1. Inapplicable
203301,ANES2024TimeSeries_20250808,NY,NA,.,NA,.,NA,.,.,NA,.,NA,-1. Inapplicable,-1. Inapplicable
203307,ANES2024TimeSeries_20250808,MA,25,20240812,210815,20240812,214252,.,20241214,132048,20241214,142046,-1. Inapplicable,-1. Inapplicable
203319,ANES2024TimeSeries_20250808,NY,NA,.,NA,.,NA,20241027,.,NA,.,NA,-1. Inapplicable,-1. Inapplicable
203325,ANES2024TimeSeries_20250808,NJ,34,20240905,214751,20240906,151428,.,20241122,101440,20241129,135600,-1. Inapplicable,-1. Inapplicable
203331,ANES2024TimeSeries_20250808,NJ,34,20240829,184726,20240829,195536,.,20241124,160527,20241124,165653,-1. Inapplicable,-1. Inapplicable
203337,ANES2024TimeSeries_20250808,MA,25,20240910,191420,20240911,140205,.,20241126,154221,20241126,162729,-1. Inapplicable,-1. Inapplicable
203343,ANES2024TimeSeries_20250808,RI,NA,.,NA,.,NA,20241029,.,NA,.,NA,-1. Inapplicable,-1. Inapplicable
203349,ANES2024TimeSeries_20250808,NY,36,20240822,120735,20240824,133552,.,20241125,081522,20241125,090657,-1. Inapplicable,-1. Inapplicable
203354,ANES2024TimeSeries_20250808,MA,25,20240820,162229,20240820,173008,.,20250115,154440,20250115,171045,-1. Inapplicable,-1. Inapplicable
203372,ANES2024TimeSeries_20250808,NY,36,20240818,195151,20240818,205007,.,20241226,221342,20241226,230242,-1. Inapplicable,-1. Inapplicable
203378,ANES2024TimeSeries_20250808,NJ,NA,.,NA,.,NA,20241028,.,NA,.,NA,-1. Inapplicable,-1. Inapplicable
203384,ANES2024TimeSeries_20250808,MA,25,20240922,145655,20240922,155836,.,20241115,151856,20241115,151908,-1. Inapplicable,-1. Inapplicable
203390,ANES2024TimeSeries_20250808,NJ,34,20240814,211116,20240814,224816,.,20241119,154339,20241119,154353,-1. Inapplicable,-1. Inapplicable
203408,ANES2024TimeSeries_20250808,MA,25,20240908,154908,20241101,183014,.,20241126,181049,20241126,192436,-1. Inapplicable,-1. Inapplicable
203414,ANES2024TimeSeries_20250808,NY,36,20241012,142458,20241012,151258,.,20241126,170914,20241128,120027,-1. Inapplicable,-1. Inapplicable
203462,ANES2024TimeSeries_20250808,MA,25,20241002,152720,20241002,172133,.,20241218,135635,20241218,152048,-1. Inapplicable,-1. Inapplicable
203489,ANES2024TimeSeries_20250808,CT,09,20240823,114559,20240823,134522,.,20241227,192700,20241227,212554,-1. Inapplicable,-1. Inapplicable
203494,ANES2024TimeSeries_20250808,ME,23,20240817,200934,20240830,104008,.,20241201,165510,20241201,174139,-1. Inapplicable,-1. Inapplicable
203512,ANES2024TimeSeries_20250808,MA,25,20240908,112733,20240908,144312,.,20241121,203329,20241121,215516,-1. Inapplicable,-1. Inapplicable
203571,ANES2024TimeSeries_20250808,PA,42,20240920,163921,20240920,173141,.,.,NA,.,NA,-1. Inapplicable,-1. Inapplicable
203577,ANES2024TimeSeries_20250808,PA,NA,.,NA,.,NA,20241028,.,NA,.,NA,-1. Inapplicable,-1. Inapplicable
203698,ANES2024TimeSeries_20250808,PA,42,20240816,200733,20240816,204156,.,20241227,190338,20241227,195313,-1. Inapplicable,-1. Inapplicable
203710,ANES2024TimeSeries_20250808,MA,25,20240819,091011,20241014,154012,.,20241203,192428,20241203,202715,-1. Inapplicable,-1. Inapplicable
203758,ANES2024TimeSeries_20250808,MA,25,20240815,164610,20240815,173501,.,20241203,120019,20241203,125237,-1. Inapplicable,-1. Inapplicable
203764,ANES2024TimeSeries_20250808,PA,42,20240823,161754,20240827,193626,.,20241223,160147,20241223,164120,-1. Inapplicable,-1. Inapplicable
203770,ANES2024TimeSeries_20250808,PA,42,20240815,173436,20240815,223704,.,20241128,125232,20241128,133401,-1. Inapplicable,-1. Inapplicable
203800,ANES2024TimeSeries_20250808,PA,42,20240928,164005,20241030,185838,.,20241126,101825,20241126,105547,-1. Inapplicable,-1. Inapplicable
203818,ANES2024TimeSeries_20250808,PA,42,20240812,150554,20240812,162452,.,20241120,194805,20241126,082357,-1. Inapplicable,-1. Inapplicable
203862,ANES2024TimeSeries_20250808,NJ,34,20240827,113034,20240913,201215,.,20241125,205007,20241125,221812,-1. Inapplicable,-1. Inapplicable
203886,ANES2024TimeSeries_20250808,PA,42,20240812,185234,20240812,195122,.,20241221,192703,20241221,211424,-1. Inapplicable,-1. Inapplicable
203892,ANES2024TimeSeries_20250808,PA,42,20240814,175538,20240814,185238,.,20241122,161903,20241123,114228,-1. Inapplicable,-1. Inapplicable
203898,ANES2024TimeSeries_20250808,MA,25,20240825,173324,20240825,202241,.,20250115,172802,.,-1,-1. Inapplicable,-1. Inapplicable
203904,ANES2024TimeSeries_20250808,NJ,34,20240902,193844,20240922,211728,.,20241122,170402,20241231,223454,-1. Inapplicable,-1. Inapplicable
203916,ANES2024TimeSeries_20250808,MA,25,20240904,153627,20240904,163720,.,20241215,201507,20241215,223322,-1. Inapplicable,-1. Inapplicable
203928,ANES2024TimeSeries_20250808,NJ,34,20240812,170432,20240812,181228,.,20241126,232154,20250124,164011,-1. Inapplicable,-1. Inapplicable
203934,ANES2024TimeSeries_20250808,MA,25,20241016,101407,20241016,134053,.,20241125,113947,20241125,131040,-1. Inapplicable,-1. Inapplicable
203951,ANES2024TimeSeries_20250808,NJ,34,20240825,131255,20240825,151431,.,20241122,084350,20241122,102951,-1. Inapplicable,-1. Inapplicable
203999,ANES2024TimeSeries_20250808,NJ,34,20240817,140549,20240817,165704,.,20250119,144818,20250119,174453,-1. Inapplicable,-1. Inapplicable
204029,ANES2024TimeSeries_20250808,MA,25,20240813,091958,20240912,141356,.,20241126,093026,20241126,094153,-1. Inapplicable,-1. Inapplicable
204035,ANES2024TimeSeries_20250808,MA,25,20240813,132631,.,-1,.,20250207,143844,.,-1,-1. Inapplicable,-1. Inapplicable
204041,ANES2024TimeSeries_20250808,PA,42,20240923,192644,20240923,202906,.,20241202,184720,20241202,200007,-1. Inapplicable,-1. Inapplicable
204046,ANES2024TimeSeries_20250808,NJ,34,20241011,112011,20241011,121633,.,20241120,190006,20241120,200427,-1. Inapplicable,-1. Inapplicable
204052,ANES2024TimeSeries_20250808,ME,23,20240818,085102,20240818,095445,.,20250118,132409,20250118,145813,-1. Inapplicable,-1. Inapplicable
204077,ANES2024TimeSeries_20250808,NJ,34,20240817,135828,20240817,155521,.,20241125,150109,20241125,162129,-1. Inapplicable,-1. Inapplicable
204113,ANES2024TimeSeries_20250808,NY,36,20240812,160154,20240812,163920,.,20241120,120848,20241120,120854,-1. Inapplicable,-1. Inapplicable
204130,ANES2024TimeSeries_20250808,NY,36,20240812,181506,20240812,185658,.,.,NA,.,NA,-1. Inapplicable,-1. Inapplicable
204142,ANES2024TimeSeries_20250808,NY,36,20240820,174601,20240820,175937,.,.,NA,.,NA,-1. Inapplicable,-1. Inapplicable
204148,ANES2024TimeSeries_20250808,NY,36,20240815,164444,20240926,175708,.,20241125,091721,20241125,105913,-1. Inapplicable,-1. Inapplicable
204172,ANES2024TimeSeries_20250808,PA,42,20240821,122200,20240821,130645,.,20241227,021944,20241227,025557,-1. Inapplicable,-1. Inapplicable
204184,ANES2024TimeSeries_20250808,PA,42,20240819,123040,20240923,180236,.,20241125,170518,20241125,180408,-1. Inapplicable,-1. Inapplicable
204207,ANES2024TimeSeries_20250808,NY,36,20240812,150837,20240812,152638,.,20241120,194715,20241120,200814,-1. Inapplicable,-1. Inapplicable
204252,ANES2024TimeSeries_20250808,NY,NA,.,NA,.,NA,20241029,.,NA,.,NA,-1. Inapplicable,-1. Inapplicable
204256,ANES2024TimeSeries_20250808,PA,42,20240812,114059,20240819,141602,.,20241121,140540,20241121,145901,-1. Inapplicable,-1. Inapplicable
204262,ANES2024TimeSeries_20250808,NY,36,20240923,165503,20241101,005236,.,20250117,082011,20250117,093337,-1. Inapplicable,-1. Inapplicable
204268,ANES2024TimeSeries_20250808,NY,36,20240902,114335,20240922,101009,.,20241231,143916,20241231,153700,-1. Inapplicable,-1. Inapplicable
204292,ANES2024TimeSeries_20250808,NY,36,20240816,194148,20240816,202415,.,20241120,180448,20250114,163403,-1. Inapplicable,-1. Inapplicable
204310,ANES2024TimeSeries_20250808,NY,NA,.,NA,.,NA,20241029,.,NA,.,NA,-1. Inapplicable,-1. Inapplicable
204346,ANES2024TimeSeries_20250808,PA,42,20240812,195710,20240812,204719,.,20241122,201334,20241122,205825,-1. Inapplicable,-1. Inapplicable
204358,ANES2024TimeSeries_20250808,PA,42,20240826,185514,20240827,100301,.,.,NA,.,NA,-1. Inapplicable,-1. Inapplicable
204406,ANES2024TimeSeries_20250808,NY,NA,.,NA,.,NA,20241027,.,NA,.,NA,-1. Inapplicable,-1. Inapplicable
204411,ANES2024TimeSeries_20250808,NY,36,20240821,160905,20240822,010627,.,20241123,002811,20241123,011803,-1. Inapplicable,-1. Inapplicable
204423,ANES2024TimeSeries_20250808,NY,36,20240818,204310,20240818,212619,.,20250114,211357,20250114,214806,-1. Inapplicable,-1. Inapplicable
204458,ANES2024TimeSeries_20250808,NY,36,20240824,140924,20240825,181514,.,20241123,092641,20241123,100238,-1. Inapplicable,-1. Inapplicable
204464,ANES2024TimeSeries_20250808,NY,NA,.,NA,.,NA,20241030,.,NA,.,NA,-1. Inapplicable,-1. Inapplicable
204470,ANES2024TimeSeries_20250808,PA,42,20240829,172025,20240829,180129,.,20241211,080022,20241211,085244,-1. Inapplicable,-1. Inapplicable
204499,ANES2024TimeSeries_20250808,NY,36,20240817,181058,20240817,191550,.,.,NA,.,NA,-1. Inapplicable,-1. Inapplicable
204563,ANES2024TimeSeries_20250808,NY,36,20240821,135833,20240821,144822,.,20241115,184907,20241115,184927,-1. Inapplicable,-1. Inapplicable
204568,ANES2024TimeSeries_20250808,NY,36,20240815,100821,20240815,113152,.,20241225,104422,20241225,121355,-1. Inapplicable,-1. Inapplicable
204592,ANES2024TimeSeries_20250808,PA,42,20240826,131735,20240826,152450,.,.,NA,.,NA,-1. Inapplicable,-1. Inapplicable
204609,ANES2024TimeSeries_20250808,PA,42,20240911,170532,20240911,182319,.,20241126,133538,20241126,145822,-1. Inapplicable,-1. Inapplicable
204615,ANES2024TimeSeries_20250808,RI,44,20240822,192057,20240822,200916,.,20241123,113344,20241123,121703,-1. Inapplicable,-1. Inapplicable
204638,ANES2024TimeSeries_20250808,NY,36,20240905,225158,20240905,231153,.,20241120,120319,20241120,120344,-1. Inapplicable,-1. Inapplicable
204649,ANES2024TimeSeries_20250808,NY,36,20240921,085703,20241009,162729,.,20241114,072211,20241114,072236,-1. Inapplicable,-1. Inapplicable
204654,ANES2024TimeSeries_20250808,ME,23,20240816,093538,20240816,102033,.,20241125,123104,20241125,131155,-1. Inapplicable,-1. Inapplicable
204729,ANES2024TimeSeries_20250808,ME,NA,.,NA,.,NA,20241026,.,NA,.,NA,-1. Inapplicable,-1. Inapplicable
204759,ANES2024TimeSeries_20250808,NY,NA,.,NA,.,NA,20241029,.,NA,.,NA,-1. Inapplicable,-1. Inapplicable
204765,ANES2024TimeSeries_20250808,NY,36,20240820,082126,20240820,085311,.,20241204,102149,20241204,110520,-1. Inapplicable,-1. Inapplicable
204776,ANES2024TimeSeries_20250808,NJ,34,20240813,133821,20240820,102329,.,20250126,122238,.,-1,-1. Inapplicable,-1. Inapplicable
204782,ANES2024TimeSeries_20250808,NY,36,20240813,002621,20240820,170834,.,.,NA,.,NA,-1. Inapplicable,-1. Inapplicable
204788,ANES2024TimeSeries_20250808,ME,23,20240815,053406,20240815,071542,.,20241214,145940,20241214,165709,-1. Inapplicable,-1. Inapplicable
204794,ANES2024TimeSeries_20250808,NY,36,20240925,171328,20240925,183034,.,20241228,135845,20241228,152536,-1. Inapplicable,-1. Inapplicable
204824,ANES2024TimeSeries_20250808,NJ,34,20240930,022528,20240930,031415,.,20241213,023538,20241213,031051,-1. Inapplicable,-1. Inapplicable
204830,ANES2024TimeSeries_20250808,PA,42,20240827,074355,20240827,090426,.,20241220,194422,20241231,124128,-1. Inapplicable,-1. Inapplicable
204835,ANES2024TimeSeries_20250808,PA,42,20240828,102914,20240828,120828,.,20241202,081637,20241202,094754,-1. Inapplicable,-1. Inapplicable
204841,ANES2024TimeSeries_20250808,NJ,NA,.,NA,.,NA,20241028,.,NA,.,NA,-1. Inapplicable,-1. Inapplicable
204877,ANES2024TimeSeries_20250808,PA,42,20240828,152003,20240828,162931,.,20241123,104016,20241123,144614,-1. Inapplicable,-1. Inapplicable
204888,ANES2024TimeSeries_20250808,PA,42,20240816,171933,20240816,190138,.,20241123,171515,20241123,184933,-1. Inapplicable,-1. Inapplicable
204924,ANES2024TimeSeries_20250808,NJ,34,20240812,195953,20240812,210109,.,20241209,125728,20241209,135716,-1. Inapplicable,-1. Inapplicable
204941,ANES2024TimeSeries_20250808,PA,42,20240819,184304,20240819,190958,.,20241201,154426,20241201,161643,-1. Inapplicable,-1. Inapplicable
204972,ANES2024TimeSeries_20250808,ME,NA,.,NA,.,NA,20241028,.,NA,.,NA,-1. Inapplicable,-1. Inapplicable
204978,ANES2024TimeSeries_20250808,ME,23,20240825,131658,20240825,140432,.,.,NA,.,NA,-1. Inapplicable,-1. Inapplicable
204990,ANES2024TimeSeries_20250808,NH,33,20240813,164804,20240813,172748,.,20241201,154305,20241201,195158,-1. Inapplicable,-1. Inapplicable
205062,ANES2024TimeSeries_20250808,PA,42,20240819,125208,20240819,221915,.,20241207,010642,20241207,024701,-1. Inapplicable,-1. Inapplicable
205087,ANES2024TimeSeries_20250808,NH,33,20240822,192146,20240822,202538,.,20241126,000253,20250117,130743,-1. Inapplicable,-1. Inapplicable
205158,ANES2024TimeSeries_20250808,NJ,34,20240817,165218,20240922,204834,.,20241201,133801,20241201,140657,-1. Inapplicable,-1. Inapplicable
205170,ANES2024TimeSeries_20250808,NY,36,20240826,144020,20240829,101434,.,20250201,153035,20250217,234036,-1. Inapplicable,-1. Inapplicable
205176,ANES2024TimeSeries_20250808,NH,33,20240818,163314,20240818,174035,.,20250115,141523,20250115,152430,-1. Inapplicable,-1. Inapplicable
205188,ANES2024TimeSeries_20250808,PA,42,20240827,192632,20240827,203036,.,20241223,164413,20241223,174649,-1. Inapplicable,-1. Inapplicable
205200,ANES2024TimeSeries_20250808,NH,33,20240921,132041,20240921,140816,.,20241227,020216,20241227,030819,-1. Inapplicable,-1. Inapplicable
205218,ANES2024TimeSeries_20250808,NY,36,20240813,193118,20240813,205551,.,20241201,095217,20241201,113758,-1. Inapplicable,-1. Inapplicable
205230,ANES2024TimeSeries_20250808,NH,NA,.,NA,.,NA,20241101,.,NA,.,NA,-1. Inapplicable,-1. Inapplicable
205236,ANES2024TimeSeries_20250808,ME,23,20241001,104202,20241001,112635,.,20241126,180939,20241201,223539,-1. Inapplicable,-1. Inapplicable
205272,ANES2024TimeSeries_20250808,PA,42,20240924,005718,20241010,070956,.,20241120,220025,20241120,225017,-1. Inapplicable,-1. Inapplicable
205278,ANES2024TimeSeries_20250808,NJ,NA,.,NA,.,NA,20241028,.,NA,.,NA,-1. Inapplicable,-1. Inapplicable
205290,ANES2024TimeSeries_20250808,ME,23,20241020,094207,20241024,100657,.,.,NA,.,NA,-1. Inapplicable,-1. Inapplicable
205296,ANES2024TimeSeries_20250808,NY,36,20240911,075527,20240924,112518,.,.,NA,.,NA,-1. Inapplicable,-1. Inapplicable
205321,ANES2024TimeSeries_20250808,NJ,34,20240814,205156,20240814,213912,.,20241121,145711,20241121,153439,-1. Inapplicable,-1. Inapplicable
205345,ANES2024TimeSeries_20250808,NH,33,20240818,153925,20240818,173032,.,20241231,173829,20241231,214505,-1. Inapplicable,-1. Inapplicable
205363,ANES2024TimeSeries_20250808,NY,36,20240816,124509,20240816,133640,.,20250115,152102,20250115,163347,-1. Inapplicable,-1. Inapplicable
205375,ANES2024TimeSeries_20250808,NY,36,20240910,214600,20240910,224233,.,20241231,120641,20241231,125453,-1. Inapplicable,-1. Inapplicable
205405,ANES2024TimeSeries_20250808,NH,33,20240829,141124,20240829,151921,.,20241231,130034,20241231,142036,-1. Inapplicable,-1. Inapplicable
205411,ANES2024TimeSeries_20250808,NY,NA,.,NA,.,NA,20241026,.,NA,.,NA,-1. Inapplicable,-1. Inapplicable
205435,ANES2024TimeSeries_20250808,ME,23,20240912,172339,20241029,190849,.,.,NA,.,NA,-1. Inapplicable,-1. Inapplicable
205446,ANES2024TimeSeries_20250808,NY,36,20241028,160044,20241028,173356,.,20241124,161548,20241124,184149,-1. Inapplicable,-1. Inapplicable
205452,ANES2024TimeSeries_20250808,NJ,34,20241102,111148,20241102,122502,.,20250124,134434,20250124,155043,-1. Inapplicable,-1. Inapplicable
205471,ANES2024TimeSeries_20250808,CT,09,20240921,162417,20240921,165754,.,20250127,174747,20250127,182520,-1. Inapplicable,-1. Inapplicable
205500,ANES2024TimeSeries_20250808,NY,36,20240826,112531,20240826,115654,.,20241209,133613,20241209,141422,-1. Inapplicable,-1. Inapplicable
205512,ANES2024TimeSeries_20250808,NY,36,20240812,153226,20240812,164958,.,20241126,145633,20241220,144458,-1. Inapplicable,-1. Inapplicable
205536,ANES2024TimeSeries_20250808,NY,36,20241017,135820,20241017,142056,.,.,NA,.,NA,-1. Inapplicable,-1. Inapplicable
205542,ANES2024TimeSeries_20250808,NY,36,20240824,094100,20240824,110824,.,.,NA,.,NA,-1. Inapplicable,-1. Inapplicable
205554,ANES2024TimeSeries_20250808,NY,36,20240812,205202,20240812,222044,.,20241120,182150,20241120,193306,-1. Inapplicable,-1. Inapplicable
205577,ANES2024TimeSeries_20250808,PA,42,20240812,190122,20240812,194328,.,20250119,090721,20250119,100059,-1. Inapplicable,-1. Inapplicable
205583,ANES2024TimeSeries_20250808,PA,NA,.,NA,.,NA,20241028,.,NA,.,NA,-1. Inapplicable,-1. Inapplicable
205589,ANES2024TimeSeries_20250808,PA,42,20240813,022830,20240813,034010,.,20241121,124622,20241121,140236,-1. Inapplicable,-1. Inapplicable
205651,ANES2024TimeSeries_20250808,NY,36,20241028,155306,20241028,164320,.,20241118,151505,20241118,151527,-1. Inapplicable,-1. Inapplicable
205657,ANES2024TimeSeries_20250808,NY,36,20240814,135111,.,-1,.,.,NA,.,NA,-1. Inapplicable,-1. Inapplicable
205676,ANES2024TimeSeries_20250808,PA,42,20240921,221215,20240921,232300,.,20241120,185830,20241120,200028,-1. Inapplicable,-1. Inapplicable
205695,ANES2024TimeSeries_20250808,PA,42,20240812,192046,20240812,201951,.,20241121,133543,20241121,143748,-1. Inapplicable,-1. Inapplicable
205707,ANES2024TimeSeries_20250808,NY,36,20240819,111650,20240819,122104,.,20241122,115905,20241122,131644,-1. Inapplicable,-1. Inapplicable
205742,ANES2024TimeSeries_20250808,NY,36,20240814,103731,20240814,125725,.,20241124,122933,20241124,140218,-1. Inapplicable,-1. Inapplicable
205748,ANES2024TimeSeries_20250808,NY,36,20240912,171455,20240912,175747,.,20241213,220247,20241213,224345,-1. Inapplicable,-1. Inapplicable
205754,ANES2024TimeSeries_20250808,NY,36,20240820,155032,20240820,173222,.,20241124,095520,20241124,111048,-1. Inapplicable,-1. Inapplicable
205760,ANES2024TimeSeries_20250808,NY,36,20240824,162722,20240824,165729,.,20250130,123940,20250130,134838,-1. Inapplicable,-1. Inapplicable
205766,ANES2024TimeSeries_20250808,NY,36,20240813,224331,20240813,234108,.,20241114,140217,20241114,140231,-1. Inapplicable,-1. Inapplicable
205778,ANES2024TimeSeries_20250808,NY,36,20240824,180613,20240825,095950,.,20241213,140557,20241220,155202,-1. Inapplicable,-1. Inapplicable
205796,ANES2024TimeSeries_20250808,PA,42,20240813,080955,20240813,085835,.,20250120,115623,20250120,130111,-1. Inapplicable,-1. Inapplicable
205801,ANES2024TimeSeries_20250808,NY,36,20241018,111605,20241018,121140,.,20250204,135905,20250204,144433,-1. Inapplicable,-1. Inapplicable
205820,ANES2024TimeSeries_20250808,PA,42,20240926,155701,20240926,172439,.,20241125,163326,20241125,182624,-1. Inapplicable,-1. Inapplicable
205826,ANES2024TimeSeries_20250808,PA,42,20240813,150750,20240813,164356,.,20241120,144611,20241120,144638,-1. Inapplicable,-1. Inapplicable
205832,ANES2024TimeSeries_20250808,CT,09,20240812,200218,20240812,211354,.,20250120,171034,20250120,190154,-1. Inapplicable,-1. Inapplicable
205844,ANES2024TimeSeries_20250808,PA,42,20240826,201631,20240826,212257,.,20241201,153121,20241201,163316,-1. Inapplicable,-1. Inapplicable
205855,ANES2024TimeSeries_20250808,NY,36,20240818,202623,20240915,164239,.,20241205,142419,.,-1,-1. Inapplicable,-1. Inapplicable
205885,ANES2024TimeSeries_20250808,PA,42,20240813,150710,20240813,153656,.,20250208,162634,20250208,170342,-1. Inapplicable,-1. Inapplicable
205897,ANES2024TimeSeries_20250808,PA,42,20240813,151837,.,-1,.,20241231,192508,20250111,122134,-1. Inapplicable,-1. Inapplicable
205909,ANES2024TimeSeries_20250808,PA,42,20240816,200304,20240816,210017,.,20241121,172920,20241121,182237,-1. Inapplicable,-1. Inapplicable
205914,ANES2024TimeSeries_20250808,PA,42,20240816,094039,20240816,105531,.,20241114,083925,20241114,083943,-1. Inapplicable,-1. Inapplicable
205926,ANES2024TimeSeries_20250808,PA,42,20240812,144214,20240812,154210,.,20241125,184418,20241125,193312,-1. Inapplicable,-1. Inapplicable
206002,ANES2024TimeSeries_20250808,PA,42,20240830,160222,20240830,171102,.,20241122,161415,20241122,194105,-1. Inapplicable,-1. Inapplicable
206065,ANES2024TimeSeries_20250808,NJ,34,20240920,114818,20240929,222642,.,20241128,064651,20241231,002042,-1. Inapplicable,-1. Inapplicable
206071,ANES2024TimeSeries_20250808,PA,42,20240812,192947,20240812,201756,.,20241204,003156,20241204,005615,-1. Inapplicable,-1. Inapplicable
206083,ANES2024TimeSeries_20250808,PA,42,20240820,205956,20240820,221514,.,20241214,180215,20241214,190254,-1. Inapplicable,-1. Inapplicable
206096,ANES2024TimeSeries_20250808,PA,42,20240813,054333,20240818,155502,.,20241119,135932,20241119,135947,-1. Inapplicable,-1. Inapplicable
206108,ANES2024TimeSeries_20250808,NY,36,20240813,130902,20240819,012909,.,20241220,140034,.,-1,-1. Inapplicable,-1. Inapplicable
206156,ANES2024TimeSeries_20250808,PA,42,20240813,193556,.,-1,.,.,NA,.,NA,-1. Inapplicable,-1. Inapplicable
206209,ANES2024TimeSeries_20250808,PA,42,20240826,120641,20240826,140859,.,20241220,170800,20241220,175305,-1. Inapplicable,-1. Inapplicable
206221,ANES2024TimeSeries_20250808,PA,42,20241009,114534,20241009,142035,.,20241202,124323,20241202,143500,-1. Inapplicable,-1. Inapplicable
206232,ANES2024TimeSeries_20250808,PA,42,20240813,113618,20240820,105050,.,20241125,170440,20241125,175936,-1. Inapplicable,-1. Inapplicable
206249,ANES2024TimeSeries_20250808,PA,NA,.,NA,.,NA,20241027,.,NA,.,NA,-1. Inapplicable,-1. Inapplicable
206261,ANES2024TimeSeries_20250808,PA,NA,.,NA,.,NA,20241029,.,NA,.,NA,-1. Inapplicable,-1. Inapplicable
206279,ANES2024TimeSeries_20250808,PA,42,20240910,150612,20240910,154511,.,20241227,122713,20241227,130132,-1. Inapplicable,-1. Inapplicable
206285,ANES2024TimeSeries_20250808,PA,42,20240823,095538,20240917,165737,.,20250213,105210,20250213,120244,-1. Inapplicable,-1. Inapplicable
206291,ANES2024TimeSeries_20250808,PA,42,20240812,201518,20240812,212603,.,20241230,180344,20241230,191539,-1. Inapplicable,-1. Inapplicable
206296,ANES2024TimeSeries_20250808,PA,42,20240812,145913,20240812,170527,.,20241226,181821,20250131,125017,-1. Inapplicable,-1. Inapplicable
206326,ANES2024TimeSeries_20250808,PA,42,20240828,135827,20240828,163305,.,20241127,183711,20241230,154902,-1. Inapplicable,-1. Inapplicable
206332,ANES2024TimeSeries_20250808,PA,42,20241016,141544,20241016,144814,.,20241121,140351,20241121,162736,-1. Inapplicable,-1. Inapplicable
206338,ANES2024TimeSeries_20250808,PA,42,20240819,122723,20240819,133111,.,20241121,143210,20241121,160000,-1. Inapplicable,-1. Inapplicable
206355,ANES2024TimeSeries_20250808,PA,NA,.,NA,.,NA,20241028,.,NA,.,NA,-1. Inapplicable,-1. Inapplicable
206361,ANES2024TimeSeries_20250808,PA,NA,.,NA,.,NA,20241026,.,NA,.,NA,-1. Inapplicable,-1. Inapplicable
206373,ANES2024TimeSeries_20250808,PA,42,20240920,095043,20240920,110748,.,.,NA,.,NA,-1. Inapplicable,-1. Inapplicable
206379,ANES2024TimeSeries_20250808,PA,42,20240925,191634,.,-1,.,20241202,154058,20241202,160202,-1. Inapplicable,-1. Inapplicable
206385,ANES2024TimeSeries_20250808,PA,42,20240910,173648,20240910,210600,.,20241125,095112,.,-1,-1. Inapplicable,-1. Inapplicable
206403,ANES2024TimeSeries_20250808,ME,23,20240817,110012,20240817,115328,.,20241205,090658,20241205,101033,-1. Inapplicable,-1. Inapplicable
206439,ANES2024TimeSeries_20250808,NJ,34,20240818,191718,20240818,203344,.,20241119,140411,20241119,140427,-1. Inapplicable,-1. Inapplicable
206445,ANES2024TimeSeries_20250808,NJ,34,20241104,212733,20241104,222828,.,.,NA,.,NA,-1. Inapplicable,-1. Inapplicable
206469,ANES2024TimeSeries_20250808,PA,42,20240816,155934,20240816,164340,.,20241114,025820,20241114,025832,-1. Inapplicable,-1. Inapplicable
206505,ANES2024TimeSeries_20250808,PA,42,20240925,115447,20240925,125133,.,20241213,172401,20241213,183840,-1. Inapplicable,-1. Inapplicable
206557,ANES2024TimeSeries_20250808,NJ,34,20240819,190626,20240819,212017,.,20241121,194239,20241121,225317,-1. Inapplicable,-1. Inapplicable
206562,ANES2024TimeSeries_20250808,NY,36,20240816,091742,20240816,104747,.,20241227,160149,20250122,120214,-1. Inapplicable,-1. Inapplicable
206568,ANES2024TimeSeries_20250808,CT,09,20240812,134326,20240812,141113,.,20241201,131053,20241201,134159,-1. Inapplicable,-1. Inapplicable
206574,ANES2024TimeSeries_20250808,PA,42,20240825,155419,20240825,162605,.,20250212,184337,20250212,201428,-1. Inapplicable,-1. Inapplicable
206580,ANES2024TimeSeries_20250808,PA,42,20240921,182816,20241015,141359,.,20241126,130055,20241204,132518,-1. Inapplicable,-1. Inapplicable
206598,ANES2024TimeSeries_20250808,NJ,34,20240816,144727,20240816,160429,.,20241121,065633,20241121,081829,-1. Inapplicable,-1. Inapplicable
206616,ANES2024TimeSeries_20250808,NJ,34,20240814,152253,20240814,161531,.,20241120,161025,20241120,171438,-1. Inapplicable,-1. Inapplicable
206622,ANES2024TimeSeries_20250808,NJ,34,20240818,111246,20240818,114225,.,20241227,170206,.,-1,-1. Inapplicable,-1. Inapplicable
206634,ANES2024TimeSeries_20250808,NJ,34,20240819,163922,20241007,145052,.,.,NA,.,NA,-1. Inapplicable,-1. Inapplicable
206675,ANES2024TimeSeries_20250808,PA,NA,.,NA,.,NA,20241028,.,NA,.,NA,-1. Inapplicable,-1. Inapplicable
206705,ANES2024TimeSeries_20250808,NJ,34,20240920,173454,20240920,184804,.,20241226,165548,.,-1,-1. Inapplicable,-1. Inapplicable
206717,ANES2024TimeSeries_20250808,PA,42,20240815,124817,20240815,134350,.,20241203,193645,20241203,203809,-1. Inapplicable,-1. Inapplicable
206733,ANES2024TimeSeries_20250808,PA,42,20240928,010830,20240928,023204,.,20241219,151206,20241219,170550,-1. Inapplicable,-1. Inapplicable
206745,ANES2024TimeSeries_20250808,PA,42,20240902,125719,20240902,153823,.,.,NA,.,NA,-1. Inapplicable,-1. Inapplicable
206757,ANES2024TimeSeries_20250808,PA,NA,NA,NA,NA,NA,NA,.,NA,.,NA,-1. Inapplicable,-1. Inapplicable
206787,ANES2024TimeSeries_20250808,PA,42,20240826,170729,20240826,183723,.,20241225,173644,20241227,222259,-1. Inapplicable,-1. Inapplicable
206793,ANES2024TimeSeries_20250808,PA,42,20240816,002805,20240816,180331,.,20241125,162820,20241125,173126,-1. Inapplicable,-1. Inapplicable
206810,ANES2024TimeSeries_20250808,NJ,34,20240815,190210,20240918,133903,.,20241124,195453,20250131,164454,-1. Inapplicable,-1. Inapplicable
206822,ANES2024TimeSeries_20250808,PA,42,20240817,190017,20240920,143527,.,20241122,131519,20241122,135652,-1. Inapplicable,-1. Inapplicable
206828,ANES2024TimeSeries_20250808,NJ,34,20240813,072354,20240813,084410,.,20250131,170655,20250131,182219,-1. Inapplicable,-1. Inapplicable
206846,ANES2024TimeSeries_20250808,PA,42,20240905,103346,20240905,123646,.,20241125,193532,20241125,202844,-1. Inapplicable,-1. Inapplicable
206852,ANES2024TimeSeries_20250808,PA,42,20240819,121231,20240819,131239,.,20241121,122834,20241121,132907,-1. Inapplicable,-1. Inapplicable
206865,ANES2024TimeSeries_20250808,KS,20,20240911,153040,20240911,164107,.,20241115,172807,20241115,172825,-1. Inapplicable,-1. Inapplicable
206901,ANES2024TimeSeries_20250808,MO,29,20240819,160627,20240819,161738,.,.,NA,.,NA,-1. Inapplicable,-1. Inapplicable
206949,ANES2024TimeSeries_20250808,OH,39,20240812,195323,20240814,110020,.,20241117,104954,20241117,105002,-1. Inapplicable,-1. Inapplicable
207003,ANES2024TimeSeries_20250808,WI,55,20240812,184901,20240812,193008,.,20241121,020231,20241121,025931,-1. Inapplicable,-1. Inapplicable
207021,ANES2024TimeSeries_20250808,KS,20,20240923,132942,20240923,161618,.,20241129,213619,20241129,221649,-1. Inapplicable,-1. Inapplicable
207027,ANES2024TimeSeries_20250808,MO,29,20240813,182417,20240816,162918,.,20241205,125134,20241205,140423,-1. Inapplicable,-1. Inapplicable
207033,ANES2024TimeSeries_20250808,WI,55,20240813,081705,20240813,094451,.,20241214,183417,20241214,193604,-1. Inapplicable,-1. Inapplicable
207045,ANES2024TimeSeries_20250808,WI,55,20240922,130653,20240922,133953,.,.,NA,.,NA,-1. Inapplicable,-1. Inapplicable
207065,ANES2024TimeSeries_20250808,WI,55,20240922,170524,20240922,223757,.,20241119,233327,20241119,233334,-1. Inapplicable,-1. Inapplicable
207077,ANES2024TimeSeries_20250808,WI,55,20240812,163245,20240812,174906,.,20241227,104803,20241227,110311,-1. Inapplicable,-1. Inapplicable
207089,ANES2024TimeSeries_20250808,MO,29,20240813,162109,20240813,171558,.,20241126,124906,20241126,133739,-1. Inapplicable,-1. Inapplicable
207095,ANES2024TimeSeries_20250808,MO,29,20240813,175831,20240813,190528,.,20241125,175308,.,-1,-1. Inapplicable,-1. Inapplicable
207100,ANES2024TimeSeries_20250808,OH,39,20240918,231234,20240919,005251,.,20241215,225726,20241216,225809,-1. Inapplicable,-1. Inapplicable
207112,ANES2024TimeSeries_20250808,WI,55,20240831,155358,20240831,162900,.,20241120,122611,20241130,073127,-1. Inapplicable,-1. Inapplicable
207118,ANES2024TimeSeries_20250808,WI,55,20240812,165648,20240905,204312,.,20241120,065233,20241120,065253,-1. Inapplicable,-1. Inapplicable
207124,ANES2024TimeSeries_20250808,OH,39,20240824,175039,20240824,181641,.,20250115,154854,20250115,162008,-1. Inapplicable,-1. Inapplicable
207154,ANES2024TimeSeries_20250808,WI,55,20240910,161730,20240910,170310,.,20241119,151149,20241119,151155,-1. Inapplicable,-1. Inapplicable
207160,ANES2024TimeSeries_20250808,WI,55,20240817,132459,20240817,134704,.,20250208,131144,20250208,132742,-1. Inapplicable,-1. Inapplicable
207183,ANES2024TimeSeries_20250808,OH,39,20240812,163655,20240812,171250,.,20250116,184905,20250116,192710,-1. Inapplicable,-1. Inapplicable
207189,ANES2024TimeSeries_20250808,OH,39,20240902,141213,20240902,153731,.,20241203,165136,20241203,173937,-1. Inapplicable,-1. Inapplicable
207195,ANES2024TimeSeries_20250808,KS,20,20240816,105634,20240816,121130,.,.,NA,.,NA,-1. Inapplicable,-1. Inapplicable
207209,ANES2024TimeSeries_20250808,OH,39,20240817,173408,.,-1,.,.,NA,.,NA,-1. Inapplicable,-1. Inapplicable
207215,ANES2024TimeSeries_20250808,WI,55,20240824,155043,20240824,170714,.,20241122,201844,20241122,213817,-1. Inapplicable,-1. Inapplicable
207221,ANES2024TimeSeries_20250808,MI,26,20240813,200302,20240813,205818,.,20241114,081607,20241114,081627,-1. Inapplicable,-1. Inapplicable
207232,ANES2024TimeSeries_20250808,WI,NA,.,NA,.,NA,20241025,.,NA,.,NA,-1. Inapplicable,-1. Inapplicable
207238,ANES2024TimeSeries_20250808,MO,29,20240820,121521,20240820,132010,.,20241120,183823,20241120,194818,-1. Inapplicable,-1. Inapplicable
207244,ANES2024TimeSeries_20250808,OH,39,20240813,095245,20240813,112452,.,20241119,031715,20241119,031748,-1. Inapplicable,-1. Inapplicable
207261,ANES2024TimeSeries_20250808,OH,39,20240812,204206,20240812,214547,.,20250131,163712,.,-1,-1. Inapplicable,-1. Inapplicable
207267,ANES2024TimeSeries_20250808,OH,39,20240817,162200,20240817,173506,.,20241119,155003,20241119,155025,-1. Inapplicable,-1. Inapplicable
207278,ANES2024TimeSeries_20250808,KS,NA,.,NA,.,NA,20241025,.,NA,.,NA,-1. Inapplicable,-1. Inapplicable
207290,ANES2024TimeSeries_20250808,IL,17,20240920,190538,20240921,010334,.,20241203,151703,20241203,162519,-1. Inapplicable,-1. Inapplicable
207320,ANES2024TimeSeries_20250808,IL,17,20240812,212033,20240812,221510,.,20241207,121204,20241220,013802,-1. Inapplicable,-1. Inapplicable
207337,ANES2024TimeSeries_20250808,IL,NA,.,NA,.,NA,20241026,.,NA,.,NA,-1. Inapplicable,-1. Inapplicable
207355,ANES2024TimeSeries_20250808,IL,17,20241008,190958,20241008,204031,.,20241120,182520,20241120,195437,-1. Inapplicable,-1. Inapplicable
207361,ANES2024TimeSeries_20250808,IL,17,20241004,112510,20241004,153753,.,20241119,133446,20241119,133521,-1. Inapplicable,-1. Inapplicable
207384,ANES2024TimeSeries_20250808,IL,17,20240812,192315,20240812,202919,.,20241226,204131,20241226,220115,-1. Inapplicable,-1. Inapplicable
207419,ANES2024TimeSeries_20250808,IL,17,20240815,112614,20240815,123424,.,20241226,214858,20250117,185209,-1. Inapplicable,-1. Inapplicable
207448,ANES2024TimeSeries_20250808,IL,17,20240910,200851,20241010,025011,.,20241119,180402,20241119,180408,-1. Inapplicable,-1. Inapplicable
207556,ANES2024TimeSeries_20250808,IL,17,20240816,135408,20240816,140959,.,20241217,135003,20241217,141431,-1. Inapplicable,-1. Inapplicable
207559,ANES2024TimeSeries_20250808,IL,NA,.,NA,.,NA,20241029,.,NA,.,NA,-1. Inapplicable,-1. Inapplicable
207565,ANES2024TimeSeries_20250808,IL,17,20240816,151922,20240816,161851,.,20241123,210920,20241123,223040,-1. Inapplicable,-1. Inapplicable
207583,ANES2024TimeSeries_20250808,IL,17,20240918,145116,20240918,161431,.,20250115,165259,20250115,174657,-1. Inapplicable,-1. Inapplicable
207654,ANES2024TimeSeries_20250808,IL,17,20240814,163822,20240814,172937,.,20241218,211642,20241219,001706,-1. Inapplicable,-1. Inapplicable
207684,ANES2024TimeSeries_20250808,IL,17,20240815,223517,20240815,232612,.,20241203,183116,20241203,192415,-1. Inapplicable,-1. Inapplicable
207690,ANES2024TimeSeries_20250808,IL,17,20240813,132855,20240813,144559,.,20241201,133719,20241201,143401,-1. Inapplicable,-1. Inapplicable
207696,ANES2024TimeSeries_20250808,IL,17,20240921,150140,20240921,203406,.,.,NA,.,NA,-1. Inapplicable,-1. Inapplicable
207702,ANES2024TimeSeries_20250808,IL,17,20240829,155237,20240829,162127,.,20241114,065739,20241114,065748,-1. Inapplicable,-1. Inapplicable
207708,ANES2024TimeSeries_20250808,IL,NA,.,NA,.,NA,20241029,.,NA,.,NA,-1. Inapplicable,-1. Inapplicable
207720,ANES2024TimeSeries_20250808,IL,17,20240920,172500,20240920,183118,.,20241207,135845,20241207,143611,-1. Inapplicable,-1. Inapplicable
207726,ANES2024TimeSeries_20250808,IL,NA,.,NA,.,NA,20241104,.,NA,.,NA,-1. Inapplicable,-1. Inapplicable
207738,ANES2024TimeSeries_20250808,IL,17,20240921,202950,20240921,211454,.,.,NA,.,NA,-1. Inapplicable,-1. Inapplicable
207744,ANES2024TimeSeries_20250808,IL,17,20241030,104712,20241030,122954,.,20250116,194335,20250116,200151,-1. Inapplicable,-1. Inapplicable
207750,ANES2024TimeSeries_20250808,IL,17,20241028,192643,20241028,201552,.,20241218,220022,20241218,234720,-1. Inapplicable,-1. Inapplicable
207762,ANES2024TimeSeries_20250808,IL,17,20240813,163612,20240813,173052,.,20241124,163126,20241124,190714,-1. Inapplicable,-1. Inapplicable
207768,ANES2024TimeSeries_20250808,IL,17,20240820,095937,20240820,104631,.,20241114,121651,20241114,121659,-1. Inapplicable,-1. Inapplicable
207789,ANES2024TimeSeries_20250808,IL,17,20240903,172501,20240903,181054,.,20241214,145042,20241214,163621,-1. Inapplicable,-1. Inapplicable
207801,ANES2024TimeSeries_20250808,IL,17,20240824,165523,20240824,181020,.,20241127,001850,20241127,014955,-1. Inapplicable,-1. Inapplicable
207813,ANES2024TimeSeries_20250808,IL,17,20240820,140805,20240820,154109,.,20241120,192613,20241120,210018,-1. Inapplicable,-1. Inapplicable
207818,ANES2024TimeSeries_20250808,IL,17,20241009,201310,20241009,220717,.,20250119,145952,20250217,220621,-1. Inapplicable,-1. Inapplicable
207830,ANES2024TimeSeries_20250808,IL,17,20240813,232254,20241012,212501,.,20241122,212714,20241130,213238,-1. Inapplicable,-1. Inapplicable
207836,ANES2024TimeSeries_20250808,IL,17,20240815,104458,20240815,113813,.,20250127,143217,20250127,153522,-1. Inapplicable,-1. Inapplicable
207842,ANES2024TimeSeries_20250808,IL,17,20240817,162118,20240817,181019,.,20241126,010322,20241126,025236,-1. Inapplicable,-1. Inapplicable
207848,ANES2024TimeSeries_20250808,IL,17,20240814,205414,20240814,215358,.,20250115,162932,20250115,180423,-1. Inapplicable,-1. Inapplicable
207866,ANES2024TimeSeries_20250808,IL,17,20240923,160337,20240923,183407,.,20241122,114128,20241122,124416,-1. Inapplicable,-1. Inapplicable
207872,ANES2024TimeSeries_20250808,IL,17,20240819,200020,20240819,214135,.,20241218,212427,20241218,225708,-1. Inapplicable,-1. Inapplicable
207878,ANES2024TimeSeries_20250808,IL,NA,.,NA,.,NA,20241029,.,NA,.,NA,-1. Inapplicable,-1. Inapplicable
207884,ANES2024TimeSeries_20250808,IL,17,20240815,120707,20240815,130853,.,20241118,213533,20241118,213547,-1. Inapplicable,-1. Inapplicable
207890,ANES2024TimeSeries_20250808,IL,17,20240925,202459,20240925,215321,.,20241125,160152,20241125,171557,-1. Inapplicable,-1. Inapplicable
207914,ANES2024TimeSeries_20250808,IL,17,20240813,111938,20240813,204331,.,20241114,124939,20241114,124947,-1. Inapplicable,-1. Inapplicable
207926,ANES2024TimeSeries_20250808,IL,17,20241005,131304,20241005,150657,.,20241218,225808,20241218,235217,-1. Inapplicable,-1. Inapplicable
207932,ANES2024TimeSeries_20250808,MI,NA,.,NA,.,NA,20241029,.,NA,.,NA,-1. Inapplicable,-1. Inapplicable
207938,ANES2024TimeSeries_20250808,MI,26,20240819,114044,20240819,120902,.,20241120,172326,20241120,175852,-1. Inapplicable,-1. Inapplicable
207956,ANES2024TimeSeries_20250808,MI,26,20240814,114827,20240814,122140,.,.,NA,.,NA,-1. Inapplicable,-1. Inapplicable
208033,ANES2024TimeSeries_20250808,MN,27,20240814,115054,20240814,133602,.,20241123,101139,20241123,111651,-1. Inapplicable,-1. Inapplicable
208065,ANES2024TimeSeries_20250808,MI,26,20240816,120943,20240816,124521,.,20241231,122219,20241231,125554,-1. Inapplicable,-1. Inapplicable
208084,ANES2024TimeSeries_20250808,MI,26,20241030,121011,20241101,162002,.,20241117,205843,20250211,095255,-1. Inapplicable,-1. Inapplicable
208090,ANES2024TimeSeries_20250808,MN,27,20240815,205617,20240815,213501,.,20241124,221431,20241124,231811,-1. Inapplicable,-1. Inapplicable
208096,ANES2024TimeSeries_20250808,MI,26,20240817,014850,20240817,143955,.,20241127,163426,20241128,152108,-1. Inapplicable,-1. Inapplicable
208109,ANES2024TimeSeries_20250808,MI,26,20240825,164214,20240825,170535,.,.,NA,.,NA,-1. Inapplicable,-1. Inapplicable
208134,ANES2024TimeSeries_20250808,MI,26,20240826,155456,20240826,164718,.,20241208,084211,20250106,144613,-1. Inapplicable,-1. Inapplicable
208140,ANES2024TimeSeries_20250808,MI,26,20240826,140631,20240826,161000,.,20241205,123104,20241205,133841,-1. Inapplicable,-1. Inapplicable
208152,ANES2024TimeSeries_20250808,MI,26,20240919,214439,20240919,223458,.,20241125,171908,20241125,184959,-1. Inapplicable,-1. Inapplicable
208164,ANES2024TimeSeries_20250808,MI,26,20240820,190418,20240820,203120,.,20241219,183138,20250115,201636,-1. Inapplicable,-1. Inapplicable
208194,ANES2024TimeSeries_20250808,WI,55,20240817,171502,20240817,174541,.,20241114,073939,20241114,073948,-1. Inapplicable,-1. Inapplicable
208200,ANES2024TimeSeries_20250808,MI,26,20240823,162604,20240823,181528,.,20241216,131307,20241216,141028,-1. Inapplicable,-1. Inapplicable
208206,ANES2024TimeSeries_20250808,MN,27,20240819,221005,20240819,230704,.,20241206,235554,20241207,093918,-1. Inapplicable,-1. Inapplicable
208224,ANES2024TimeSeries_20250808,MN,27,20240819,141213,20240819,152111,.,.,NA,.,NA,-1. Inapplicable,-1. Inapplicable
208230,ANES2024TimeSeries_20250808,MI,26,20240812,173101,20240812,180515,.,20241125,111313,20241125,122533,-1. Inapplicable,-1. Inapplicable
208236,ANES2024TimeSeries_20250808,MI,26,20240928,192056,20240928,205837,.,20241114,182929,20241114,182947,-1. Inapplicable,-1. Inapplicable
208248,ANES2024TimeSeries_20250808,MN,27,20240904,112133,20240904,125643,.,20250104,162427,20250104,175603,-1. Inapplicable,-1. Inapplicable
208254,ANES2024TimeSeries_20250808,MI,26,20240816,140437,20240816,152218,.,20241123,194803,20241212,162313,-1. Inapplicable,-1. Inapplicable
208260,ANES2024TimeSeries_20250808,MI,26,20240813,111538,20240904,182727,.,20241209,173109,20241209,184141,-1. Inapplicable,-1. Inapplicable
208272,ANES2024TimeSeries_20250808,WI,NA,.,NA,.,NA,20241029,.,NA,.,NA,-1. Inapplicable,-1. Inapplicable
208284,ANES2024TimeSeries_20250808,MI,26,20240824,004901,20240922,225254,.,.,NA,.,NA,-1. Inapplicable,-1. Inapplicable
208290,ANES2024TimeSeries_20250808,MI,26,20240815,071813,20240815,074133,.,20241121,151818,20241121,154921,-1. Inapplicable,-1. Inapplicable
208302,ANES2024TimeSeries_20250808,MI,26,20240816,085117,20240816,105622,.,20241201,113926,20241201,132911,-1. Inapplicable,-1. Inapplicable
208308,ANES2024TimeSeries_20250808,MI,26,20240825,095222,20240825,104911,.,20241201,194020,20241201,204328,-1. Inapplicable,-1. Inapplicable
208320,ANES2024TimeSeries_20250808,WI,55,20240820,080923,20240822,151955,.,20241201,143101,20241201,164136,-1. Inapplicable,-1. Inapplicable
208336,ANES2024TimeSeries_20250808,MN,27,20240826,190832,20240826,200534,.,20250116,145225,20250116,160833,-1. Inapplicable,-1. Inapplicable
208342,ANES2024TimeSeries_20250808,WI,55,20240812,225826,20240813,003253,.,20241202,145915,20241202,163009,-1. Inapplicable,-1. Inapplicable
208360,ANES2024TimeSeries_20250808,MI,26,20241001,084513,20241001,091149,.,.,NA,.,NA,-1. Inapplicable,-1. Inapplicable
208366,ANES2024TimeSeries_20250808,MI,26,20240824,211757,20240824,224503,.,20241114,145201,20241114,145208,-1. Inapplicable,-1. Inapplicable
208372,ANES2024TimeSeries_20250808,MI,26,20240813,131642,20240813,141423,.,20241201,145523,20241201,161212,-1. Inapplicable,-1. Inapplicable
208390,ANES2024TimeSeries_20250808,WI,55,20240824,205055,20240922,182254,.,20241122,194151,20241122,215732,-1. Inapplicable,-1. Inapplicable
208402,ANES2024TimeSeries_20250808,IA,19,20240814,170455,20240814,184157,.,20250115,201840,20250115,225914,-1. Inapplicable,-1. Inapplicable
208408,ANES2024TimeSeries_20250808,MN,27,20240814,214302,20240814,221106,.,.,NA,.,NA,-1. Inapplicable,-1. Inapplicable
208425,ANES2024TimeSeries_20250808,MN,27,20240819,100200,20240819,104501,.,20241114,023948,20241114,023956,-1. Inapplicable,-1. Inapplicable
208431,ANES2024TimeSeries_20250808,WI,55,20240922,152715,20240922,162235,.,20241126,121140,20250210,100231,-1. Inapplicable,-1. Inapplicable
208443,ANES2024TimeSeries_20250808,MN,27,20240828,204508,20240828,212211,.,20241210,150636,20241215,125741,-1. Inapplicable,-1. Inapplicable
208455,ANES2024TimeSeries_20250808,MN,27,20240819,230455,20240819,232855,.,20241120,093419,20241120,093425,-1. Inapplicable,-1. Inapplicable
208461,ANES2024TimeSeries_20250808,MN,27,20240814,150519,20240814,160048,.,20241114,081744,20241114,081811,-1. Inapplicable,-1. Inapplicable
208473,ANES2024TimeSeries_20250808,MI,26,20240813,183201,20240813,215402,.,20241203,081637,20241203,084522,-1. Inapplicable,-1. Inapplicable
208485,ANES2024TimeSeries_20250808,MN,27,20240818,155332,20240818,162245,.,20241206,145140,20241206,151412,-1. Inapplicable,-1. Inapplicable
208491,ANES2024TimeSeries_20250808,IA,19,20240823,151907,20240823,185809,.,20241229,231508,20241230,013841,-1. Inapplicable,-1. Inapplicable
208497,ANES2024TimeSeries_20250808,MN,27,20240815,153348,20240815,163845,.,20241119,004820,20241119,004855,-1. Inapplicable,-1. Inapplicable
208503,ANES2024TimeSeries_20250808,MN,27,20240816,170143,20240816,180443,.,20241122,200846,20241122,210803,-1. Inapplicable,-1. Inapplicable
208521,ANES2024TimeSeries_20250808,MI,NA,.,NA,.,NA,.,.,NA,.,NA,-1. Inapplicable,-1. Inapplicable
208527,ANES2024TimeSeries_20250808,MI,26,20240813,124512,20240816,170600,.,20241127,172154,20241127,190041,-1. Inapplicable,-1. Inapplicable
208570,ANES2024TimeSeries_20250808,IN,18,20240813,162952,20240813,172037,.,20241114,041628,20241114,041649,-1. Inapplicable,-1. Inapplicable
208599,ANES2024TimeSeries_20250808,IN,18,20241026,162546,20241026,171443,.,20241125,134256,20241125,143844,-1. Inapplicable,-1. Inapplicable
208623,ANES2024TimeSeries_20250808,IN,18,20240812,154105,20240812,164932,.,20250207,143844,.,-1,-1. Inapplicable,-1. Inapplicable
208647,ANES2024TimeSeries_20250808,MO,29,20240815,112925,20240815,131321,.,20241209,141220,20241209,150235,-1. Inapplicable,-1. Inapplicable
208682,ANES2024TimeSeries_20250808,OH,39,20240821,162216,20241010,202049,.,20241128,145212,20241206,150121,-1. Inapplicable,-1. Inapplicable
208688,ANES2024TimeSeries_20250808,OH,39,20240816,201810,20240816,204612,.,.,NA,.,NA,-1. Inapplicable,-1. Inapplicable
208712,ANES2024TimeSeries_20250808,OH,39,20240920,182743,20240920,185304,.,.,NA,.,NA,-1. Inapplicable,-1. Inapplicable
208735,ANES2024TimeSeries_20250808,MO,29,20240813,192745,20240813,203303,.,20241126,193947,20241126,203701,-1. Inapplicable,-1. Inapplicable
208765,ANES2024TimeSeries_20250808,IN,18,20240816,152733,20240816,161723,.,20241205,210323,20241205,214529,-1. Inapplicable,-1. Inapplicable
208772,ANES2024TimeSeries_20250808,OH,NA,.,NA,.,NA,20241026,.,NA,.,NA,-1. Inapplicable,-1. Inapplicable
208805,ANES2024TimeSeries_20250808,IN,18,20240824,185744,20240824,192919,.,20241126,125331,20241126,135143,-1. Inapplicable,-1. Inapplicable
208811,ANES2024TimeSeries_20250808,OH,39,20240818,103952,20240818,112302,.,20241114,063951,20241114,064001,-1. Inapplicable,-1. Inapplicable
208829,ANES2024TimeSeries_20250808,OH,39,20240813,161455,20240813,170139,.,20241120,171653,20241120,180734,-1. Inapplicable,-1. Inapplicable
208853,ANES2024TimeSeries_20250808,IN,18,20240819,225505,20240829,133949,.,.,NA,.,NA,-1. Inapplicable,-1. Inapplicable
208859,ANES2024TimeSeries_20250808,IN,18,20240815,081148,20240817,085749,.,20241114,105648,20241114,105654,-1. Inapplicable,-1. Inapplicable
208865,ANES2024TimeSeries_20250808,OH,39,20240817,103714,20240817,111127,.,20241114,005732,20241114,005746,-1. Inapplicable,-1. Inapplicable
208877,ANES2024TimeSeries_20250808,IN,18,20240918,204304,20240918,213905,.,20241217,013154,20241217,020056,-1. Inapplicable,-1. Inapplicable
208883,ANES2024TimeSeries_20250808,MO,29,20240827,123705,20240924,125818,.,20241218,213946,20241218,224752,-1. Inapplicable,-1. Inapplicable
208901,ANES2024TimeSeries_20250808,IN,18,20240816,094621,20240816,103219,.,20241125,084027,20241125,092652,-1. Inapplicable,-1. Inapplicable
208907,ANES2024TimeSeries_20250808,IN,18,20240823,125028,20240823,133310,.,20241114,092708,20250201,120654,-1. Inapplicable,-1. Inapplicable
208919,ANES2024TimeSeries_20250808,IN,18,20241013,181249,20241013,185011,.,20250115,201101,20250115,204900,-1. Inapplicable,-1. Inapplicable
208937,ANES2024TimeSeries_20250808,MO,29,20240813,214813,20240813,230601,.,20250120,185723,20250120,195914,-1. Inapplicable,-1. Inapplicable
208943,ANES2024TimeSeries_20250808,MO,29,20240827,083853,20240827,101845,.,20250116,075409,20250116,090326,-1. Inapplicable,-1. Inapplicable
208957,ANES2024TimeSeries_20250808,IN,NA,.,NA,.,NA,20241029,.,NA,.,NA,-1. Inapplicable,-1. Inapplicable
208963,ANES2024TimeSeries_20250808,OH,39,20240813,121840,20240813,134507,.,20241125,163330,20241125,173252,-1. Inapplicable,-1. Inapplicable
208980,ANES2024TimeSeries_20250808,OH,39,20240823,160731,20240823,220837,.,20250122,172615,20250122,213912,-1. Inapplicable,-1. Inapplicable
208992,ANES2024TimeSeries_20250808,IN,18,20240812,174258,20240812,184533,.,20241121,123959,20241121,150611,-1. Inapplicable,-1. Inapplicable
209004,ANES2024TimeSeries_20250808,OH,39,20240818,211516,20240925,203248,.,20241123,132025,20241123,142338,-1. Inapplicable,-1. Inapplicable
209010,ANES2024TimeSeries_20250808,IN,18,20240906,231014,20240907,011017,.,20241209,200247,20241209,223802,-1. Inapplicable,-1. Inapplicable
209016,ANES2024TimeSeries_20250808,IL,17,20240815,234630,20240816,004651,.,20241127,093456,20241127,105433,-1. Inapplicable,-1. Inapplicable
209034,ANES2024TimeSeries_20250808,IN,NA,.,NA,.,NA,20241028,.,NA,.,NA,-1. Inapplicable,-1. Inapplicable
209052,ANES2024TimeSeries_20250808,IN,18,20240814,184703,20240814,193659,.,20241202,144727,20250131,120626,-1. Inapplicable,-1. Inapplicable
209076,ANES2024TimeSeries_20250808,MO,29,20241031,154029,20241104,203259,.,20241203,225900,20241203,235602,-1. Inapplicable,-1. Inapplicable
209082,ANES2024TimeSeries_20250808,IN,18,20240812,203807,20240812,220309,.,20241126,172043,20241225,195126,-1. Inapplicable,-1. Inapplicable
209088,ANES2024TimeSeries_20250808,MO,29,20240819,155843,20240819,165951,.,20241230,135838,20241230,144940,-1. Inapplicable,-1. Inapplicable
209094,ANES2024TimeSeries_20250808,IN,18,20240817,155404,20240817,170328,.,20241126,114011,20241126,124826,-1. Inapplicable,-1. Inapplicable
209152,ANES2024TimeSeries_20250808,NE,31,20240814,141744,20241029,125707,.,20250116,111613,20250118,194742,-1. Inapplicable,-1. Inapplicable
209212,ANES2024TimeSeries_20250808,OH,39,20240812,222755,20240812,231310,.,20241121,121822,20241121,140426,-1. Inapplicable,-1. Inapplicable
209287,ANES2024TimeSeries_20250808,OH,39,20240812,173142,20240812,182840,.,20241123,174210,20241123,184740,-1. Inapplicable,-1. Inapplicable
209293,ANES2024TimeSeries_20250808,NE,31,20240813,105322,20240813,122648,.,20241209,094705,20241209,112611,-1. Inapplicable,-1. Inapplicable
209299,ANES2024TimeSeries_20250808,WI,55,20240827,134929,20240827,142434,.,.,NA,.,NA,-1. Inapplicable,-1. Inapplicable
209316,ANES2024TimeSeries_20250808,OH,39,20240921,123853,20240921,140649,.,20250204,235755,20250205,010635,-1. Inapplicable,-1. Inapplicable
209322,ANES2024TimeSeries_20250808,MI,26,20240815,135936,20240815,150846,.,20250115,162820,20250115,174330,-1. Inapplicable,-1. Inapplicable
209328,ANES2024TimeSeries_20250808,NE,31,20240829,183851,20240829,192200,.,20241230,143247,20241230,151240,-1. Inapplicable,-1. Inapplicable
209334,ANES2024TimeSeries_20250808,NE,31,20240827,071842,20240827,075901,.,20241115,111754,20241115,111801,-1. Inapplicable,-1. Inapplicable
209340,ANES2024TimeSeries_20250808,OH,39,20240928,182242,20240928,200108,.,20241204,202834,20241205,212702,-1. Inapplicable,-1. Inapplicable
209364,ANES2024TimeSeries_20250808,MI,26,20240812,154645,20240816,181953,.,20241128,140411,20250130,115336,-1. Inapplicable,-1. Inapplicable
209370,ANES2024TimeSeries_20250808,MI,26,20241024,150518,20241024,163401,.,20241128,114158,20241210,175307,-1. Inapplicable,-1. Inapplicable
209382,ANES2024TimeSeries_20250808,OH,39,20240823,213227,20241010,111203,.,20241221,201307,20241230,183306,-1. Inapplicable,-1. Inapplicable
209394,ANES2024TimeSeries_20250808,NE,31,20240913,174405,20240913,183517,.,20250210,170650,20250210,181050,-1. Inapplicable,-1. Inapplicable
209459,ANES2024TimeSeries_20250808,OH,39,20240813,165914,20241011,114307,.,20250108,101442,20250108,144527,-1. Inapplicable,-1. Inapplicable
209508,ANES2024TimeSeries_20250808,IL,17,20240812,195820,20240812,203341,.,20241120,202006,20241125,174148,-1. Inapplicable,-1. Inapplicable
209519,ANES2024TimeSeries_20250808,MI,26,20240819,135804,20240819,145730,.,20241120,123257,20241120,123311,-1. Inapplicable,-1. Inapplicable
209525,ANES2024TimeSeries_20250808,OH,39,20241002,084433,20241002,094929,.,20241127,164013,.,-1,-1. Inapplicable,-1. Inapplicable
209531,ANES2024TimeSeries_20250808,OH,39,20240825,120726,20240902,184641,.,20241206,121838,20241230,230615,-1. Inapplicable,-1. Inapplicable
209549,ANES2024TimeSeries_20250808,NE,31,20240830,085828,20240830,094327,.,20241204,222133,20250117,180233,-1. Inapplicable,-1. Inapplicable
209555,ANES2024TimeSeries_20250808,OH,39,20240812,155033,20240812,165246,.,20241124,102259,20241124,112815,-1. Inapplicable,-1. Inapplicable
209561,ANES2024TimeSeries_20250808,MI,NA,.,NA,.,NA,20241028,.,NA,.,NA,-1. Inapplicable,-1. Inapplicable
209603,ANES2024TimeSeries_20250808,OH,39,20240901,154638,20240901,162358,.,20241207,145919,20241207,165609,-1. Inapplicable,-1. Inapplicable
209621,ANES2024TimeSeries_20250808,OH,39,20240812,195747,.,-1,.,20241119,063352,20241119,063410,-1. Inapplicable,-1. Inapplicable
209633,ANES2024TimeSeries_20250808,OH,39,20240813,191543,20240813,203408,.,20241114,065106,20241114,065126,-1. Inapplicable,-1. Inapplicable
209635,ANES2024TimeSeries_20250808,IL,17,20240812,173700,20240812,183556,.,20250129,162919,20250129,172434,-1. Inapplicable,-1. Inapplicable
209700,ANES2024TimeSeries_20250808,MI,26,20240813,223252,20240814,000319,.,.,NA,.,NA,-1. Inapplicable,-1. Inapplicable
209730,ANES2024TimeSeries_20250808,MN,27,20240812,134505,20240812,162240,.,.,NA,.,NA,-1. Inapplicable,-1. Inapplicable
209736,ANES2024TimeSeries_20250808,MN,27,20240904,142843,20240904,153629,.,20241201,131724,20241201,141910,-1. Inapplicable,-1. Inapplicable
209760,ANES2024TimeSeries_20250808,MO,NA,.,NA,.,NA,.,.,NA,.,NA,-1. Inapplicable,-1. Inapplicable
209778,ANES2024TimeSeries_20250808,WI,55,20240812,224924,20240812,234127,.,20241205,141157,20241205,151214,-1. Inapplicable,-1. Inapplicable
209800,ANES2024TimeSeries_20250808,IA,19,20240825,183052,20240902,074651,.,20241219,063056,20250130,231041,-1. Inapplicable,-1. Inapplicable
209806,ANES2024TimeSeries_20250808,MI,26,20240813,164824,20240813,173736,.,20250125,102231,20250125,120242,-1. Inapplicable,-1. Inapplicable
209855,ANES2024TimeSeries_20250808,WI,55,20240821,180415,20241009,133630,.,20241114,083209,20241114,083224,-1. Inapplicable,-1. Inapplicable
209864,ANES2024TimeSeries_20250808,MI,26,20240918,164929,20240918,182252,.,.,NA,.,NA,-1. Inapplicable,-1. Inapplicable
209887,ANES2024TimeSeries_20250808,MI,NA,.,NA,.,NA,20241103,.,NA,.,NA,-1. Inapplicable,-1. Inapplicable
209893,ANES2024TimeSeries_20250808,MO,29,20240817,120723,20240817,123921,.,20241125,221408,20241125,224942,-1. Inapplicable,-1. Inapplicable
209899,ANES2024TimeSeries_20250808,MO,29,20240825,110851,20240825,115608,.,.,NA,.,NA,-1. Inapplicable,-1. Inapplicable
209905,ANES2024TimeSeries_20250808,MN,27,20240912,192417,20240916,171447,.,.,NA,.,NA,-1. Inapplicable,-1. Inapplicable
209934,ANES2024TimeSeries_20250808,MI,26,20240909,201603,20240909,210016,.,20241119,190218,20241119,190229,-1. Inapplicable,-1. Inapplicable
209940,ANES2024TimeSeries_20250808,IA,19,20240814,162908,20240814,170518,.,20250116,164948,20250116,201702,-1. Inapplicable,-1. Inapplicable
209946,ANES2024TimeSeries_20250808,IA,19,20240902,081923,20240902,091743,.,20241125,165743,20241125,175139,-1. Inapplicable,-1. Inapplicable
209969,ANES2024TimeSeries_20250808,MI,26,20240814,173508,20240814,191957,.,20241119,203005,20241119,203018,-1. Inapplicable,-1. Inapplicable
209981,ANES2024TimeSeries_20250808,MI,26,20240817,082801,20240817,093458,.,.,NA,.,NA,-1. Inapplicable,-1. Inapplicable
210022,ANES2024TimeSeries_20250808,MI,26,20240816,200630,20240816,204058,.,20250115,191650,20250115,202609,-1. Inapplicable,-1. Inapplicable
210033,ANES2024TimeSeries_20250808,MI,26,20240929,184929,.,-1,.,20241227,110641,20241227,133423,-1. Inapplicable,-1. Inapplicable
210039,ANES2024TimeSeries_20250808,MI,26,20240824,133716,.,-1,.,.,NA,.,NA,-1. Inapplicable,-1. Inapplicable
210045,ANES2024TimeSeries_20250808,MN,27,20240813,205840,20240813,213841,.,.,NA,.,NA,-1. Inapplicable,-1. Inapplicable
210063,ANES2024TimeSeries_20250808,IL,17,20240813,162200,20240813,181024,.,20241120,125431,20241120,125453,-1. Inapplicable,-1. Inapplicable
210080,ANES2024TimeSeries_20250808,WI,55,20240826,193351,20240924,214601,.,20241122,204035,20241122,220127,-1. Inapplicable,-1. Inapplicable
210092,ANES2024TimeSeries_20250808,WI,55,20240815,213534,20240815,220416,.,20241204,185743,20241204,192942,-1. Inapplicable,-1. Inapplicable
210105,ANES2024TimeSeries_20250808,MI,26,20240819,181827,20240819,195819,.,20241121,142800,20241121,155351,-1. Inapplicable,-1. Inapplicable
210111,ANES2024TimeSeries_20250808,IA,19,20240814,130419,20240907,145403,.,20241121,142058,20241121,160058,-1. Inapplicable,-1. Inapplicable
210117,ANES2024TimeSeries_20250808,MI,26,20240812,185611,20240812,201255,.,20241210,170515,20241210,182314,-1. Inapplicable,-1. Inapplicable
210135,ANES2024TimeSeries_20250808,MI,26,20240818,140901,20240818,150012,.,20241114,085830,20241114,085837,-1. Inapplicable,-1. Inapplicable
210141,ANES2024TimeSeries_20250808,MI,26,20240816,184628,20240816,195222,.,20241119,163619,20241119,170608,-1. Inapplicable,-1. Inapplicable
210153,ANES2024TimeSeries_20250808,IA,19,20240912,152351,20240912,165717,.,20241230,213255,20241230,230941,-1. Inapplicable,-1. Inapplicable
210159,ANES2024TimeSeries_20250808,MI,26,20240817,112809,20240817,130410,.,20250120,133807,20250120,145952,-1. Inapplicable,-1. Inapplicable
210165,ANES2024TimeSeries_20250808,MN,27,20240812,153728,20240812,165526,.,20241115,151113,20241115,151123,-1. Inapplicable,-1. Inapplicable
210177,ANES2024TimeSeries_20250808,MO,29,20240824,171355,20240824,182209,.,20241125,134700,20241125,160737,-1. Inapplicable,-1. Inapplicable
210183,ANES2024TimeSeries_20250808,IL,17,20240813,083100,20240813,090954,.,20250117,112519,20250117,124920,-1. Inapplicable,-1. Inapplicable
210201,ANES2024TimeSeries_20250808,MI,26,20240813,121516,20240813,131621,.,20241114,070135,20241114,070144,-1. Inapplicable,-1. Inapplicable
210207,ANES2024TimeSeries_20250808,MN,27,20240814,123117,20240814,133253,.,20241125,190914,20241125,200700,-1. Inapplicable,-1. Inapplicable
210213,ANES2024TimeSeries_20250808,IA,19,20240813,174503,20240813,181803,.,20241125,111429,20241125,122858,-1. Inapplicable,-1. Inapplicable
210219,ANES2024TimeSeries_20250808,IA,19,20240817,132716,20240818,092229,.,20241128,113859,20241204,173355,-1. Inapplicable,-1. Inapplicable
210225,ANES2024TimeSeries_20250808,MN,27,20240819,193027,20240819,202426,.,20241227,133458,.,-1,-1. Inapplicable,-1. Inapplicable
210231,ANES2024TimeSeries_20250808,MI,26,20240819,211928,20240819,220138,.,20241201,092327,20241201,120031,-1. Inapplicable,-1. Inapplicable
210237,ANES2024TimeSeries_20250808,IL,17,20240815,200856,20240815,211002,.,20241125,190152,20241125,195416,-1. Inapplicable,-1. Inapplicable
210243,ANES2024TimeSeries_20250808,MI,26,20240827,205842,20240827,213447,.,.,NA,.,NA,-1. Inapplicable,-1. Inapplicable
210249,ANES2024TimeSeries_20250808,MI,26,20240816,095551,20240819,180125,.,20241121,121236,20241225,200944,-1. Inapplicable,-1. Inapplicable
210261,ANES2024TimeSeries_20250808,MN,27,20240825,110002,20240827,131413,.,20241120,202953,20241120,212946,-1. Inapplicable,-1. Inapplicable
210267,ANES2024TimeSeries_20250808,MI,26,20240823,110700,20240909,185545,.,20241121,143248,20241121,160850,-1. Inapplicable,-1. Inapplicable
210273,ANES2024TimeSeries_20250808,MI,26,20240813,094755,20240813,112042,.,20241205,180748,20250208,122021,-1. Inapplicable,-1. Inapplicable
210285,ANES2024TimeSeries_20250808,IL,17,20240822,225853,20240924,134236,.,20241114,203634,20241114,203642,-1. Inapplicable,-1. Inapplicable
210297,ANES2024TimeSeries_20250808,IA,19,20240813,160342,20240813,164616,.,20250115,120055,20250115,155539,-1. Inapplicable,-1. Inapplicable
210303,ANES2024TimeSeries_20250808,IL,17,20240829,123510,20241011,223628,.,20241114,093928,20241114,093959,-1. Inapplicable,-1. Inapplicable
210363,ANES2024TimeSeries_20250808,IN,18,20240818,225847,20240819,223211,.,20241124,155125,20241124,162758,-1. Inapplicable,-1. Inapplicable
210387,ANES2024TimeSeries_20250808,IN,18,20240930,115342,20241016,141917,.,20241126,103719,20241126,112354,-1. Inapplicable,-1. Inapplicable
210405,ANES2024TimeSeries_20250808,IA,19,20240823,171752,20240823,175254,.,20241118,221001,20241118,221006,-1. Inapplicable,-1. Inapplicable
210423,ANES2024TimeSeries_20250808,MN,NA,.,NA,.,NA,20241026,.,NA,.,NA,-1. Inapplicable,-1. Inapplicable
210440,ANES2024TimeSeries_20250808,OH,39,20240905,125143,20240905,133500,.,20241120,091934,20241120,091948,-1. Inapplicable,-1. Inapplicable
210458,ANES2024TimeSeries_20250808,OH,NA,.,NA,.,NA,20241028,.,NA,.,NA,-1. Inapplicable,-1. Inapplicable
210476,ANES2024TimeSeries_20250808,OH,NA,.,NA,.,NA,20241030,.,NA,.,NA,-1. Inapplicable,-1. Inapplicable
210526,ANES2024TimeSeries_20250808,IN,18,20240921,124726,20241005,234708,.,20241128,105759,20250118,081456,-1. Inapplicable,-1. Inapplicable
210544,ANES2024TimeSeries_20250808,OH,39,20240814,111557,20240814,133131,.,20241122,160942,20241122,182821,-1. Inapplicable,-1. Inapplicable
210562,ANES2024TimeSeries_20250808,IL,NA,.,NA,.,NA,20241026,.,NA,.,NA,-1. Inapplicable,-1. Inapplicable
210602,ANES2024TimeSeries_20250808,OH,39,20240819,103439,20240819,113549,.,20250116,145457,20250116,155703,-1. Inapplicable,-1. Inapplicable
210608,ANES2024TimeSeries_20250808,IL,17,20240814,183010,20240814,200458,.,20241125,174720,20241125,185501,-1. Inapplicable,-1. Inapplicable
210614,ANES2024TimeSeries_20250808,OH,39,20240815,122254,20240815,125722,.,20241114,082912,20241114,082918,-1. Inapplicable,-1. Inapplicable
210620,ANES2024TimeSeries_20250808,OH,NA,.,NA,.,NA,20241028,.,NA,.,NA,-1. Inapplicable,-1. Inapplicable
210638,ANES2024TimeSeries_20250808,IN,18,20240814,145821,20240814,153122,.,20241122,215448,20241122,230910,-1. Inapplicable,-1. Inapplicable
210650,ANES2024TimeSeries_20250808,OH,39,20240812,163700,20240812,170841,.,20241121,165135,20241121,171908,-1. Inapplicable,-1. Inapplicable
210662,ANES2024TimeSeries_20250808,KS,NA,.,NA,.,NA,20241027,.,NA,.,NA,-1. Inapplicable,-1. Inapplicable
210698,ANES2024TimeSeries_20250808,KS,20,20240814,163245,20240814,171451,.,20241114,082441,20241114,082450,-1. Inapplicable,-1. Inapplicable
210704,ANES2024TimeSeries_20250808,IN,NA,.,NA,.,NA,20241028,.,NA,.,NA,-1. Inapplicable,-1. Inapplicable
210722,ANES2024TimeSeries_20250808,IL,17,20240909,180413,20240909,185043,.,.,NA,.,NA,-1. Inapplicable,-1. Inapplicable
210728,ANES2024TimeSeries_20250808,IN,18,20240908,134552,20240928,192620,.,.,NA,.,NA,-1. Inapplicable,-1. Inapplicable
210734,ANES2024TimeSeries_20250808,IA,19,20240908,163244,20240908,182315,.,20250115,163302,20250115,190635,-1. Inapplicable,-1. Inapplicable
210741,ANES2024TimeSeries_20250808,IL,17,20240816,130954,20240816,143354,.,20241216,102716,20241216,131023,-1. Inapplicable,-1. Inapplicable
210747,ANES2024TimeSeries_20250808,IN,NA,.,NA,.,NA,20241028,.,NA,.,NA,-1. Inapplicable,-1. Inapplicable
210759,ANES2024TimeSeries_20250808,IN,18,20240820,143519,20240820,162437,.,20241220,135156,20241220,154134,-1. Inapplicable,-1. Inapplicable
210765,ANES2024TimeSeries_20250808,MI,26,20240823,183225,20240823,193200,.,20241231,183021,20241231,194738,-1. Inapplicable,-1. Inapplicable
210783,ANES2024TimeSeries_20250808,IL,17,20240813,133716,20240813,145331,.,20241114,065138,20241114,065148,-1. Inapplicable,-1. Inapplicable
210789,ANES2024TimeSeries_20250808,IL,17,20240920,122404,20240920,141247,.,20250119,191047,20250119,233224,-1. Inapplicable,-1. Inapplicable
210806,ANES2024TimeSeries_20250808,IN,18,20240923,134632,20240924,163829,.,20241226,150318,20241226,161321,-1. Inapplicable,-1. Inapplicable
210854,ANES2024TimeSeries_20250808,MI,26,20240920,173503,20240920,184539,.,20241126,115231,20241126,131824,-1. Inapplicable,-1. Inapplicable
210860,ANES2024TimeSeries_20250808,IN,18,20240831,085530,20240831,095536,.,20241205,203709,20241205,213453,-1. Inapplicable,-1. Inapplicable
210878,ANES2024TimeSeries_20250808,IL,NA,.,NA,.,NA,20241031,.,NA,.,NA,-1. Inapplicable,-1. Inapplicable
210896,ANES2024TimeSeries_20250808,IN,NA,.,NA,.,NA,20241029,.,NA,.,NA,-1. Inapplicable,-1. Inapplicable
210913,ANES2024TimeSeries_20250808,IL,17,20240925,170547,20240925,181141,.,20241124,170608,20241124,180645,-1. Inapplicable,-1. Inapplicable
210919,ANES2024TimeSeries_20250808,IL,17,20240813,124955,20240928,142336,.,20241127,234333,20241128,005924,-1. Inapplicable,-1. Inapplicable
210950,ANES2024TimeSeries_20250808,IA,19,20240921,202633,20240921,213902,.,20250115,194743,20250115,211152,-1. Inapplicable,-1. Inapplicable
210956,ANES2024TimeSeries_20250808,MI,26,20240921,173707,20240921,175758,.,.,NA,.,NA,-1. Inapplicable,-1. Inapplicable
210992,ANES2024TimeSeries_20250808,NE,31,20240817,170838,20240817,182618,.,20241126,183249,20241126,195358,-1. Inapplicable,-1. Inapplicable
210998,ANES2024TimeSeries_20250808,SD,46,20240920,185714,20240920,193548,.,.,NA,.,NA,-1. Inapplicable,-1. Inapplicable
211016,ANES2024TimeSeries_20250808,WI,55,20240924,145927,20240924,161837,.,.,NA,.,NA,-1. Inapplicable,-1. Inapplicable
211022,ANES2024TimeSeries_20250808,WI,55,20241009,162723,20241009,172739,.,.,NA,.,NA,-1. Inapplicable,-1. Inapplicable
211030,ANES2024TimeSeries_20250808,IA,19,20240813,140325,20240813,143644,.,20241120,203324,20241120,213632,-1. Inapplicable,-1. Inapplicable
211036,ANES2024TimeSeries_20250808,IN,18,20241009,210758,20241010,125234,.,20241125,112151,20241125,121008,-1. Inapplicable,-1. Inapplicable
211048,ANES2024TimeSeries_20250808,IL,17,20240818,194436,20240818,204411,.,20241120,115713,20241120,115737,-1. Inapplicable,-1. Inapplicable
211054,ANES2024TimeSeries_20250808,WI,55,20240812,203332,20240812,215003,.,20241120,193601,20241120,204943,-1. Inapplicable,-1. Inapplicable
211093,ANES2024TimeSeries_20250808,MI,26,20240920,170324,20241001,035012,.,20241119,225443,20241119,225509,-1. Inapplicable,-1. Inapplicable
211099,ANES2024TimeSeries_20250808,WI,55,20240812,154152,20240812,235706,.,20241125,161244,20241125,173932,-1. Inapplicable,-1. Inapplicable
211105,ANES2024TimeSeries_20250808,MI,26,20240816,121309,20240816,131609,.,20241201,194450,20241201,203441,-1. Inapplicable,-1. Inapplicable
211111,ANES2024TimeSeries_20250808,WI,55,20240814,175511,20241001,215726,.,.,NA,.,NA,-1. Inapplicable,-1. Inapplicable
211123,ANES2024TimeSeries_20250808,MI,26,20240905,115402,20240905,130445,.,20241126,101912,20241212,172508,-1. Inapplicable,-1. Inapplicable
211128,ANES2024TimeSeries_20250808,IL,17,20240910,191441,20240910,195413,.,20250115,181604,20250115,184521,-1. Inapplicable,-1. Inapplicable
211134,ANES2024TimeSeries_20250808,WI,55,20240812,161548,20240812,170727,.,20250116,110419,20250116,120942,-1. Inapplicable,-1. Inapplicable
211140,ANES2024TimeSeries_20250808,IL,17,20240815,125534,20240815,172031,.,20241121,211933,20241121,222847,-1. Inapplicable,-1. Inapplicable
211152,ANES2024TimeSeries_20250808,NE,NA,.,NA,.,NA,20241029,.,NA,.,NA,-1. Inapplicable,-1. Inapplicable
211164,ANES2024TimeSeries_20250808,IL,17,20240818,124909,20240818,140303,.,20241114,063511,20241114,063533,-1. Inapplicable,-1. Inapplicable
211176,ANES2024TimeSeries_20250808,MI,26,20240828,130607,20240828,133045,.,20241223,175655,20241223,180846,-1. Inapplicable,-1. Inapplicable
211187,ANES2024TimeSeries_20250808,IL,17,20240816,130538,20240816,141410,.,20241114,163627,20241114,163639,-1. Inapplicable,-1. Inapplicable
211193,ANES2024TimeSeries_20250808,IA,19,20240904,182932,20240904,191826,.,20241119,113829,20241119,113841,-1. Inapplicable,-1. Inapplicable
211211,ANES2024TimeSeries_20250808,SD,46,20240814,003131,20240814,014847,.,.,NA,.,NA,-1. Inapplicable,-1. Inapplicable
211223,ANES2024TimeSeries_20250808,SD,46,20240819,220520,20240819,232727,.,20250130,110048,20250130,124424,-1. Inapplicable,-1. Inapplicable
211235,ANES2024TimeSeries_20250808,WI,55,20240812,123638,20240812,130220,.,20250115,185938,20250115,193339,-1. Inapplicable,-1. Inapplicable
211241,ANES2024TimeSeries_20250808,WI,55,20240818,112216,20240818,115756,.,20241114,021737,20241114,021801,-1. Inapplicable,-1. Inapplicable
211246,ANES2024TimeSeries_20250808,IA,NA,.,NA,.,NA,20241028,.,NA,.,NA,-1. Inapplicable,-1. Inapplicable
211258,ANES2024TimeSeries_20250808,WI,55,20240830,162313,20240919,131234,.,20250122,202512,20250122,225232,-1. Inapplicable,-1. Inapplicable
211270,ANES2024TimeSeries_20250808,MI,26,20240821,112510,20240821,124618,.,20250121,112310,20250121,132103,-1. Inapplicable,-1. Inapplicable
211282,ANES2024TimeSeries_20250808,IL,17,20240816,084209,20240816,093020,.,20241115,054017,20241115,054033,-1. Inapplicable,-1. Inapplicable
211288,ANES2024TimeSeries_20250808,MI,26,20240824,173737,20240824,183418,.,20241123,133717,20241123,143857,-1. Inapplicable,-1. Inapplicable
211300,ANES2024TimeSeries_20250808,IL,17,20240904,171112,20240904,190716,.,20241211,102458,20241219,151816,-1. Inapplicable,-1. Inapplicable
211306,ANES2024TimeSeries_20250808,WI,55,20240819,215046,20240819,231850,.,20241120,211951,20241120,225838,-1. Inapplicable,-1. Inapplicable
211336,ANES2024TimeSeries_20250808,NE,31,20240918,152125,20240918,161727,.,20250116,092344,20250116,103236,-1. Inapplicable,-1. Inapplicable
211353,ANES2024TimeSeries_20250808,IL,NA,.,NA,.,NA,20241104,.,NA,.,NA,-1. Inapplicable,-1. Inapplicable
211383,ANES2024TimeSeries_20250808,WI,55,20240813,085911,20240813,102747,.,20241120,110020,20241120,110040,-1. Inapplicable,-1. Inapplicable
211389,ANES2024TimeSeries_20250808,MI,26,20240819,092954,20240819,102928,.,20241129,163808,20241205,081349,-1. Inapplicable,-1. Inapplicable
211395,ANES2024TimeSeries_20250808,IL,17,20240818,142220,20240818,154752,.,20241125,160351,20241125,171053,-1. Inapplicable,-1. Inapplicable
211407,ANES2024TimeSeries_20250808,IL,17,20240816,132349,20240816,143315,.,20241127,103853,20241127,115824,-1. Inapplicable,-1. Inapplicable
211430,ANES2024TimeSeries_20250808,MN,27,20240820,204558,20240820,223739,.,20241210,202257,20241210,224227,-1. Inapplicable,-1. Inapplicable
211444,ANES2024TimeSeries_20250808,IL,17,20240831,121001,20240921,193221,.,.,NA,.,NA,-1. Inapplicable,-1. Inapplicable
211450,ANES2024TimeSeries_20250808,IN,18,20240817,232855,20240817,235837,.,20241201,132020,20241201,134036,-1. Inapplicable,-1. Inapplicable
211468,ANES2024TimeSeries_20250808,KS,20,20240821,150331,20240821,155418,.,.,NA,.,NA,-1. Inapplicable,-1. Inapplicable
211474,ANES2024TimeSeries_20250808,MI,26,20240814,052843,20240814,060740,.,20241230,234808,20241231,002432,-1. Inapplicable,-1. Inapplicable
211492,ANES2024TimeSeries_20250808,MI,26,20240822,121815,20240822,152534,.,.,NA,.,NA,-1. Inapplicable,-1. Inapplicable
211554,ANES2024TimeSeries_20250808,MI,26,20241006,062911,20241006,071649,.,20241115,083156,20241115,083212,-1. Inapplicable,-1. Inapplicable
211566,ANES2024TimeSeries_20250808,NE,31,20241001,202515,20241001,221603,.,.,NA,.,NA,-1. Inapplicable,-1. Inapplicable
211585,ANES2024TimeSeries_20250808,WI,55,20240919,120510,20240919,140703,.,20250120,115311,20250120,125703,-1. Inapplicable,-1. Inapplicable
211621,ANES2024TimeSeries_20250808,KS,20,20241029,110215,20241029,113738,.,20250208,124711,20250208,151230,-1. Inapplicable,-1. Inapplicable
211626,ANES2024TimeSeries_20250808,KS,20,20241002,014957,20241002,041350,.,20241128,224538,20241129,014149,-1. Inapplicable,-1. Inapplicable
211638,ANES2024TimeSeries_20250808,MI,26,20241012,090858,20241012,095109,.,20241120,201947,20241120,212629,-1. Inapplicable,-1. Inapplicable
211650,ANES2024TimeSeries_20250808,MI,NA,.,NA,.,NA,20241031,.,NA,.,NA,-1. Inapplicable,-1. Inapplicable
211656,ANES2024TimeSeries_20250808,KS,20,20240814,181150,20240814,185809,.,20241118,164159,20241118,164207,-1. Inapplicable,-1. Inapplicable
211662,ANES2024TimeSeries_20250808,WI,55,20240813,143812,20240813,153430,.,20241114,161514,20241114,161522,-1. Inapplicable,-1. Inapplicable
211673,ANES2024TimeSeries_20250808,MI,26,20240812,195510,20240812,205525,.,.,NA,.,NA,-1. Inapplicable,-1. Inapplicable
211703,ANES2024TimeSeries_20250808,MI,26,20240920,183120,20240920,193922,.,20241121,191104,20241130,215248,-1. Inapplicable,-1. Inapplicable
211739,ANES2024TimeSeries_20250808,NE,31,20240902,102345,20240927,202416,.,20241129,085621,20241129,093906,-1. Inapplicable,-1. Inapplicable
211745,ANES2024TimeSeries_20250808,MI,26,20240920,134100,20241013,115131,.,20241120,181330,20241120,194809,-1. Inapplicable,-1. Inapplicable
211810,ANES2024TimeSeries_20250808,IA,19,20240829,113900,20240829,132349,.,20241231,174053,.,-1,-1. Inapplicable,-1. Inapplicable
211822,ANES2024TimeSeries_20250808,MN,NA,.,NA,.,NA,20241029,.,NA,.,NA,-1. Inapplicable,-1. Inapplicable
211828,ANES2024TimeSeries_20250808,NE,31,20240909,193900,20240909,202318,.,20241203,160749,20250131,164055,-1. Inapplicable,-1. Inapplicable
211834,ANES2024TimeSeries_20250808,KS,20,20240819,203942,20240819,223512,.,20241119,220531,20241119,220542,-1. Inapplicable,-1. Inapplicable
211840,ANES2024TimeSeries_20250808,IN,18,20240817,212723,20240818,013114,.,20241215,213447,20241216,010659,-1. Inapplicable,-1. Inapplicable
211852,ANES2024TimeSeries_20250808,KS,20,20240827,124245,20240827,131616,.,20250117,110249,20250117,120852,-1. Inapplicable,-1. Inapplicable
211858,ANES2024TimeSeries_20250808,MN,27,20240814,135620,20240814,151431,.,.,NA,.,NA,-1. Inapplicable,-1. Inapplicable
211876,ANES2024TimeSeries_20250808,MI,26,20240812,154439,20241018,135231,.,20241122,162915,20241122,232756,-1. Inapplicable,-1. Inapplicable
211887,ANES2024TimeSeries_20250808,WI,55,20240814,195137,20240814,214101,.,20241122,161408,20241122,180548,-1. Inapplicable,-1. Inapplicable
211905,ANES2024TimeSeries_20250808,MN,27,20240831,080234,20240831,095349,.,20241126,173858,20241205,114733,-1. Inapplicable,-1. Inapplicable
211911,ANES2024TimeSeries_20250808,MN,27,20240815,201225,20240815,213642,.,20241202,122325,20241202,134627,-1. Inapplicable,-1. Inapplicable
211923,ANES2024TimeSeries_20250808,MN,NA,.,NA,.,NA,20241029,.,NA,.,NA,-1. Inapplicable,-1. Inapplicable
211929,ANES2024TimeSeries_20250808,MI,26,20240814,151332,20240814,161627,.,20241115,103749,20241115,103800,-1. Inapplicable,-1. Inapplicable
211941,ANES2024TimeSeries_20250808,MI,26,20240814,083524,20240814,094043,.,20241231,082535,20241231,093754,-1. Inapplicable,-1. Inapplicable
211947,ANES2024TimeSeries_20250808,MI,26,20240816,175832,20240816,184521,.,20241226,210049,20241226,221016,-1. Inapplicable,-1. Inapplicable
211958,ANES2024TimeSeries_20250808,KS,20,20240924,115051,20240924,123558,.,20241203,154713,20241203,164826,-1. Inapplicable,-1. Inapplicable
211964,ANES2024TimeSeries_20250808,MI,26,20241027,140714,20241027,161644,.,.,NA,.,NA,-1. Inapplicable,-1. Inapplicable
211982,ANES2024TimeSeries_20250808,IN,18,20240814,153409,20240818,165937,.,20241231,173937,20241231,190404,-1. Inapplicable,-1. Inapplicable
211994,ANES2024TimeSeries_20250808,MO,29,20240815,005110,20240815,102124,.,20241218,014842,20241218,025014,-1. Inapplicable,-1. Inapplicable
212006,ANES2024TimeSeries_20250808,WI,55,20240910,085541,20240910,094704,.,20241231,220650,20250101,000156,-1. Inapplicable,-1. Inapplicable
212018,ANES2024TimeSeries_20250808,MN,27,20240812,191003,20240812,201819,.,20241230,201342,.,-1,-1. Inapplicable,-1. Inapplicable
212036,ANES2024TimeSeries_20250808,IL,NA,.,NA,.,NA,20241025,.,NA,.,NA,-1. Inapplicable,-1. Inapplicable
212042,ANES2024TimeSeries_20250808,IL,NA,.,NA,.,NA,20241103,.,NA,.,NA,-1. Inapplicable,-1. Inapplicable
212072,ANES2024TimeSeries_20250808,IN,18,20240813,191011,20240813,195641,.,20241223,193230,20250115,202546,-1. Inapplicable,-1. Inapplicable
212113,ANES2024TimeSeries_20250808,KS,20,20240814,184808,20240814,193338,.,20241114,205402,20241114,205413,-1. Inapplicable,-1. Inapplicable
212125,ANES2024TimeSeries_20250808,MO,29,20240820,152952,20240820,162204,.,20241125,150118,20241125,160747,-1. Inapplicable,-1. Inapplicable
212149,ANES2024TimeSeries_20250808,OH,39,20240819,194323,20240921,145642,.,20241114,062547,20241114,062554,-1. Inapplicable,-1. Inapplicable
212167,ANES2024TimeSeries_20250808,OH,39,20240924,120154,20240926,053908,.,20241127,155048,20241127,220715,-1. Inapplicable,-1. Inapplicable
212178,ANES2024TimeSeries_20250808,WI,55,20240814,200915,.,-1,.,.,NA,.,NA,-1. Inapplicable,-1. Inapplicable
212191,ANES2024TimeSeries_20250808,IL,17,20240818,105230,20240818,114220,.,20241124,162048,20241124,165520,-1. Inapplicable,-1. Inapplicable
212202,ANES2024TimeSeries_20250808,KS,20,20240819,100517,.,-1,.,20241205,184413,20241205,194548,-1. Inapplicable,-1. Inapplicable
212214,ANES2024TimeSeries_20250808,OH,39,20240823,152030,20240926,135242,.,20241126,171654,20241216,174842,-1. Inapplicable,-1. Inapplicable
212220,ANES2024TimeSeries_20250808,IN,18,20240813,160650,20240813,170119,.,.,NA,.,NA,-1. Inapplicable,-1. Inapplicable
212225,ANES2024TimeSeries_20250808,IN,18,20240920,144147,20240920,161158,.,20241210,153934,20241210,165703,-1. Inapplicable,-1. Inapplicable
212237,ANES2024TimeSeries_20250808,IN,18,20240816,111617,20240816,122035,.,20250131,131736,20250131,141200,-1. Inapplicable,-1. Inapplicable
212260,ANES2024TimeSeries_20250808,IA,19,20240814,174837,20240814,183608,.,.,NA,.,NA,-1. Inapplicable,-1. Inapplicable
212271,ANES2024TimeSeries_20250808,KS,NA,.,NA,.,NA,20241102,.,NA,.,NA,-1. Inapplicable,-1. Inapplicable
212289,ANES2024TimeSeries_20250808,MI,26,20240921,143716,20240921,153056,.,20241204,223143,20241205,073731,-1. Inapplicable,-1. Inapplicable
212294,ANES2024TimeSeries_20250808,OH,39,20240909,163421,20240909,175625,.,20241123,125725,20241123,141424,-1. Inapplicable,-1. Inapplicable
212300,ANES2024TimeSeries_20250808,MO,29,20240828,212438,20240828,225939,.,20250116,232104,20250117,003856,-1. Inapplicable,-1. Inapplicable
212318,ANES2024TimeSeries_20250808,KS,20,20240829,150144,20240922,212115,.,20250115,183352,20250207,171339,-1. Inapplicable,-1. Inapplicable
212359,ANES2024TimeSeries_20250808,IN,18,20240821,095523,20240821,110942,.,20241212,131439,20241212,145504,-1. Inapplicable,-1. Inapplicable
212370,ANES2024TimeSeries_20250808,MO,29,20240819,175041,20240819,183828,.,20241128,143214,20241128,162254,-1. Inapplicable,-1. Inapplicable
212382,ANES2024TimeSeries_20250808,KS,20,20240813,200858,20240813,205336,.,20241203,214007,20241203,222808,-1. Inapplicable,-1. Inapplicable
212388,ANES2024TimeSeries_20250808,OH,39,20240814,112652,20240814,121611,.,20241114,051847,20241114,051852,-1. Inapplicable,-1. Inapplicable
212394,ANES2024TimeSeries_20250808,OH,39,20240812,150014,20240812,154401,.,20241231,131303,20241231,140414,-1. Inapplicable,-1. Inapplicable
212400,ANES2024TimeSeries_20250808,IN,18,20240813,180005,20240813,185155,.,20241129,145233,20241129,165401,-1. Inapplicable,-1. Inapplicable
212405,ANES2024TimeSeries_20250808,IL,17,20240813,152732,20240813,155630,.,20241119,170248,20241119,170258,-1. Inapplicable,-1. Inapplicable
212411,ANES2024TimeSeries_20250808,KS,20,20240814,164209,20240814,175646,.,20241126,182810,20241126,192249,-1. Inapplicable,-1. Inapplicable
212417,ANES2024TimeSeries_20250808,IN,18,20240813,201157,20240813,222155,.,20241218,175247,20241219,032641,-1. Inapplicable,-1. Inapplicable
212423,ANES2024TimeSeries_20250808,IA,19,20240812,153509,20240812,170414,.,.,NA,.,NA,-1. Inapplicable,-1. Inapplicable
212429,ANES2024TimeSeries_20250808,OH,39,20240826,163909,20240826,180102,.,20250117,073141,20250117,090334,-1. Inapplicable,-1. Inapplicable
212435,ANES2024TimeSeries_20250808,KS,NA,.,NA,.,NA,20241027,.,NA,.,NA,-1. Inapplicable,-1. Inapplicable
212441,ANES2024TimeSeries_20250808,IN,18,20240818,194351,20240818,203100,.,20241119,084428,20241119,084443,-1. Inapplicable,-1. Inapplicable
212463,ANES2024TimeSeries_20250808,IL,17,20240923,210133,20240923,213531,.,20241223,111801,20241223,114848,-1. Inapplicable,-1. Inapplicable
212475,ANES2024TimeSeries_20250808,IN,18,20241015,195905,20241015,210619,.,20241120,215800,20241120,231113,-1. Inapplicable,-1. Inapplicable
212481,ANES2024TimeSeries_20250808,IL,17,20240909,152420,20240909,183152,.,20250103,205912,20250107,010316,-1. Inapplicable,-1. Inapplicable
212487,ANES2024TimeSeries_20250808,IN,18,20240813,140242,20240813,153046,.,20241122,173622,20241122,185331,-1. Inapplicable,-1. Inapplicable
212493,ANES2024TimeSeries_20250808,KS,20,20240819,204118,20240819,213253,.,20241201,141604,20241201,151350,-1. Inapplicable,-1. Inapplicable
212498,ANES2024TimeSeries_20250808,SD,46,20240921,155718,20240921,164330,.,20241203,140830,20241203,150711,-1. Inapplicable,-1. Inapplicable
212504,ANES2024TimeSeries_20250808,IN,18,20240812,191634,20240812,214926,.,20241122,194457,20241122,204729,-1. Inapplicable,-1. Inapplicable
212510,ANES2024TimeSeries_20250808,OH,39,20240916,191438,20240916,201151,.,20241120,185130,20241120,193202,-1. Inapplicable,-1. Inapplicable
212534,ANES2024TimeSeries_20250808,KS,20,20240817,143239,20240817,155310,.,20241122,222442,20241122,232257,-1. Inapplicable,-1. Inapplicable
212540,ANES2024TimeSeries_20250808,MI,26,20240823,183314,20240829,075604,.,20250117,095718,20250117,112012,-1. Inapplicable,-1. Inapplicable
212552,ANES2024TimeSeries_20250808,MI,NA,.,NA,.,NA,20241030,.,NA,.,NA,-1. Inapplicable,-1. Inapplicable
212558,ANES2024TimeSeries_20250808,WI,55,20240819,144110,20240819,162122,.,20241231,120953,20241231,141411,-1. Inapplicable,-1. Inapplicable
212564,ANES2024TimeSeries_20250808,MO,29,20240815,111558,20240815,133347,.,20241121,151434,20241121,182626,-1. Inapplicable,-1. Inapplicable
212570,ANES2024TimeSeries_20250808,IN,18,20240813,192537,20240813,212806,.,20241202,100703,20241202,104957,-1. Inapplicable,-1. Inapplicable
212581,ANES2024TimeSeries_20250808,MO,29,20240904,175529,20240904,185917,.,.,NA,.,NA,-1. Inapplicable,-1. Inapplicable
212587,ANES2024TimeSeries_20250808,KS,20,20240824,092852,20240926,084319,.,20241130,201229,20241130,215212,-1. Inapplicable,-1. Inapplicable
212599,ANES2024TimeSeries_20250808,KS,20,20240813,185129,20240813,195051,.,20241229,182708,20241229,192437,-1. Inapplicable,-1. Inapplicable
212611,ANES2024TimeSeries_20250808,IN,NA,.,NA,.,NA,20241027,.,NA,.,NA,-1. Inapplicable,-1. Inapplicable
212670,ANES2024TimeSeries_20250808,MN,27,20240922,195148,20240922,213020,.,20241120,183909,20241120,200913,-1. Inapplicable,-1. Inapplicable
212687,ANES2024TimeSeries_20250808,OH,39,20240814,142823,20240814,154029,.,20241119,093912,20241119,093929,-1. Inapplicable,-1. Inapplicable
212699,ANES2024TimeSeries_20250808,OH,39,20240814,122438,20240815,200436,.,20241119,210354,20241119,210411,-1. Inapplicable,-1. Inapplicable
212711,ANES2024TimeSeries_20250808,OH,39,20240826,160941,20240826,180206,.,20241125,130248,20241125,135007,-1. Inapplicable,-1. Inapplicable
212729,ANES2024TimeSeries_20250808,SD,46,20241002,142500,20241002,151828,.,20241230,130846,.,-1,-1. Inapplicable,-1. Inapplicable
212747,ANES2024TimeSeries_20250808,WI,55,20241021,133954,20241023,161915,.,20241212,123808,20241212,125854,-1. Inapplicable,-1. Inapplicable
212753,ANES2024TimeSeries_20250808,WI,55,20240817,213519,20240821,201635,.,20241122,131118,20241122,141457,-1. Inapplicable,-1. Inapplicable
212783,ANES2024TimeSeries_20250808,IL,17,20240812,180921,20240814,152938,.,20241120,005103,20241120,005131,-1. Inapplicable,-1. Inapplicable
212817,ANES2024TimeSeries_20250808,IA,19,20240813,165509,20240813,175326,.,.,NA,.,NA,-1. Inapplicable,-1. Inapplicable
212823,ANES2024TimeSeries_20250808,WI,55,20240819,182607,20240819,201700,.,20241212,130923,20241212,161914,-1. Inapplicable,-1. Inapplicable
212842,ANES2024TimeSeries_20250808,IA,19,20240813,144216,20241015,143527,.,20241125,143556,20241125,154749,-1. Inapplicable,-1. Inapplicable
212860,ANES2024TimeSeries_20250808,IL,17,20240906,115831,20240906,125100,.,.,NA,.,NA,-1. Inapplicable,-1. Inapplicable
212866,ANES2024TimeSeries_20250808,MI,26,20240828,075234,20240828,085042,.,20241130,153105,20241130,161831,-1. Inapplicable,-1. Inapplicable
212872,ANES2024TimeSeries_20250808,WI,55,20240819,152016,20240819,172910,.,20250205,084717,20250205,093244,-1. Inapplicable,-1. Inapplicable
212884,ANES2024TimeSeries_20250808,WI,55,20240924,215556,20240924,234543,.,20250204,140651,20250204,152143,-1. Inapplicable,-1. Inapplicable
212902,ANES2024TimeSeries_20250808,WI,NA,.,NA,.,NA,20241031,.,NA,.,NA,-1. Inapplicable,-1. Inapplicable
212908,ANES2024TimeSeries_20250808,IL,17,20240919,074149,20240919,104420,.,.,NA,.,NA,-1. Inapplicable,-1. Inapplicable
212932,ANES2024TimeSeries_20250808,IA,19,20240815,085025,20240815,092254,.,20241118,075411,20241118,075419,-1. Inapplicable,-1. Inapplicable
212950,ANES2024TimeSeries_20250808,MI,26,20240813,183854,20240813,232728,.,20241126,194759,20241126,204440,-1. Inapplicable,-1. Inapplicable
212956,ANES2024TimeSeries_20250808,OH,39,20240826,165012,20240829,130458,.,20241125,205216,20241125,213706,-1. Inapplicable,-1. Inapplicable
212968,ANES2024TimeSeries_20250808,WI,55,20240821,163735,20240821,172341,.,20241114,142130,20241114,142140,-1. Inapplicable,-1. Inapplicable
212980,ANES2024TimeSeries_20250808,OH,39,20240813,190922,20240813,194808,.,20241125,195311,20241125,203245,-1. Inapplicable,-1. Inapplicable
212998,ANES2024TimeSeries_20250808,WI,55,20240829,105944,20240829,121221,.,20241205,153406,20241205,204912,-1. Inapplicable,-1. Inapplicable
213012,ANES2024TimeSeries_20250808,MI,26,20240822,140136,20240822,145546,.,20241122,100530,20241122,104802,-1. Inapplicable,-1. Inapplicable
213018,ANES2024TimeSeries_20250808,MN,NA,.,NA,.,NA,20241028,.,NA,.,NA,-1. Inapplicable,-1. Inapplicable
213024,ANES2024TimeSeries_20250808,OH,39,20240817,194817,20240817,210804,.,20241114,055428,20241114,055439,-1. Inapplicable,-1. Inapplicable
213053,ANES2024TimeSeries_20250808,WI,55,20240822,210628,20240914,192217,.,20241215,183019,20241215,210118,-1. Inapplicable,-1. Inapplicable
213059,ANES2024TimeSeries_20250808,OH,39,20240920,161451,20240920,170742,.,20241114,102338,20241114,102350,-1. Inapplicable,-1. Inapplicable
213083,ANES2024TimeSeries_20250808,MI,26,20240813,162842,20240813,181232,.,20250217,103033,20250217,123541,-1. Inapplicable,-1. Inapplicable
213094,ANES2024TimeSeries_20250808,IL,17,20240816,082352,20240816,101108,.,20241220,181954,.,-1,-1. Inapplicable,-1. Inapplicable
213100,ANES2024TimeSeries_20250808,MN,27,20240909,214041,20240909,231300,.,20250116,143034,20250116,152951,-1. Inapplicable,-1. Inapplicable
213124,ANES2024TimeSeries_20250808,SD,46,20240822,233033,20240823,003338,.,20241128,151603,20241129,112028,-1. Inapplicable,-1. Inapplicable
213130,ANES2024TimeSeries_20250808,MN,NA,.,NA,.,NA,20241029,.,NA,.,NA,-1. Inapplicable,-1. Inapplicable
213135,ANES2024TimeSeries_20250808,OH,39,20240823,205951,20240823,221743,.,20241226,151451,20241226,160709,-1. Inapplicable,-1. Inapplicable
213147,ANES2024TimeSeries_20250808,SD,46,20240813,204945,20240813,223439,.,20250113,215102,20250113,233927,-1. Inapplicable,-1. Inapplicable
213159,ANES2024TimeSeries_20250808,OH,39,20240812,110456,20240909,151256,.,20241204,212245,.,-1,-1. Inapplicable,-1. Inapplicable
213182,ANES2024TimeSeries_20250808,WI,55,20240820,210215,20240820,235353,.,20241226,181243,20241226,225923,-1. Inapplicable,-1. Inapplicable
213188,ANES2024TimeSeries_20250808,WI,55,20240910,203651,20240921,174832,.,.,NA,.,NA,-1. Inapplicable,-1. Inapplicable
213201,ANES2024TimeSeries_20250808,IA,19,20240818,180228,20240818,185909,.,20241130,132241,20241130,142319,-1. Inapplicable,-1. Inapplicable
213206,ANES2024TimeSeries_20250808,MI,26,20241012,143937,20241012,152750,.,20241122,163706,.,-1,-1. Inapplicable,-1. Inapplicable
213212,ANES2024TimeSeries_20250808,MI,26,20240816,133331,20240816,141304,.,20250209,083740,20250209,093313,-1. Inapplicable,-1. Inapplicable
213218,ANES2024TimeSeries_20250808,MI,26,20241010,104537,20241010,113905,.,.,NA,.,NA,-1. Inapplicable,-1. Inapplicable
213259,ANES2024TimeSeries_20250808,MN,27,20240813,192809,20240813,203208,.,20250210,162637,20250210,180316,-1. Inapplicable,-1. Inapplicable
213294,ANES2024TimeSeries_20250808,WI,55,20240812,234430,20240813,024700,.,20241123,015025,20241123,030937,-1. Inapplicable,-1. Inapplicable
213300,ANES2024TimeSeries_20250808,WI,55,20240814,142625,20240814,153238,.,20241205,133259,20241205,142953,-1. Inapplicable,-1. Inapplicable
213345,ANES2024TimeSeries_20250808,MI,26,20240814,053442,20240930,071143,.,20241119,080943,20241119,080959,-1. Inapplicable,-1. Inapplicable
213381,ANES2024TimeSeries_20250808,MN,27,20240830,102317,20240830,120552,.,.,NA,.,NA,-1. Inapplicable,-1. Inapplicable
213387,ANES2024TimeSeries_20250808,MI,26,20241020,090519,20241020,093049,.,20241119,095322,20241119,095331,-1. Inapplicable,-1. Inapplicable
213399,ANES2024TimeSeries_20250808,WI,55,20240812,202123,20240812,204814,.,20241127,124018,.,-1,-1. Inapplicable,-1. Inapplicable
213429,ANES2024TimeSeries_20250808,OH,39,20241027,200250,20241027,205736,.,20241224,151912,20241224,165027,-1. Inapplicable,-1. Inapplicable
213435,ANES2024TimeSeries_20250808,OH,39,20240923,190631,20240923,200801,.,20241210,111451,20241210,120347,-1. Inapplicable,-1. Inapplicable
213447,ANES2024TimeSeries_20250808,OH,39,20241028,132036,.,-1,.,20241203,165128,20241203,185403,-1. Inapplicable,-1. Inapplicable
213453,ANES2024TimeSeries_20250808,MN,27,20240815,073544,20240815,084441,.,20241121,101333,20241121,112949,-1. Inapplicable,-1. Inapplicable
213471,ANES2024TimeSeries_20250808,MI,26,20240909,133722,20240909,145618,.,20241118,215321,20241118,215332,-1. Inapplicable,-1. Inapplicable
213477,ANES2024TimeSeries_20250808,WI,55,20240922,090321,20240922,095318,.,20241114,195407,20241114,195448,-1. Inapplicable,-1. Inapplicable
213489,ANES2024TimeSeries_20250808,MI,26,20240814,065123,20240814,085334,.,.,NA,.,NA,-1. Inapplicable,-1. Inapplicable
213507,ANES2024TimeSeries_20250808,MO,29,20240813,165751,20240813,211810,.,20241124,130553,20241203,161727,-1. Inapplicable,-1. Inapplicable
213512,ANES2024TimeSeries_20250808,MI,26,20241016,214932,20241016,230724,.,.,NA,.,NA,-1. Inapplicable,-1. Inapplicable
213524,ANES2024TimeSeries_20250808,MO,29,20240814,215500,20240814,224829,.,20241114,072158,20241114,072207,-1. Inapplicable,-1. Inapplicable
213530,ANES2024TimeSeries_20250808,MI,26,20240814,194036,20240814,210306,.,20241127,194447,20241127,211003,-1. Inapplicable,-1. Inapplicable
213536,ANES2024TimeSeries_20250808,MI,26,20240813,172338,20240813,181820,.,20241125,205434,20241125,214725,-1. Inapplicable,-1. Inapplicable
213542,ANES2024TimeSeries_20250808,IN,18,20240819,233758,20240820,002037,.,20241119,075547,20241119,075556,-1. Inapplicable,-1. Inapplicable
213560,ANES2024TimeSeries_20250808,WI,55,20240827,184128,20240827,195339,.,20241118,072837,20241118,072846,-1. Inapplicable,-1. Inapplicable
213572,ANES2024TimeSeries_20250808,OH,39,20240816,095746,20240816,105813,.,20241229,130731,.,-1,-1. Inapplicable,-1. Inapplicable
213578,ANES2024TimeSeries_20250808,MN,27,20240926,193349,20240926,202836,.,20250125,155926,20250125,165528,-1. Inapplicable,-1. Inapplicable
213595,ANES2024TimeSeries_20250808,MN,27,20240823,181922,20240823,192622,.,20241201,132102,20241201,151448,-1. Inapplicable,-1. Inapplicable
213601,ANES2024TimeSeries_20250808,MN,27,20240822,005734,20240822,022357,.,20241120,215901,20241124,014707,-1. Inapplicable,-1. Inapplicable
213607,ANES2024TimeSeries_20250808,WI,55,20240813,000408,20240813,013148,.,20241119,145016,20241119,145030,-1. Inapplicable,-1. Inapplicable
213631,ANES2024TimeSeries_20250808,WI,55,20240818,193902,20240818,232810,.,20241230,174112,20241230,182408,-1. Inapplicable,-1. Inapplicable
213643,ANES2024TimeSeries_20250808,WI,55,20240827,154600,20240827,165838,.,20241120,103028,20241120,103039,-1. Inapplicable,-1. Inapplicable
213649,ANES2024TimeSeries_20250808,MN,27,20240814,110002,20240814,150915,.,20241130,162309,20241130,184022,-1. Inapplicable,-1. Inapplicable
213655,ANES2024TimeSeries_20250808,OH,39,20240824,062754,20240825,194010,.,20241121,073550,20241121,083527,-1. Inapplicable,-1. Inapplicable
213660,ANES2024TimeSeries_20250808,MN,27,20240813,142621,20240813,160817,.,20241114,122911,20241114,122921,-1. Inapplicable,-1. Inapplicable
213666,ANES2024TimeSeries_20250808,OH,39,20240828,173748,20240828,191407,.,20241204,134056,20241204,145235,-1. Inapplicable,-1. Inapplicable
213672,ANES2024TimeSeries_20250808,MN,27,20241009,123859,20241009,131521,.,20241204,163411,20241204,175011,-1. Inapplicable,-1. Inapplicable
213684,ANES2024TimeSeries_20250808,MI,26,20240824,131100,20240909,155833,.,.,NA,.,NA,-1. Inapplicable,-1. Inapplicable
213690,ANES2024TimeSeries_20250808,WI,55,20240814,135754,20240814,145854,.,20241215,222512,20241215,233221,-1. Inapplicable,-1. Inapplicable
213696,ANES2024TimeSeries_20250808,WI,55,20240813,093454,20240824,201335,.,20241115,123822,20241115,123830,-1. Inapplicable,-1. Inapplicable
213702,ANES2024TimeSeries_20250808,WI,55,20240920,164854,20240920,173736,.,.,NA,.,NA,-1. Inapplicable,-1. Inapplicable
213708,ANES2024TimeSeries_20250808,WI,55,20240828,155815,20240828,174313,.,20241119,115627,20241119,115651,-1. Inapplicable,-1. Inapplicable
213720,ANES2024TimeSeries_20250808,MO,29,20241018,093350,20241018,111445,.,20241124,101649,20241124,111619,-1. Inapplicable,-1. Inapplicable
213725,ANES2024TimeSeries_20250808,MI,26,20240823,133400,20240823,143228,.,20241120,111028,20241120,111619,-1. Inapplicable,-1. Inapplicable
213731,ANES2024TimeSeries_20250808,MO,29,20240814,170626,20240814,181329,.,20241130,151415,20241130,161908,-1. Inapplicable,-1. Inapplicable
213743,ANES2024TimeSeries_20250808,OH,NA,.,NA,.,NA,20241027,.,NA,.,NA,-1. Inapplicable,-1. Inapplicable
213749,ANES2024TimeSeries_20250808,MO,29,20240814,205232,20240814,223818,.,20241115,153039,20241115,153105,-1. Inapplicable,-1. Inapplicable
213755,ANES2024TimeSeries_20250808,WI,55,20240813,191940,20240813,224806,.,20241206,175821,20241206,185912,-1. Inapplicable,-1. Inapplicable
213779,ANES2024TimeSeries_20250808,WI,55,20240910,163802,20240910,180513,.,.,NA,.,NA,-1. Inapplicable,-1. Inapplicable
213785,ANES2024TimeSeries_20250808,WI,55,20240911,120613,20240911,132408,.,.,NA,.,NA,-1. Inapplicable,-1. Inapplicable
213791,ANES2024TimeSeries_20250808,WI,55,20240817,110334,20240817,132253,.,20241128,130606,20241128,155709,-1. Inapplicable,-1. Inapplicable
213798,ANES2024TimeSeries_20250808,IL,17,20240812,133735,20240812,155530,.,20241125,133742,20241125,141456,-1. Inapplicable,-1. Inapplicable
213822,ANES2024TimeSeries_20250808,IN,18,20240813,173353,20240814,184802,.,20241121,110942,20241204,144741,-1. Inapplicable,-1. Inapplicable
213828,ANES2024TimeSeries_20250808,IN,18,20240909,135957,20240909,144400,.,20250210,100400,20250210,104838,-1. Inapplicable,-1. Inapplicable
213834,ANES2024TimeSeries_20250808,IN,18,20240820,203044,20240820,211252,.,20241121,081716,20241121,090044,-1. Inapplicable,-1. Inapplicable
213845,ANES2024TimeSeries_20250808,IN,18,20240812,231503,20240813,002553,.,20241120,205844,20241120,225218,-1. Inapplicable,-1. Inapplicable
213869,ANES2024TimeSeries_20250808,KS,20,20240820,184232,20240820,190128,.,20250130,123820,20250130,125739,-1. Inapplicable,-1. Inapplicable
213875,ANES2024TimeSeries_20250808,MO,29,20240826,145544,20241012,231829,.,20241220,165501,20241229,001327,-1. Inapplicable,-1. Inapplicable
213893,ANES2024TimeSeries_20250808,MO,29,20241026,115439,20241026,133648,.,20241231,204931,20241231,222404,-1. Inapplicable,-1. Inapplicable
213899,ANES2024TimeSeries_20250808,MO,29,20241012,104230,20241012,111606,.,20241126,101710,20241126,112348,-1. Inapplicable,-1. Inapplicable
213916,ANES2024TimeSeries_20250808,ND,38,20240825,112318,20240913,192237,.,20250121,143618,20250121,153827,-1. Inapplicable,-1. Inapplicable
213922,ANES2024TimeSeries_20250808,OH,39,20240813,112621,20240813,155013,.,20241128,104518,20241128,113430,-1. Inapplicable,-1. Inapplicable
213928,ANES2024TimeSeries_20250808,OH,39,20240814,175642,.,-1,.,20241201,193659,20241202,084646,-1. Inapplicable,-1. Inapplicable
213952,ANES2024TimeSeries_20250808,OH,39,20240816,183331,20240816,190652,.,20241203,214028,20241205,184653,-1. Inapplicable,-1. Inapplicable
213974,ANES2024TimeSeries_20250808,IL,17,20240925,170214,20240925,183001,.,20241114,143038,20241114,143049,-1. Inapplicable,-1. Inapplicable
213997,ANES2024TimeSeries_20250808,IN,18,20240813,204255,20240813,213409,.,20241124,145256,20241124,152117,-1. Inapplicable,-1. Inapplicable
214003,ANES2024TimeSeries_20250808,OH,39,20240812,135959,20240812,145633,.,20241121,120837,20241121,131433,-1. Inapplicable,-1. Inapplicable
214008,ANES2024TimeSeries_20250808,IN,NA,.,NA,.,NA,20241030,.,NA,.,NA,-1. Inapplicable,-1. Inapplicable
214020,ANES2024TimeSeries_20250808,MO,29,20240820,124220,20240820,135121,.,20241202,125007,20241202,135316,-1. Inapplicable,-1. Inapplicable
214026,ANES2024TimeSeries_20250808,NE,31,20240817,121515,20240817,130952,.,20241220,152610,20241220,173354,-1. Inapplicable,-1. Inapplicable
214031,ANES2024TimeSeries_20250808,IN,NA,.,NA,.,NA,20241026,.,NA,.,NA,-1. Inapplicable,-1. Inapplicable
214037,ANES2024TimeSeries_20250808,IN,18,20240820,211748,20240820,232953,.,20241227,164622,20241227,181755,-1. Inapplicable,-1. Inapplicable
214054,ANES2024TimeSeries_20250808,MO,29,20240825,091730,20240825,095845,.,20250119,112812,20250120,110311,-1. Inapplicable,-1. Inapplicable
214063,ANES2024TimeSeries_20250808,IN,18,20240813,180933,20240813,190726,.,20241114,165155,20241114,165210,-1. Inapplicable,-1. Inapplicable
214069,ANES2024TimeSeries_20250808,IN,18,20240921,184743,20240921,195450,.,20241124,165247,20241124,180442,-1. Inapplicable,-1. Inapplicable
214075,ANES2024TimeSeries_20250808,IN,18,20240815,123658,20240815,133503,.,20241119,191138,20241119,191209,-1. Inapplicable,-1. Inapplicable
214086,ANES2024TimeSeries_20250808,MO,NA,.,NA,.,NA,20241029,.,NA,.,NA,-1. Inapplicable,-1. Inapplicable
214092,ANES2024TimeSeries_20250808,MO,29,20240813,151509,20240813,164617,.,20241218,113614,20241218,122208,-1. Inapplicable,-1. Inapplicable
214098,ANES2024TimeSeries_20250808,IN,18,20240818,163529,20241028,121457,.,20241115,132918,20241115,132928,-1. Inapplicable,-1. Inapplicable
214128,ANES2024TimeSeries_20250808,IN,18,20240821,104400,20240821,160954,.,20250115,143113,20250115,153136,-1. Inapplicable,-1. Inapplicable
214134,ANES2024TimeSeries_20250808,IN,18,20240818,172139,20240818,181945,.,20250128,174532,20250128,204858,-1. Inapplicable,-1. Inapplicable
214139,ANES2024TimeSeries_20250808,MO,29,20240928,173344,20240928,184229,.,20241130,165043,20241130,182029,-1. Inapplicable,-1. Inapplicable
214145,ANES2024TimeSeries_20250808,OH,NA,.,NA,.,NA,20241029,.,NA,.,NA,-1. Inapplicable,-1. Inapplicable
214163,ANES2024TimeSeries_20250808,IN,18,20240814,143759,20240814,160219,.,20241123,094105,20241127,153535,-1. Inapplicable,-1. Inapplicable
214175,ANES2024TimeSeries_20250808,IN,18,20240818,184730,20240818,205127,.,20241229,092640,20241229,111446,-1. Inapplicable,-1. Inapplicable
214187,ANES2024TimeSeries_20250808,IN,18,20240813,085014,20240813,094327,.,20241126,105325,.,-1,-1. Inapplicable,-1. Inapplicable
214193,ANES2024TimeSeries_20250808,OH,39,20240812,222246,20240812,233705,.,20241124,155607,20241124,173821,-1. Inapplicable,-1. Inapplicable
214204,ANES2024TimeSeries_20250808,OH,39,20240814,071554,20240816,155205,.,20241227,124853,20241227,134632,-1. Inapplicable,-1. Inapplicable
214216,ANES2024TimeSeries_20250808,MO,29,20240826,163234,20240826,181231,.,20241119,175031,20241119,175050,-1. Inapplicable,-1. Inapplicable
214228,ANES2024TimeSeries_20250808,MO,29,20240816,171533,20240909,191546,.,20241125,153121,20241125,161913,-1. Inapplicable,-1. Inapplicable
214234,ANES2024TimeSeries_20250808,MO,29,20240817,145547,20240817,160712,.,20241201,001400,20241201,012107,-1. Inapplicable,-1. Inapplicable
214243,ANES2024TimeSeries_20250808,IN,18,20240924,150130,20240924,160014,.,20241231,121824,20241231,130542,-1. Inapplicable,-1. Inapplicable
214249,ANES2024TimeSeries_20250808,IN,18,20240812,181353,20240908,100608,.,20241216,213144,20241216,234808,-1. Inapplicable,-1. Inapplicable
214255,ANES2024TimeSeries_20250808,OH,39,20240910,071930,20240910,122212,.,20241220,171208,20241220,225910,-1. Inapplicable,-1. Inapplicable
214267,ANES2024TimeSeries_20250808,OH,39,20240812,140859,20240812,144105,.,.,NA,.,NA,-1. Inapplicable,-1. Inapplicable
214273,ANES2024TimeSeries_20250808,IL,17,20240820,072159,20240820,082347,.,20241211,101631,20241229,103300,-1. Inapplicable,-1. Inapplicable
214278,ANES2024TimeSeries_20250808,ND,38,20240813,213533,20240826,155629,.,.,NA,.,NA,-1. Inapplicable,-1. Inapplicable
214296,ANES2024TimeSeries_20250808,OH,39,20240813,160858,20240814,134835,.,20241121,124740,20250210,124725,-1. Inapplicable,-1. Inapplicable
214314,ANES2024TimeSeries_20250808,MO,29,20240909,165829,20240909,182556,.,.,NA,.,NA,-1. Inapplicable,-1. Inapplicable
214319,ANES2024TimeSeries_20250808,MO,29,20241001,174810,20241012,184917,.,20250117,133156,20250117,151514,-1. Inapplicable,-1. Inapplicable
214337,ANES2024TimeSeries_20250808,MO,29,20240823,212845,20240823,230519,.,20241127,211323,20241127,225627,-1. Inapplicable,-1. Inapplicable
214343,ANES2024TimeSeries_20250808,MO,NA,.,NA,.,NA,20241028,.,NA,.,NA,-1. Inapplicable,-1. Inapplicable
214355,ANES2024TimeSeries_20250808,KS,20,20240910,092552,20240910,105125,.,20241201,153213,20241201,163631,-1. Inapplicable,-1. Inapplicable
214370,ANES2024TimeSeries_20250808,IL,NA,.,NA,.,NA,20241027,.,NA,.,NA,-1. Inapplicable,-1. Inapplicable
214428,ANES2024TimeSeries_20250808,MO,29,20240815,195558,20240815,203111,.,20250115,200347,20250115,203508,-1. Inapplicable,-1. Inapplicable
214451,ANES2024TimeSeries_20250808,NE,31,20240820,144801,20240820,160740,.,20241126,204219,20241126,221357,-1. Inapplicable,-1. Inapplicable
214486,ANES2024TimeSeries_20250808,OH,39,20240819,122641,20240819,133707,.,20241116,194020,20241116,194033,-1. Inapplicable,-1. Inapplicable
214505,ANES2024TimeSeries_20250808,MO,29,20240814,134348,20240905,234508,.,20250108,020307,20250109,002508,-1. Inapplicable,-1. Inapplicable
214511,ANES2024TimeSeries_20250808,MO,29,20240827,131010,20240827,142230,.,20241123,210006,20241123,220621,-1. Inapplicable,-1. Inapplicable
214522,ANES2024TimeSeries_20250808,IN,18,20240831,090242,20240922,095243,.,20241125,180846,20241125,193511,-1. Inapplicable,-1. Inapplicable
214528,ANES2024TimeSeries_20250808,IL,NA,.,NA,.,NA,20241028,.,NA,.,NA,-1. Inapplicable,-1. Inapplicable
214534,ANES2024TimeSeries_20250808,OH,39,20240924,225509,20240924,233151,.,20241226,134904,20241226,141149,-1. Inapplicable,-1. Inapplicable
214582,ANES2024TimeSeries_20250808,ND,38,20240819,134946,20240819,143239,.,20250115,133039,20250115,142555,-1. Inapplicable,-1. Inapplicable
214588,ANES2024TimeSeries_20250808,IA,NA,.,NA,.,NA,20241025,.,NA,.,NA,-1. Inapplicable,-1. Inapplicable
214594,ANES2024TimeSeries_20250808,MO,29,20240816,174020,20240816,182121,.,20250115,153110,20250115,161104,-1. Inapplicable,-1. Inapplicable
214612,ANES2024TimeSeries_20250808,MO,29,20240820,152506,20240923,170432,.,20250115,165010,20250115,173401,-1. Inapplicable,-1. Inapplicable
214623,ANES2024TimeSeries_20250808,OH,39,20240818,104618,20240818,113536,.,.,NA,.,NA,-1. Inapplicable,-1. Inapplicable
214641,ANES2024TimeSeries_20250808,OH,39,20240816,154848,20240816,164227,.,20241120,170437,20241120,180217,-1. Inapplicable,-1. Inapplicable
214647,ANES2024TimeSeries_20250808,MO,29,20240912,131732,20240929,213752,.,20241210,164046,20241210,203713,-1. Inapplicable,-1. Inapplicable
214664,ANES2024TimeSeries_20250808,IN,18,20240827,233237,20241010,093738,.,20250101,163151,20250101,180228,-1. Inapplicable,-1. Inapplicable
214670,ANES2024TimeSeries_20250808,NE,31,20241004,175235,20241004,193433,.,20241216,161912,20241217,131204,-1. Inapplicable,-1. Inapplicable
214688,ANES2024TimeSeries_20250808,OH,39,20240812,145727,20240812,161024,.,20241114,140610,20241114,140621,-1. Inapplicable,-1. Inapplicable
214717,ANES2024TimeSeries_20250808,KS,20,20240927,183833,20240927,192538,.,.,NA,.,NA,-1. Inapplicable,-1. Inapplicable
214723,ANES2024TimeSeries_20250808,OH,39,20240812,154828,20240812,164240,.,20241125,093810,20241125,105616,-1. Inapplicable,-1. Inapplicable
214729,ANES2024TimeSeries_20250808,MO,29,20240821,084909,20240821,095247,.,20241127,172955,20241127,183533,-1. Inapplicable,-1. Inapplicable
214740,ANES2024TimeSeries_20250808,MI,26,20240818,091144,20240818,104500,.,20241205,161435,20241205,183502,-1. Inapplicable,-1. Inapplicable
214746,ANES2024TimeSeries_20250808,MO,29,20240923,200006,20240923,204321,.,20241230,162740,20250208,200830,-1. Inapplicable,-1. Inapplicable
214752,ANES2024TimeSeries_20250808,KS,20,20240812,140431,20240812,151227,.,20241121,091850,20241121,103311,-1. Inapplicable,-1. Inapplicable
214772,ANES2024TimeSeries_20250808,IA,19,20240910,164227,20240910,174405,.,20241201,122256,20241201,172120,-1. Inapplicable,-1. Inapplicable
214778,ANES2024TimeSeries_20250808,IL,17,20241009,161220,20241009,183239,.,20241202,200744,20241203,112946,-1. Inapplicable,-1. Inapplicable
214790,ANES2024TimeSeries_20250808,KS,20,20240813,145920,20240813,160643,.,20241204,155541,20241204,164917,-1. Inapplicable,-1. Inapplicable
214796,ANES2024TimeSeries_20250808,MO,29,20240828,143120,20240828,151904,.,20241204,130848,20241204,135826,-1. Inapplicable,-1. Inapplicable
214832,ANES2024TimeSeries_20250808,ND,38,20240812,135944,20240812,144822,.,20241203,152524,20241203,155914,-1. Inapplicable,-1. Inapplicable
214843,ANES2024TimeSeries_20250808,OH,39,20240828,194520,20240828,203233,.,20241202,124137,20241202,132007,-1. Inapplicable,-1. Inapplicable
214855,ANES2024TimeSeries_20250808,MO,29,20240821,205242,20240821,214458,.,20241207,173157,20241207,231928,-1. Inapplicable,-1. Inapplicable
214873,ANES2024TimeSeries_20250808,OH,39,20240813,094623,20240813,111428,.,20241222,121400,20241222,133036,-1. Inapplicable,-1. Inapplicable
214897,ANES2024TimeSeries_20250808,IN,18,20240928,141845,20240928,152541,.,20250117,231357,.,-1,-1. Inapplicable,-1. Inapplicable
214909,ANES2024TimeSeries_20250808,IL,NA,.,NA,.,NA,20241029,.,NA,.,NA,-1. Inapplicable,-1. Inapplicable
214915,ANES2024TimeSeries_20250808,OH,39,20240906,122757,20240906,132416,.,20250119,142241,20250119,151930,-1. Inapplicable,-1. Inapplicable
214920,ANES2024TimeSeries_20250808,MO,29,20240814,131353,20240814,140843,.,20241114,224553,20241114,224604,-1. Inapplicable,-1. Inapplicable
214932,ANES2024TimeSeries_20250808,IL,17,20240812,234949,20240813,001039,.,20241126,213827,20241126,221313,-1. Inapplicable,-1. Inapplicable
214950,ANES2024TimeSeries_20250808,KS,20,20240815,120115,20241001,154057,.,.,NA,.,NA,-1. Inapplicable,-1. Inapplicable
214962,ANES2024TimeSeries_20250808,MI,26,20240812,145039,20240812,153644,.,20241205,125216,20241205,133220,-1. Inapplicable,-1. Inapplicable
214968,ANES2024TimeSeries_20250808,MN,27,20240826,161917,20240826,172437,.,20250215,172129,20250215,190604,-1. Inapplicable,-1. Inapplicable
214986,ANES2024TimeSeries_20250808,MO,29,20240813,155947,20240813,185124,.,20241126,225556,20241203,235834,-1. Inapplicable,-1. Inapplicable
215003,ANES2024TimeSeries_20250808,ND,38,20240813,122006,20240813,131323,.,20241125,142254,20241125,150323,-1. Inapplicable,-1. Inapplicable
215015,ANES2024TimeSeries_20250808,OH,NA,.,NA,.,NA,20241030,.,NA,.,NA,-1. Inapplicable,-1. Inapplicable
215033,ANES2024TimeSeries_20250808,OH,39,20240921,161343,20240921,173410,.,20250117,172250,20250119,113910,-1. Inapplicable,-1. Inapplicable
215045,ANES2024TimeSeries_20250808,WI,55,20240812,133739,20240916,154248,.,20241126,201558,20241126,205706,-1. Inapplicable,-1. Inapplicable
215057,ANES2024TimeSeries_20250808,OH,39,20240819,115312,20240819,125545,.,.,NA,.,NA,-1. Inapplicable,-1. Inapplicable
215091,ANES2024TimeSeries_20250808,OH,39,20241016,192839,20241016,204355,.,20241125,210442,20241125,224535,-1. Inapplicable,-1. Inapplicable
215114,ANES2024TimeSeries_20250808,MO,29,20240818,004012,20240818,012933,.,20250131,143126,20250131,151248,-1. Inapplicable,-1. Inapplicable
215120,ANES2024TimeSeries_20250808,MN,27,20240814,143850,20240817,135154,.,20241120,165535,20241120,183055,-1. Inapplicable,-1. Inapplicable
215137,ANES2024TimeSeries_20250808,MN,27,20240820,183429,20240820,192929,.,20250117,155755,20250117,170911,-1. Inapplicable,-1. Inapplicable
215155,ANES2024TimeSeries_20250808,IL,17,20240813,201935,20240813,213504,.,20241126,122531,20241126,130647,-1. Inapplicable,-1. Inapplicable
215185,ANES2024TimeSeries_20250808,MI,26,20241014,215940,20241014,225229,.,20241230,194413,20241230,212146,-1. Inapplicable,-1. Inapplicable
215197,ANES2024TimeSeries_20250808,MI,26,20240812,151201,20240812,161038,.,20241125,171103,20241125,175411,-1. Inapplicable,-1. Inapplicable
215202,ANES2024TimeSeries_20250808,KS,20,20241017,225616,20241018,001436,.,.,NA,.,NA,-1. Inapplicable,-1. Inapplicable
215214,ANES2024TimeSeries_20250808,IA,19,20240812,220306,20240812,224151,.,20241126,212531,20241126,220422,-1. Inapplicable,-1. Inapplicable
215220,ANES2024TimeSeries_20250808,OH,39,20240823,140440,20240823,144421,.,.,NA,.,NA,-1. Inapplicable,-1. Inapplicable
215226,ANES2024TimeSeries_20250808,MI,NA,.,NA,.,NA,20241029,.,NA,.,NA,-1. Inapplicable,-1. Inapplicable
215244,ANES2024TimeSeries_20250808,MI,26,20240824,072941,20240824,075323,.,.,NA,.,NA,-1. Inapplicable,-1. Inapplicable
215262,ANES2024TimeSeries_20250808,KS,20,20240814,200135,20240814,204759,.,.,NA,.,NA,-1. Inapplicable,-1. Inapplicable
215279,ANES2024TimeSeries_20250808,MI,26,20240817,025709,20240817,035245,.,20241124,014226,20241124,030436,-1. Inapplicable,-1. Inapplicable
215291,ANES2024TimeSeries_20250808,IN,18,20240825,160132,20240921,150637,.,20241126,124159,20241126,134431,-1. Inapplicable,-1. Inapplicable
215301,ANES2024TimeSeries_20250808,IA,19,20240816,224404,20240817,004529,.,20241120,222410,20241120,235911,-1. Inapplicable,-1. Inapplicable
215319,ANES2024TimeSeries_20250808,MI,26,20240812,195539,20240812,203439,.,20241125,194151,20241125,202730,-1. Inapplicable,-1. Inapplicable
215325,ANES2024TimeSeries_20250808,IA,NA,.,NA,.,NA,20241027,.,NA,.,NA,-1. Inapplicable,-1. Inapplicable
215343,ANES2024TimeSeries_20250808,MO,29,20240817,142853,20240817,150503,.,20241124,152326,20241124,155839,-1. Inapplicable,-1. Inapplicable
215355,ANES2024TimeSeries_20250808,MN,27,20240926,145729,20240926,164658,.,20241119,125020,20241119,125028,-1. Inapplicable,-1. Inapplicable
215361,ANES2024TimeSeries_20250808,MO,29,20240814,145237,20240814,160032,.,20241126,180923,20241126,192938,-1. Inapplicable,-1. Inapplicable
215367,ANES2024TimeSeries_20250808,MI,NA,.,NA,.,NA,20241102,.,NA,.,NA,-1. Inapplicable,-1. Inapplicable
215385,ANES2024TimeSeries_20250808,WI,NA,.,NA,.,NA,20241025,.,NA,.,NA,-1. Inapplicable,-1. Inapplicable
215391,ANES2024TimeSeries_20250808,MI,26,20240821,111815,20240823,211544,.,20241205,130239,20241205,153602,-1. Inapplicable,-1. Inapplicable
215415,ANES2024TimeSeries_20250808,IL,17,20240813,185709,20240813,193555,.,20241123,134132,20241123,141240,-1. Inapplicable,-1. Inapplicable
215421,ANES2024TimeSeries_20250808,MO,29,20240814,185335,20240814,195817,.,20241123,085314,20241123,175019,-1. Inapplicable,-1. Inapplicable
215445,ANES2024TimeSeries_20250808,OH,39,20240813,165227,20240813,173125,.,20241125,204819,20241125,213503,-1. Inapplicable,-1. Inapplicable
215451,ANES2024TimeSeries_20250808,MN,27,20240919,205138,20240919,215949,.,20250116,215158,20250116,230559,-1. Inapplicable,-1. Inapplicable
215457,ANES2024TimeSeries_20250808,SD,46,20240825,200535,20240825,210633,.,20250203,140400,20250203,151744,-1. Inapplicable,-1. Inapplicable
215487,ANES2024TimeSeries_20250808,AL,01,20240817,082803,20240820,072947,.,20241114,000244,20241114,000255,-1. Inapplicable,-1. Inapplicable
215540,ANES2024TimeSeries_20250808,MD,24,20240812,152521,20240812,162822,.,.,NA,.,NA,-1. Inapplicable,-1. Inapplicable
215581,ANES2024TimeSeries_20250808,MS,28,20240821,193006,20240821,195353,.,20241121,130807,20241121,135700,-1. Inapplicable,-1. Inapplicable
215611,ANES2024TimeSeries_20250808,TN,47,20240812,185418,20241028,130500,.,.,NA,.,NA,-1. Inapplicable,-1. Inapplicable
215617,ANES2024TimeSeries_20250808,TN,47,20241012,191126,20241013,051620,.,20241114,040453,20241114,040510,-1. Inapplicable,-1. Inapplicable
215629,ANES2024TimeSeries_20250808,TN,47,20240921,152727,20240921,160210,.,20250117,121957,20250117,125323,-1. Inapplicable,-1. Inapplicable
215641,ANES2024TimeSeries_20250808,TN,NA,.,NA,.,NA,20241026,.,NA,.,NA,-1. Inapplicable,-1. Inapplicable
215658,ANES2024TimeSeries_20250808,TX,48,20240902,211647,20240902,214531,.,20241228,221457,20241228,224446,-1. Inapplicable,-1. Inapplicable
215736,ANES2024TimeSeries_20250808,TX,NA,.,NA,.,NA,20241027,.,NA,.,NA,-1. Inapplicable,-1. Inapplicable
215815,ANES2024TimeSeries_20250808,TX,48,20240819,213608,20240819,231807,.,20241121,130459,20241121,145333,-1. Inapplicable,-1. Inapplicable
215821,ANES2024TimeSeries_20250808,TX,48,20240901,004244,20240901,010325,.,.,NA,.,NA,-1. Inapplicable,-1. Inapplicable
215985,ANES2024TimeSeries_20250808,GA,13,20240819,122841,20240819,130710,.,20241119,145029,20241119,145035,-1. Inapplicable,-1. Inapplicable
216008,ANES2024TimeSeries_20250808,LA,22,20240812,182450,20240812,192903,.,20241219,131807,20241227,153607,-1. Inapplicable,-1. Inapplicable
216020,ANES2024TimeSeries_20250808,MD,24,20240822,142419,20240823,093938,.,20250211,193756,20250212,142254,-1. Inapplicable,-1. Inapplicable
216085,ANES2024TimeSeries_20250808,TX,48,20240921,150314,20240921,153801,.,.,NA,.,NA,-1. Inapplicable,-1. Inapplicable
216091,ANES2024TimeSeries_20250808,TX,48,20240816,232821,20240817,002447,.,20250202,230836,.,-1,-1. Inapplicable,-1. Inapplicable
216103,ANES2024TimeSeries_20250808,TX,48,20240817,225028,20240817,234731,.,20250201,223642,20250201,232143,-1. Inapplicable,-1. Inapplicable
216109,ANES2024TimeSeries_20250808,TX,48,20240817,213740,20240817,223527,.,20241209,164227,20241209,183811,-1. Inapplicable,-1. Inapplicable
216115,ANES2024TimeSeries_20250808,TX,48,20241024,211812,20241101,000506,.,.,NA,.,NA,-1. Inapplicable,-1. Inapplicable
216150,ANES2024TimeSeries_20250808,TX,48,20240818,095841,20240818,105304,.,.,NA,.,NA,-1. Inapplicable,-1. Inapplicable
216156,ANES2024TimeSeries_20250808,TX,48,20240812,211021,20240812,221937,.,20241120,200247,20241120,212808,-1. Inapplicable,-1. Inapplicable
216162,ANES2024TimeSeries_20250808,VA,51,20240813,182532,20240816,180802,.,20241119,170939,20241119,170947,-1. Inapplicable,-1. Inapplicable
216174,ANES2024TimeSeries_20250808,SC,45,20241004,175508,20241004,183247,.,20241124,110458,20241124,115423,-1. Inapplicable,-1. Inapplicable
216210,ANES2024TimeSeries_20250808,GA,13,20240816,194219,20240816,214140,.,.,NA,.,NA,-1. Inapplicable,-1. Inapplicable
216216,ANES2024TimeSeries_20250808,GA,13,20240816,090531,20240816,102138,.,20250122,100911,20250122,115647,-1. Inapplicable,-1. Inapplicable
216233,ANES2024TimeSeries_20250808,TX,NA,.,NA,.,NA,20241028,.,NA,.,NA,-1. Inapplicable,-1. Inapplicable
216251,ANES2024TimeSeries_20250808,TN,47,20241012,192551,20241013,005423,.,20241126,231902,20241128,023155,-1. Inapplicable,-1. Inapplicable
216257,ANES2024TimeSeries_20250808,MS,28,20240921,124234,20240921,133842,.,20241219,164355,20241219,174610,-1. Inapplicable,-1. Inapplicable
216281,ANES2024TimeSeries_20250808,AL,01,20240829,100450,20240829,112233,.,20250116,095745,20250116,104639,-1. Inapplicable,-1. Inapplicable
216318,ANES2024TimeSeries_20250808,TN,47,20240824,143604,20241011,202103,.,20241122,195956,20250207,183157,-1. Inapplicable,-1. Inapplicable
216383,ANES2024TimeSeries_20250808,TX,48,20240814,170614,20240814,174801,.,20241127,122114,20241127,130824,-1. Inapplicable,-1. Inapplicable
216395,ANES2024TimeSeries_20250808,TN,47,20240813,203618,20240813,211629,.,20241120,215129,20241120,223626,-1. Inapplicable,-1. Inapplicable
216407,ANES2024TimeSeries_20250808,TX,48,20240814,175441,20240814,184646,.,20241121,154023,20241121,161407,-1. Inapplicable,-1. Inapplicable
216413,ANES2024TimeSeries_20250808,MS,28,20240812,191139,20240813,065841,.,20241125,183019,20241125,204451,-1. Inapplicable,-1. Inapplicable
216419,ANES2024TimeSeries_20250808,TN,47,20240914,163340,20240915,014806,.,20241126,135534,20241130,122104,-1. Inapplicable,-1. Inapplicable
216442,ANES2024TimeSeries_20250808,GA,13,20241028,223157,20241029,000757,.,20250120,172519,20250120,185907,-1. Inapplicable,-1. Inapplicable
216448,ANES2024TimeSeries_20250808,TN,47,20240921,181530,20240921,192343,.,20250131,102438,20250131,114936,-1. Inapplicable,-1. Inapplicable
216454,ANES2024TimeSeries_20250808,VA,51,20240813,123102,20240813,133822,.,20241129,152331,20241129,162749,-1. Inapplicable,-1. Inapplicable
216466,ANES2024TimeSeries_20250808,SC,45,20240926,141504,20240926,165731,.,20241123,195215,20241123,223457,-1. Inapplicable,-1. Inapplicable
216472,ANES2024TimeSeries_20250808,TN,47,20240825,202803,20240825,220305,.,.,NA,.,NA,-1. Inapplicable,-1. Inapplicable
216478,ANES2024TimeSeries_20250808,TX,48,20240907,133537,20240907,144146,.,20241128,114005,20241128,130219,-1. Inapplicable,-1. Inapplicable
216484,ANES2024TimeSeries_20250808,GA,13,20240817,171104,20240817,181740,.,20241120,190409,20241120,201444,-1. Inapplicable,-1. Inapplicable
216510,ANES2024TimeSeries_20250808,DC,11,20240922,180658,20240922,183315,.,20241123,070515,20241123,073254,-1. Inapplicable,-1. Inapplicable
216522,ANES2024TimeSeries_20250808,DC,11,20240928,155344,20240929,134040,.,20241208,171034,20241208,191022,-1. Inapplicable,-1. Inapplicable
216528,ANES2024TimeSeries_20250808,DC,11,20240814,180849,20240814,184256,.,20241222,194430,20241222,202945,-1. Inapplicable,-1. Inapplicable
216593,ANES2024TimeSeries_20250808,GA,13,20240812,223636,20240813,000610,.,20241122,214302,20241123,030647,-1. Inapplicable,-1. Inapplicable
216652,ANES2024TimeSeries_20250808,MD,NA,.,NA,.,NA,20241029,.,NA,.,NA,-1. Inapplicable,-1. Inapplicable
216687,ANES2024TimeSeries_20250808,MD,24,20240814,143258,20240814,163507,.,20241114,204546,20241114,204553,-1. Inapplicable,-1. Inapplicable
216735,ANES2024TimeSeries_20250808,VA,51,20240812,165342,20240812,174847,.,20250116,162310,20250116,165714,-1. Inapplicable,-1. Inapplicable
216746,ANES2024TimeSeries_20250808,VA,51,20240815,102520,20240911,154412,.,20241126,194326,20241126,215315,-1. Inapplicable,-1. Inapplicable
216752,ANES2024TimeSeries_20250808,VA,51,20240928,210956,20240928,220719,.,20241123,161400,20241123,165924,-1. Inapplicable,-1. Inapplicable
216804,ANES2024TimeSeries_20250808,MD,24,20240901,122844,20240901,132904,.,20241119,173337,20241119,173343,-1. Inapplicable,-1. Inapplicable
216816,ANES2024TimeSeries_20250808,GA,13,20240928,034251,20240928,042947,.,20250101,114313,20250101,122737,-1. Inapplicable,-1. Inapplicable
216852,ANES2024TimeSeries_20250808,MD,24,20240813,073235,20240813,075628,.,20241125,135339,20241125,142121,-1. Inapplicable,-1. Inapplicable
216874,ANES2024TimeSeries_20250808,MD,24,20240817,113008,20241002,133359,.,20241119,112236,20241119,112246,-1. Inapplicable,-1. Inapplicable
216880,ANES2024TimeSeries_20250808,GA,13,20240812,200615,20240812,205416,.,20241229,123331,20241229,133145,-1. Inapplicable,-1. Inapplicable
216934,ANES2024TimeSeries_20250808,MD,24,20240825,160353,20240825,170121,.,20241123,105642,20241123,115347,-1. Inapplicable,-1. Inapplicable
216952,ANES2024TimeSeries_20250808,GA,13,20240822,172426,20240911,131047,.,20250210,100930,20250210,103628,-1. Inapplicable,-1. Inapplicable
216976,ANES2024TimeSeries_20250808,VA,51,20240905,144903,20240905,162714,.,20250122,162009,20250122,180638,-1. Inapplicable,-1. Inapplicable
216982,ANES2024TimeSeries_20250808,GA,13,20240916,193316,20240916,205501,.,20241118,212527,20241118,212541,-1. Inapplicable,-1. Inapplicable
216988,ANES2024TimeSeries_20250808,DC,11,20240824,112116,20240824,114913,.,20241125,150444,20241125,153850,-1. Inapplicable,-1. Inapplicable
216993,ANES2024TimeSeries_20250808,GA,13,20240818,223104,20240819,000042,.,20241207,152909,20241207,165438,-1. Inapplicable,-1. Inapplicable
217005,ANES2024TimeSeries_20250808,TN,47,20240826,163530,20240826,180635,.,20241125,161007,20241125,175300,-1. Inapplicable,-1. Inapplicable
217011,ANES2024TimeSeries_20250808,VA,51,20240813,172854,20240813,180150,.,20250207,155718,20250207,170842,-1. Inapplicable,-1. Inapplicable
217017,ANES2024TimeSeries_20250808,MS,28,20240826,131634,20240826,135705,.,20241125,175717,20241211,142210,-1. Inapplicable,-1. Inapplicable
217023,ANES2024TimeSeries_20250808,FL,12,20241008,203518,20241008,214915,.,20241215,065405,20241215,075119,-1. Inapplicable,-1. Inapplicable
217041,ANES2024TimeSeries_20250808,GA,13,20240813,112530,20240813,122900,.,.,NA,.,NA,-1. Inapplicable,-1. Inapplicable
217059,ANES2024TimeSeries_20250808,MD,24,20240813,194922,20240813,211612,.,20241128,170634,20241207,084154,-1. Inapplicable,-1. Inapplicable
217071,ANES2024TimeSeries_20250808,MD,24,20240813,203031,20240813,213730,.,20241126,135323,20241126,145925,-1. Inapplicable,-1. Inapplicable
217089,ANES2024TimeSeries_20250808,DE,10,20240831,011614,20240831,024808,.,20241123,005427,20241123,022411,-1. Inapplicable,-1. Inapplicable
217119,ANES2024TimeSeries_20250808,MD,24,20240826,172656,20240826,184109,.,20241126,222454,20241126,231902,-1. Inapplicable,-1. Inapplicable
217125,ANES2024TimeSeries_20250808,TN,47,20240827,144257,20240827,153931,.,20241218,153005,20241218,164557,-1. Inapplicable,-1. Inapplicable
217131,ANES2024TimeSeries_20250808,GA,13,20241016,202104,20241016,220215,.,20241114,205021,20241114,205050,-1. Inapplicable,-1. Inapplicable
217136,ANES2024TimeSeries_20250808,LA,22,20240921,142518,20240921,151705,.,20241114,061453,20241114,061458,-1. Inapplicable,-1. Inapplicable
217148,ANES2024TimeSeries_20250808,MD,24,20240817,210535,20240817,215049,.,20241124,114139,20241124,122210,-1. Inapplicable,-1. Inapplicable
217182,ANES2024TimeSeries_20250808,GA,13,20240816,165524,20240816,180025,.,20250130,125736,20250130,134858,-1. Inapplicable,-1. Inapplicable
217187,ANES2024TimeSeries_20250808,FL,NA,.,NA,.,NA,20241030,.,NA,.,NA,-1. Inapplicable,-1. Inapplicable
217205,ANES2024TimeSeries_20250808,VA,51,20240820,071243,20240820,090419,.,20241202,074345,20241202,205037,-1. Inapplicable,-1. Inapplicable
217223,ANES2024TimeSeries_20250808,TN,47,20240814,175435,20240814,182347,.,20250131,173356,20250131,180920,-1. Inapplicable,-1. Inapplicable
217228,ANES2024TimeSeries_20250808,VA,51,20240816,153056,20240816,164410,.,20241122,154518,20241122,165112,-1. Inapplicable,-1. Inapplicable
217234,ANES2024TimeSeries_20250808,GA,13,20240816,222652,20240817,002133,.,20250122,202534,20250122,221339,-1. Inapplicable,-1. Inapplicable
217240,ANES2024TimeSeries_20250808,GA,13,20240820,164846,20240828,163009,.,20250106,143256,20250106,161622,-1. Inapplicable,-1. Inapplicable
217258,ANES2024TimeSeries_20250808,FL,12,20240813,174110,20240813,182809,.,20241216,142549,20241216,150610,-1. Inapplicable,-1. Inapplicable
217263,ANES2024TimeSeries_20250808,DC,11,20240825,083921,20240825,105443,.,20241204,094617,20241204,110109,-1. Inapplicable,-1. Inapplicable
217275,ANES2024TimeSeries_20250808,VA,51,20240816,171045,20240816,220823,.,20241114,080129,20241114,080142,-1. Inapplicable,-1. Inapplicable
217287,ANES2024TimeSeries_20250808,GA,13,20240920,174231,20240920,182746,.,20241202,205136,20241202,213303,-1. Inapplicable,-1. Inapplicable
217298,ANES2024TimeSeries_20250808,MD,24,20241014,144808,20241014,152735,.,20241116,150608,20241116,150616,-1. Inapplicable,-1. Inapplicable
217328,ANES2024TimeSeries_20250808,GA,NA,.,NA,.,NA,20241030,.,NA,.,NA,-1. Inapplicable,-1. Inapplicable
217369,ANES2024TimeSeries_20250808,GA,13,20240816,214146,20240816,220904,.,.,NA,.,NA,-1. Inapplicable,-1. Inapplicable
217431,ANES2024TimeSeries_20250808,FL,12,20240820,165157,20240820,222108,.,20241202,184524,20241202,194708,-1. Inapplicable,-1. Inapplicable
217485,ANES2024TimeSeries_20250808,MD,NA,.,NA,.,NA,20241105,.,NA,.,NA,-1. Inapplicable,-1. Inapplicable
217497,ANES2024TimeSeries_20250808,NC,37,20240925,135752,20240925,143637,.,20250117,123525,20250117,131543,-1. Inapplicable,-1. Inapplicable
217527,ANES2024TimeSeries_20250808,NC,37,20240813,153912,20240813,163514,.,20241122,162502,20241122,172536,-1. Inapplicable,-1. Inapplicable
217533,ANES2024TimeSeries_20250808,NC,37,20240901,130858,20240901,154032,.,20241227,222803,20241227,233322,-1. Inapplicable,-1. Inapplicable
217610,ANES2024TimeSeries_20250808,TX,48,20240816,204027,20241016,125647,.,.,NA,.,NA,-1. Inapplicable,-1. Inapplicable
217616,ANES2024TimeSeries_20250808,TX,48,20240921,195317,20240921,205703,.,20241203,173359,20241227,073952,-1. Inapplicable,-1. Inapplicable
217634,ANES2024TimeSeries_20250808,VA,51,20240903,170143,20241010,114539,.,20241121,184107,20241229,150743,-1. Inapplicable,-1. Inapplicable
217701,ANES2024TimeSeries_20250808,NC,37,20240922,180012,20240922,183646,.,20241201,132020,20241201,140347,-1. Inapplicable,-1. Inapplicable
217719,ANES2024TimeSeries_20250808,VA,51,20240822,151407,20240822,161106,.,.,NA,.,NA,-1. Inapplicable,-1. Inapplicable
217731,ANES2024TimeSeries_20250808,VA,51,20240813,184335,20240813,191826,.,20250130,144308,20250130,153557,-1. Inapplicable,-1. Inapplicable
217737,ANES2024TimeSeries_20250808,FL,12,20240817,110156,20240817,125850,.,20241203,143913,20241203,154535,-1. Inapplicable,-1. Inapplicable
217749,ANES2024TimeSeries_20250808,VA,51,20240920,205133,20240920,223718,.,.,NA,.,NA,-1. Inapplicable,-1. Inapplicable
217778,ANES2024TimeSeries_20250808,VA,51,20240826,145318,20240826,170803,.,20250120,091312,20250121,174021,-1. Inapplicable,-1. Inapplicable
217808,ANES2024TimeSeries_20250808,MD,24,20240817,133532,20240817,142328,.,20241130,155202,20241130,163136,-1. Inapplicable,-1. Inapplicable
217831,ANES2024TimeSeries_20250808,TX,NA,.,NA,.,NA,20240929,.,NA,.,NA,-1. Inapplicable,-1. Inapplicable
217849,ANES2024TimeSeries_20250808,FL,NA,.,NA,.,NA,20241028,.,NA,.,NA,-1. Inapplicable,-1. Inapplicable
217890,ANES2024TimeSeries_20250808,VA,51,20240823,100351,20240823,103307,.,20241114,094308,20241114,094315,-1. Inapplicable,-1. Inapplicable
217907,ANES2024TimeSeries_20250808,NC,37,20240812,201930,20240812,210443,.,20241114,030217,20241118,181012,-1. Inapplicable,-1. Inapplicable
217943,ANES2024TimeSeries_20250808,MD,24,20240829,184545,20240829,212513,.,20250120,103425,20250120,112951,-1. Inapplicable,-1. Inapplicable
217948,ANES2024TimeSeries_20250808,VA,51,20240816,192739,20240816,203002,.,20250213,123333,20250213,142203,-1. Inapplicable,-1. Inapplicable
217954,ANES2024TimeSeries_20250808,NC,37,20240819,090923,20240819,094553,.,20250122,093216,20250122,101024,-1. Inapplicable,-1. Inapplicable
217972,ANES2024TimeSeries_20250808,TX,48,20240821,215144,20240821,231227,.,20241114,181508,20241114,181526,-1. Inapplicable,-1. Inapplicable
217990,ANES2024TimeSeries_20250808,FL,NA,.,NA,.,NA,20241030,.,NA,.,NA,-1. Inapplicable,-1. Inapplicable
217995,ANES2024TimeSeries_20250808,VA,51,20240819,172955,20240819,181717,.,20241115,171924,20241115,171933,-1. Inapplicable,-1. Inapplicable
218013,ANES2024TimeSeries_20250808,VA,51,20240814,183032,20240814,201037,.,20241124,102351,20241124,165205,-1. Inapplicable,-1. Inapplicable
218019,ANES2024TimeSeries_20250808,FL,12,20240813,103135,20240813,113202,.,.,NA,.,NA,-1. Inapplicable,-1. Inapplicable
218031,ANES2024TimeSeries_20250808,VA,51,20240820,172026,20240820,182220,.,20250201,182440,20250201,192658,-1. Inapplicable,-1. Inapplicable
218037,ANES2024TimeSeries_20250808,VA,51,20240818,160550,20240818,171209,.,20241127,231548,20241127,235916,-1. Inapplicable,-1. Inapplicable
218060,ANES2024TimeSeries_20250808,MD,24,20240910,155356,20240910,164906,.,.,NA,.,NA,-1. Inapplicable,-1. Inapplicable
218066,ANES2024TimeSeries_20250808,MD,24,20241011,193641,20241011,204348,.,20241125,110323,20241125,174859,-1. Inapplicable,-1. Inapplicable
218090,ANES2024TimeSeries_20250808,NC,37,20240825,160407,20240825,165841,.,20241202,085041,20241202,093854,-1. Inapplicable,-1. Inapplicable
218095,ANES2024TimeSeries_20250808,FL,NA,.,NA,.,NA,20241030,.,NA,.,NA,-1. Inapplicable,-1. Inapplicable
218137,ANES2024TimeSeries_20250808,TX,48,20240814,212459,20240814,224135,.,.,NA,.,NA,-1. Inapplicable,-1. Inapplicable
218160,ANES2024TimeSeries_20250808,MD,24,20240819,210608,20240820,134207,.,20241201,171001,20241201,202914,-1. Inapplicable,-1. Inapplicable
218166,ANES2024TimeSeries_20250808,VA,51,20241023,211210,20241028,155647,.,20241206,182528,20241206,195609,-1. Inapplicable,-1. Inapplicable
218218,ANES2024TimeSeries_20250808,NC,NA,.,NA,.,NA,20241027,.,NA,.,NA,-1. Inapplicable,-1. Inapplicable
218236,ANES2024TimeSeries_20250808,VA,51,20240826,140658,20240826,145420,.,20250201,100023,20250201,113135,-1. Inapplicable,-1. Inapplicable
218284,ANES2024TimeSeries_20250808,VA,51,20240814,121822,20240814,133745,.,20250117,084520,20250117,101405,-1. Inapplicable,-1. Inapplicable
218296,ANES2024TimeSeries_20250808,MD,24,20240905,092144,20240905,104638,.,20250207,152212,20250207,163016,-1. Inapplicable,-1. Inapplicable
218308,ANES2024TimeSeries_20250808,MD,NA,.,NA,.,NA,20241030,.,NA,.,NA,-1. Inapplicable,-1. Inapplicable
218319,ANES2024TimeSeries_20250808,MD,24,20240812,184257,20240812,201640,.,20250207,180612,20250207,191649,-1. Inapplicable,-1. Inapplicable
218331,ANES2024TimeSeries_20250808,VA,51,20240819,113300,20240819,120257,.,20241202,122613,20241202,125506,-1. Inapplicable,-1. Inapplicable
218349,ANES2024TimeSeries_20250808,TX,48,20240817,111918,20240817,121236,.,20241207,142239,20241207,152040,-1. Inapplicable,-1. Inapplicable
218361,ANES2024TimeSeries_20250808,FL,12,20240920,165854,20240925,104314,.,20241231,100940,20241231,111011,-1. Inapplicable,-1. Inapplicable
218373,ANES2024TimeSeries_20250808,VA,51,20240815,122004,20240815,183239,.,20241202,190549,20241202,195839,-1. Inapplicable,-1. Inapplicable
218379,ANES2024TimeSeries_20250808,FL,12,20240820,183450,20240820,221558,.,20241202,223331,20241222,172345,-1. Inapplicable,-1. Inapplicable
218397,ANES2024TimeSeries_20250808,FL,12,20240816,155738,20240816,165412,.,20241119,154545,20241119,154556,-1. Inapplicable,-1. Inapplicable
218408,ANES2024TimeSeries_20250808,TX,48,20240818,130732,20240818,144100,.,20241220,132942,20250107,195309,-1. Inapplicable,-1. Inapplicable
218414,ANES2024TimeSeries_20250808,VA,51,20240827,174418,20240827,185307,.,20250119,164310,20250119,175250,-1. Inapplicable,-1. Inapplicable
218420,ANES2024TimeSeries_20250808,FL,12,20240828,222356,20240829,001013,.,.,NA,.,NA,-1. Inapplicable,-1. Inapplicable
218426,ANES2024TimeSeries_20250808,TX,48,20240819,002229,20240819,011138,.,20241122,170941,20241122,174652,-1. Inapplicable,-1. Inapplicable
218444,ANES2024TimeSeries_20250808,VA,51,20241009,110940,20241009,125032,.,20241124,112315,20241124,133222,-1. Inapplicable,-1. Inapplicable
218450,ANES2024TimeSeries_20250808,FL,12,20241025,140716,20241025,145217,.,20241203,131243,20250103,150016,-1. Inapplicable,-1. Inapplicable
218487,ANES2024TimeSeries_20250808,AR,05,20240812,103731,20240812,112814,.,20241202,121703,20241202,133109,-1. Inapplicable,-1. Inapplicable
218516,ANES2024TimeSeries_20250808,AR,05,20240815,104335,20240815,111104,.,20241122,170250,20241122,172634,-1. Inapplicable,-1. Inapplicable
218551,ANES2024TimeSeries_20250808,NC,37,20240813,084249,20240813,115351,.,20241122,063455,20250121,171920,-1. Inapplicable,-1. Inapplicable
218563,ANES2024TimeSeries_20250808,TX,48,20240813,211253,20241018,201454,.,20250102,115420,20250102,122729,-1. Inapplicable,-1. Inapplicable
218575,ANES2024TimeSeries_20250808,TX,48,20240925,023221,20240925,033928,.,.,NA,.,NA,-1. Inapplicable,-1. Inapplicable
218587,ANES2024TimeSeries_20250808,TX,48,20240817,120558,20240817,135858,.,20250122,154439,20250122,162837,-1. Inapplicable,-1. Inapplicable
218598,ANES2024TimeSeries_20250808,TX,48,20240813,151354,20240813,160411,.,20241125,113050,20241125,121858,-1. Inapplicable,-1. Inapplicable
218622,ANES2024TimeSeries_20250808,TX,48,20240830,165825,20240830,181825,.,20241208,185011,20241208,202741,-1. Inapplicable,-1. Inapplicable
218628,ANES2024TimeSeries_20250808,TX,48,20240816,153550,20240816,164202,.,.,NA,.,NA,-1. Inapplicable,-1. Inapplicable
218651,ANES2024TimeSeries_20250808,TX,48,20240812,172620,20240812,183711,.,20241119,181720,20241119,181726,-1. Inapplicable,-1. Inapplicable
218657,ANES2024TimeSeries_20250808,TX,48,20240817,235515,20240818,020445,.,20250124,202648,20250124,235938,-1. Inapplicable,-1. Inapplicable
218681,ANES2024TimeSeries_20250808,TX,48,20240812,200033,20240812,222644,.,20250128,210425,20250128,234050,-1. Inapplicable,-1. Inapplicable
218693,ANES2024TimeSeries_20250808,TX,48,20240813,171519,20240813,182208,.,20250105,171651,20250105,180436,-1. Inapplicable,-1. Inapplicable
218739,ANES2024TimeSeries_20250808,TX,48,20240812,211502,20240812,215844,.,.,NA,.,NA,-1. Inapplicable,-1. Inapplicable
218787,ANES2024TimeSeries_20250808,TX,48,20240928,163527,20240928,171154,.,20241125,221948,20241125,230340,-1. Inapplicable,-1. Inapplicable
218805,ANES2024TimeSeries_20250808,AR,05,20240819,111602,20240819,113418,.,20241114,024526,20241114,024537,-1. Inapplicable,-1. Inapplicable
218811,ANES2024TimeSeries_20250808,TX,48,20240813,221903,20240924,125616,.,20241124,152325,20241124,161239,-1. Inapplicable,-1. Inapplicable
218829,ANES2024TimeSeries_20250808,TX,NA,.,NA,.,NA,20241028,.,NA,.,NA,-1. Inapplicable,-1. Inapplicable
218847,ANES2024TimeSeries_20250808,VA,51,20240820,193348,20240820,211131,.,.,NA,.,NA,-1. Inapplicable,-1. Inapplicable
218870,ANES2024TimeSeries_20250808,TX,48,20240814,145253,.,-1,.,20241202,175807,20241212,152209,-1. Inapplicable,-1. Inapplicable
218906,ANES2024TimeSeries_20250808,TX,48,20240905,230559,20240906,004446,.,20241204,205027,20241204,230845,-1. Inapplicable,-1. Inapplicable
218935,ANES2024TimeSeries_20250808,TX,48,20240910,093821,20240910,180521,.,20241217,181805,20241217,210052,-1. Inapplicable,-1. Inapplicable
218958,ANES2024TimeSeries_20250808,TN,47,20240812,141931,20240812,144117,.,20241203,232818,20241203,234020,-1. Inapplicable,-1. Inapplicable
218970,ANES2024TimeSeries_20250808,LA,22,20240813,175656,20240813,200720,.,.,NA,.,NA,-1. Inapplicable,-1. Inapplicable
218982,ANES2024TimeSeries_20250808,TX,48,20240825,104835,20240825,121812,.,20241130,131424,20241130,150639,-1. Inapplicable,-1. Inapplicable
219000,ANES2024TimeSeries_20250808,TX,48,20240813,124844,20240813,135746,.,20241203,201918,20241203,210314,-1. Inapplicable,-1. Inapplicable
219014,ANES2024TimeSeries_20250808,TX,48,20240812,182517,20240812,200542,.,.,NA,.,NA,-1. Inapplicable,-1. Inapplicable
219032,ANES2024TimeSeries_20250808,LA,22,20240814,143229,20240814,153906,.,20250116,101914,20250116,112747,-1. Inapplicable,-1. Inapplicable
219050,ANES2024TimeSeries_20250808,AR,05,20240812,163002,20240813,162414,.,20241118,153926,20241118,153932,-1. Inapplicable,-1. Inapplicable
219056,ANES2024TimeSeries_20250808,TX,48,20240813,142118,20240813,173919,.,20241125,123708,20241125,173005,-1. Inapplicable,-1. Inapplicable
219092,ANES2024TimeSeries_20250808,AR,05,20240812,203536,20240812,211816,.,20241127,080234,20241127,084424,-1. Inapplicable,-1. Inapplicable
219098,ANES2024TimeSeries_20250808,TX,48,20240826,145020,20240826,154018,.,20241115,164625,20241115,164719,-1. Inapplicable,-1. Inapplicable
219104,ANES2024TimeSeries_20250808,TX,48,20240815,143858,20240815,164714,.,20241121,122850,20241121,145613,-1. Inapplicable,-1. Inapplicable
219155,ANES2024TimeSeries_20250808,FL,12,20240814,115822,20240814,134307,.,20250103,134836,20250103,145544,-1. Inapplicable,-1. Inapplicable
219173,ANES2024TimeSeries_20250808,FL,12,20240819,152917,20240909,214207,.,.,NA,.,NA,-1. Inapplicable,-1. Inapplicable
219208,ANES2024TimeSeries_20250808,KY,21,20240830,160156,20240903,231317,.,20241120,212155,20241121,130120,-1. Inapplicable,-1. Inapplicable
219232,ANES2024TimeSeries_20250808,KY,21,20240812,213914,20240812,220718,.,20241126,143015,20241126,145703,-1. Inapplicable,-1. Inapplicable
219244,ANES2024TimeSeries_20250808,KY,21,20240814,155158,20240814,162312,.,20241125,123428,20241125,133022,-1. Inapplicable,-1. Inapplicable
219279,ANES2024TimeSeries_20250808,NC,37,20240815,114746,20240815,142214,.,.,NA,.,NA,-1. Inapplicable,-1. Inapplicable
219297,ANES2024TimeSeries_20250808,SC,45,20241009,171850,.,-1,.,.,NA,.,NA,-1. Inapplicable,-1. Inapplicable
219303,ANES2024TimeSeries_20250808,SC,45,20240826,193022,20240826,200931,.,20241122,162716,20250117,130224,-1. Inapplicable,-1. Inapplicable
219350,ANES2024TimeSeries_20250808,TX,48,20241008,154814,20241008,161813,.,20241125,104733,20241125,110611,-1. Inapplicable,-1. Inapplicable
219373,ANES2024TimeSeries_20250808,TX,48,20240821,221631,20240821,225945,.,20241212,002550,20241212,011131,-1. Inapplicable,-1. Inapplicable
219391,ANES2024TimeSeries_20250808,TX,48,20240831,100453,20240831,103516,.,20241120,161122,20241120,165440,-1. Inapplicable,-1. Inapplicable
219397,ANES2024TimeSeries_20250808,TX,48,20240826,181228,20240908,153854,.,.,NA,.,NA,-1. Inapplicable,-1. Inapplicable
219426,ANES2024TimeSeries_20250808,TX,NA,.,NA,.,NA,20241030,.,NA,.,NA,-1. Inapplicable,-1. Inapplicable
219491,ANES2024TimeSeries_20250808,TX,48,20240904,201716,20240904,205658,.,.,NA,.,NA,-1. Inapplicable,-1. Inapplicable
219497,ANES2024TimeSeries_20250808,TX,48,20240812,194608,20240812,203121,.,20241126,114046,20241126,122505,-1. Inapplicable,-1. Inapplicable
219521,ANES2024TimeSeries_20250808,TX,48,20240819,200632,20240819,210522,.,.,NA,.,NA,-1. Inapplicable,-1. Inapplicable
219538,ANES2024TimeSeries_20250808,TX,NA,.,NA,.,NA,20241028,.,NA,.,NA,-1. Inapplicable,-1. Inapplicable
219556,ANES2024TimeSeries_20250808,TX,48,20240815,193350,20240815,202625,.,20250121,151232,20250123,184316,-1. Inapplicable,-1. Inapplicable
219562,ANES2024TimeSeries_20250808,TX,48,20240825,174325,20240825,183736,.,.,NA,.,NA,-1. Inapplicable,-1. Inapplicable
219568,ANES2024TimeSeries_20250808,TX,48,20240813,142633,20240813,145108,.,20241118,131114,20241118,131138,-1. Inapplicable,-1. Inapplicable
219586,ANES2024TimeSeries_20250808,TX,48,20240926,162546,20240926,165413,.,20241205,144308,20241205,152443,-1. Inapplicable,-1. Inapplicable
219609,ANES2024TimeSeries_20250808,VA,51,20240905,212956,20240905,223110,.,20241203,204436,20241203,212840,-1. Inapplicable,-1. Inapplicable
219621,ANES2024TimeSeries_20250808,KY,21,20240815,050634,20240815,055315,.,20241123,031950,20241231,143855,-1. Inapplicable,-1. Inapplicable
219674,ANES2024TimeSeries_20250808,MS,28,20240823,130102,20240823,132344,.,.,NA,.,NA,-1. Inapplicable,-1. Inapplicable
219697,ANES2024TimeSeries_20250808,GA,13,20240813,221426,20240813,225749,.,20250131,113044,20250201,162354,-1. Inapplicable,-1. Inapplicable
219703,ANES2024TimeSeries_20250808,TX,48,20240813,172435,20240813,181644,.,20250122,112434,20250122,123407,-1. Inapplicable,-1. Inapplicable
219709,ANES2024TimeSeries_20250808,GA,13,20241019,105027,20241019,112529,.,20241129,160458,20241129,164445,-1. Inapplicable,-1. Inapplicable
219715,ANES2024TimeSeries_20250808,TX,NA,.,NA,.,NA,20241025,.,NA,.,NA,-1. Inapplicable,-1. Inapplicable
219745,ANES2024TimeSeries_20250808,AL,01,20240901,185447,20240901,204926,.,20241127,201155,20241128,185405,-1. Inapplicable,-1. Inapplicable
219756,ANES2024TimeSeries_20250808,AL,01,20240814,111614,20240814,121752,.,20241119,002941,20241119,003122,-1. Inapplicable,-1. Inapplicable
219776,ANES2024TimeSeries_20250808,FL,12,20240816,094900,20240816,104247,.,20241126,164510,20241126,174256,-1. Inapplicable,-1. Inapplicable
219794,ANES2024TimeSeries_20250808,GA,NA,.,NA,.,NA,20241030,.,NA,.,NA,-1. Inapplicable,-1. Inapplicable
219835,ANES2024TimeSeries_20250808,TX,48,20241007,160903,.,-1,.,.,NA,.,NA,-1. Inapplicable,-1. Inapplicable
219841,ANES2024TimeSeries_20250808,TX,48,20240813,000719,20240813,013620,.,20250117,143143,20250117,155646,-1. Inapplicable,-1. Inapplicable
219853,ANES2024TimeSeries_20250808,TX,48,20240813,182126,20240813,192433,.,20241118,221337,20241118,221438,-1. Inapplicable,-1. Inapplicable
219888,ANES2024TimeSeries_20250808,TX,48,20240818,140609,20240818,145031,.,20241122,161133,20241122,165342,-1. Inapplicable,-1. Inapplicable
219894,ANES2024TimeSeries_20250808,FL,12,20240812,154022,20240812,163239,.,.,NA,.,NA,-1. Inapplicable,-1. Inapplicable
219900,ANES2024TimeSeries_20250808,KY,21,20240813,182301,20240813,190523,.,20241126,092436,20241126,152842,-1. Inapplicable,-1. Inapplicable
220006,ANES2024TimeSeries_20250808,KY,21,20240825,193606,20240825,201323,.,20241114,181225,20241114,181238,-1. Inapplicable,-1. Inapplicable
220035,ANES2024TimeSeries_20250808,TX,48,20240901,145428,20240901,164902,.,20241227,171348,20241227,215816,-1. Inapplicable,-1. Inapplicable
220047,ANES2024TimeSeries_20250808,FL,12,20240926,105223,20240926,120231,.,.,NA,.,NA,-1. Inapplicable,-1. Inapplicable
220059,ANES2024TimeSeries_20250808,TX,48,20240822,144630,20240822,155912,.,20241123,130157,20241123,145722,-1. Inapplicable,-1. Inapplicable
220088,ANES2024TimeSeries_20250808,LA,22,20240812,195620,20240812,215116,.,20241115,150049,20241115,150115,-1. Inapplicable,-1. Inapplicable
220094,ANES2024TimeSeries_20250808,NC,37,20240813,184835,20241015,214943,.,20241119,184119,20241119,184135,-1. Inapplicable,-1. Inapplicable
220100,ANES2024TimeSeries_20250808,VA,51,20240921,212122,20241012,002825,.,20241230,002340,.,-1,-1. Inapplicable,-1. Inapplicable
220124,ANES2024TimeSeries_20250808,FL,12,20240828,183047,20240901,102055,.,20241220,162214,20241220,173142,-1. Inapplicable,-1. Inapplicable
220142,ANES2024TimeSeries_20250808,SC,45,20240815,111516,20240815,121049,.,20241120,190315,20241120,200754,-1. Inapplicable,-1. Inapplicable
220171,ANES2024TimeSeries_20250808,TX,48,20240819,151219,20240819,170112,.,20241115,094416,20241115,094428,-1. Inapplicable,-1. Inapplicable
220183,ANES2024TimeSeries_20250808,AL,01,20240819,215723,20240819,230601,.,20241122,154229,20241122,170215,-1. Inapplicable,-1. Inapplicable
220189,ANES2024TimeSeries_20250808,AL,01,20240814,090926,20240814,120124,.,20241202,164413,20241203,091612,-1. Inapplicable,-1. Inapplicable
220202,ANES2024TimeSeries_20250808,LA,22,20240831,123126,20240831,160439,.,20241114,100731,20241114,100740,-1. Inapplicable,-1. Inapplicable
220220,ANES2024TimeSeries_20250808,KY,21,20240924,151017,20240924,154919,.,20241231,164245,20241231,180935,-1. Inapplicable,-1. Inapplicable
220244,ANES2024TimeSeries_20250808,TX,48,20240925,100040,20240925,132208,.,20250211,101525,20250211,123227,-1. Inapplicable,-1. Inapplicable
220262,ANES2024TimeSeries_20250808,KY,21,20240826,145441,20240826,164509,.,20241204,012754,20241204,032452,-1. Inapplicable,-1. Inapplicable
220274,ANES2024TimeSeries_20250808,FL,12,20240813,103757,20240813,111836,.,20250120,071321,20250120,080359,-1. Inapplicable,-1. Inapplicable
220279,ANES2024TimeSeries_20250808,TX,48,20240815,143013,20240815,213309,.,20241201,152504,20241201,173845,-1. Inapplicable,-1. Inapplicable
220303,ANES2024TimeSeries_20250808,KY,21,20240820,152427,20240820,162053,.,.,NA,.,NA,-1. Inapplicable,-1. Inapplicable
220315,ANES2024TimeSeries_20250808,MS,28,20240925,110338,20240925,121616,.,20241125,152649,20241127,103516,-1. Inapplicable,-1. Inapplicable
220321,ANES2024TimeSeries_20250808,SC,45,20240819,092044,20240819,110440,.,20241120,205333,20241120,215032,-1. Inapplicable,-1. Inapplicable
220327,ANES2024TimeSeries_20250808,TX,48,20240929,144545,20240929,152543,.,20241201,123143,20241201,134941,-1. Inapplicable,-1. Inapplicable
220339,ANES2024TimeSeries_20250808,KY,21,20240921,111802,20240921,120335,.,20250116,124211,20250116,135855,-1. Inapplicable,-1. Inapplicable
220380,ANES2024TimeSeries_20250808,FL,12,20240812,185527,20240812,211319,.,20241119,161341,20241119,161352,-1. Inapplicable,-1. Inapplicable
220398,ANES2024TimeSeries_20250808,FL,12,20240905,152559,20240905,164838,.,20241201,094057,20241201,103119,-1. Inapplicable,-1. Inapplicable
220416,ANES2024TimeSeries_20250808,TX,NA,.,NA,.,NA,20241029,.,NA,.,NA,-1. Inapplicable,-1. Inapplicable
220428,ANES2024TimeSeries_20250808,AL,01,20240921,155440,20240921,164713,.,.,NA,.,NA,-1. Inapplicable,-1. Inapplicable
220458,ANES2024TimeSeries_20250808,TX,48,20240814,135514,20240814,145258,.,20241203,195153,20241203,204630,-1. Inapplicable,-1. Inapplicable
220464,ANES2024TimeSeries_20250808,TX,48,20240813,132749,20240813,150829,.,20241119,210737,20241119,210827,-1. Inapplicable,-1. Inapplicable
220470,ANES2024TimeSeries_20250808,GA,13,20240923,151441,.,-1,.,.,NA,.,NA,-1. Inapplicable,-1. Inapplicable
220476,ANES2024TimeSeries_20250808,FL,12,20240911,182918,20240911,195427,.,20241118,195210,20241118,195238,-1. Inapplicable,-1. Inapplicable
220481,ANES2024TimeSeries_20250808,TX,NA,.,NA,.,NA,20241026,.,NA,.,NA,-1. Inapplicable,-1. Inapplicable
220493,ANES2024TimeSeries_20250808,GA,13,20240812,201602,20240812,230500,.,20241126,200009,20241126,224651,-1. Inapplicable,-1. Inapplicable
220508,ANES2024TimeSeries_20250808,FL,12,20240825,150245,20240825,180854,.,20241208,141137,20241208,163341,-1. Inapplicable,-1. Inapplicable
220531,ANES2024TimeSeries_20250808,FL,12,20240823,201653,20240823,213751,.,20241124,130714,20241124,143135,-1. Inapplicable,-1. Inapplicable
220549,ANES2024TimeSeries_20250808,FL,NA,.,NA,.,NA,20241029,.,NA,.,NA,-1. Inapplicable,-1. Inapplicable
220561,ANES2024TimeSeries_20250808,FL,12,20240814,105747,20240814,114414,.,20241119,163248,20241119,163300,-1. Inapplicable,-1. Inapplicable
220631,ANES2024TimeSeries_20250808,GA,13,20240816,132155,20240816,152150,.,20241125,131249,20241125,142718,-1. Inapplicable,-1. Inapplicable
220661,ANES2024TimeSeries_20250808,GA,13,20240815,160044,20240825,125135,.,20241126,085807,20241126,104752,-1. Inapplicable,-1. Inapplicable
220666,ANES2024TimeSeries_20250808,GA,13,20240819,141010,20240819,144248,.,20241113,234717,20241113,234722,-1. Inapplicable,-1. Inapplicable
220702,ANES2024TimeSeries_20250808,MD,24,20240902,111119,20240902,121934,.,20241203,131324,20241203,145310,-1. Inapplicable,-1. Inapplicable
220719,ANES2024TimeSeries_20250808,NC,NA,.,NA,.,NA,20241027,.,NA,.,NA,-1. Inapplicable,-1. Inapplicable
220760,ANES2024TimeSeries_20250808,NC,37,20241009,205606,20241009,215859,.,20241219,095132,20241219,131136,-1. Inapplicable,-1. Inapplicable
220778,ANES2024TimeSeries_20250808,NC,37,20240815,211017,20240815,214825,.,20241214,215748,20250214,101518,-1. Inapplicable,-1. Inapplicable
220813,ANES2024TimeSeries_20250808,VA,51,20240901,121519,20240901,133030,.,20241220,150418,20241220,155737,-1. Inapplicable,-1. Inapplicable
220819,ANES2024TimeSeries_20250808,VA,51,20240826,084443,20240826,095044,.,20241119,090556,20241119,090607,-1. Inapplicable,-1. Inapplicable
220852,ANES2024TimeSeries_20250808,FL,12,20240813,181051,20240813,193519,.,20241202,161532,20241202,164806,-1. Inapplicable,-1. Inapplicable
220858,ANES2024TimeSeries_20250808,FL,12,20240921,185304,20240921,193730,.,.,NA,.,NA,-1. Inapplicable,-1. Inapplicable
220882,ANES2024TimeSeries_20250808,GA,13,20240818,125847,20240930,092614,.,20241114,005623,20241114,013816,-1. Inapplicable,-1. Inapplicable
220893,ANES2024TimeSeries_20250808,FL,12,20240817,202958,20240819,170255,.,20250115,191714,20250115,202759,-1. Inapplicable,-1. Inapplicable
220922,ANES2024TimeSeries_20250808,GA,13,20240821,193606,20241019,132010,.,20241203,200506,20241203,214132,-1. Inapplicable,-1. Inapplicable
220946,ANES2024TimeSeries_20250808,FL,12,20240817,213915,20240817,223907,.,20241122,153100,20241122,163102,-1. Inapplicable,-1. Inapplicable
220960,ANES2024TimeSeries_20250808,NC,37,20240816,181808,20240816,193918,.,20241124,182323,20241124,202654,-1. Inapplicable,-1. Inapplicable
220984,ANES2024TimeSeries_20250808,GA,13,20240817,150658,20240817,173455,.,20241204,195228,20241204,221430,-1. Inapplicable,-1. Inapplicable
221037,ANES2024TimeSeries_20250808,NC,37,20240818,122646,20241018,111850,.,20241125,143912,20241231,135940,-1. Inapplicable,-1. Inapplicable
221043,ANES2024TimeSeries_20250808,NC,37,20241012,000823,20241012,020436,.,20241220,183014,20241220,201003,-1. Inapplicable,-1. Inapplicable
221067,ANES2024TimeSeries_20250808,FL,12,20240821,114237,20240821,131949,.,20241126,132318,20241126,141957,-1. Inapplicable,-1. Inapplicable
221073,ANES2024TimeSeries_20250808,VA,51,20241014,130204,20241014,140140,.,20241114,053841,20241114,053850,-1. Inapplicable,-1. Inapplicable
221138,ANES2024TimeSeries_20250808,TX,48,20240826,180306,20240826,190032,.,.,NA,.,NA,-1. Inapplicable,-1. Inapplicable
221144,ANES2024TimeSeries_20250808,VA,51,20240923,093524,20240923,105234,.,20241205,115526,20241205,131202,-1. Inapplicable,-1. Inapplicable
221162,ANES2024TimeSeries_20250808,GA,13,20240830,163538,20240830,202926,.,20241204,132944,.,-1,-1. Inapplicable,-1. Inapplicable
221180,ANES2024TimeSeries_20250808,NC,37,20240910,152944,20240910,162107,.,20250116,093842,20250116,102400,-1. Inapplicable,-1. Inapplicable
221186,ANES2024TimeSeries_20250808,NC,37,20240826,181333,20240826,185527,.,20250201,193229,20250201,205731,-1. Inapplicable,-1. Inapplicable
221198,ANES2024TimeSeries_20250808,NC,37,20240823,093308,20240823,111853,.,.,NA,.,NA,-1. Inapplicable,-1. Inapplicable
221210,ANES2024TimeSeries_20250808,NC,37,20240905,104923,20240905,211104,.,20241201,142214,20241201,152636,-1. Inapplicable,-1. Inapplicable
221222,ANES2024TimeSeries_20250808,VA,51,20240921,090945,20240921,111750,.,20241124,113620,20241124,124317,-1. Inapplicable,-1. Inapplicable
221263,ANES2024TimeSeries_20250808,VA,51,20240816,224119,20240818,230129,.,20241219,181658,20241219,185618,-1. Inapplicable,-1. Inapplicable
221305,ANES2024TimeSeries_20250808,NC,NA,.,NA,.,NA,20241022,.,NA,.,NA,-1. Inapplicable,-1. Inapplicable
221311,ANES2024TimeSeries_20250808,FL,12,20240816,203506,20240816,211758,.,.,NA,.,NA,-1. Inapplicable,-1. Inapplicable
221317,ANES2024TimeSeries_20250808,GA,NA,.,NA,.,NA,20241029,.,NA,.,NA,-1. Inapplicable,-1. Inapplicable
221346,ANES2024TimeSeries_20250808,FL,12,20240812,213403,20240812,222406,.,.,NA,.,NA,-1. Inapplicable,-1. Inapplicable
221358,ANES2024TimeSeries_20250808,TX,48,20240825,123021,20240825,134156,.,.,NA,.,NA,-1. Inapplicable,-1. Inapplicable
221382,ANES2024TimeSeries_20250808,NC,37,20240816,172805,20240816,180858,.,20250219,185534,20250219,193543,-1. Inapplicable,-1. Inapplicable
221388,ANES2024TimeSeries_20250808,NC,NA,.,NA,.,NA,20241030,.,NA,.,NA,-1. Inapplicable,-1. Inapplicable
221406,ANES2024TimeSeries_20250808,TX,48,20240826,143421,20240826,180403,.,.,NA,.,NA,-1. Inapplicable,-1. Inapplicable
221433,ANES2024TimeSeries_20250808,GA,13,20240817,165647,20240817,224147,.,20250121,123825,20250121,150120,-1. Inapplicable,-1. Inapplicable
221445,ANES2024TimeSeries_20250808,FL,12,20240923,174356,20240923,192747,.,20241127,151024,20241127,163034,-1. Inapplicable,-1. Inapplicable
221457,ANES2024TimeSeries_20250808,GA,13,20240923,184640,20240923,194942,.,.,NA,.,NA,-1. Inapplicable,-1. Inapplicable
221469,ANES2024TimeSeries_20250808,NC,37,20240825,210608,20240825,214724,.,20241122,082850,20241122,091136,-1. Inapplicable,-1. Inapplicable
221474,ANES2024TimeSeries_20250808,GA,13,20240817,125027,20240817,132328,.,20241125,113955,20241125,121411,-1. Inapplicable,-1. Inapplicable
221486,ANES2024TimeSeries_20250808,MD,24,20241010,153219,20241010,162747,.,20241122,224504,20241122,233749,-1. Inapplicable,-1. Inapplicable
221492,ANES2024TimeSeries_20250808,FL,12,20241030,065500,20241030,223744,.,20250117,231832,20250208,223703,-1. Inapplicable,-1. Inapplicable
221510,ANES2024TimeSeries_20250808,FL,12,20240817,110723,20240817,122835,.,20241204,001244,20241213,100035,-1. Inapplicable,-1. Inapplicable
221522,ANES2024TimeSeries_20250808,FL,12,20240918,135608,20241029,170251,.,20250210,211533,20250210,230035,-1. Inapplicable,-1. Inapplicable
221527,ANES2024TimeSeries_20250808,NC,37,20240815,112401,20240819,145248,.,20250125,143813,20250125,153539,-1. Inapplicable,-1. Inapplicable
221545,ANES2024TimeSeries_20250808,GA,13,20240814,080147,20240814,105534,.,20241123,143325,20241123,154022,-1. Inapplicable,-1. Inapplicable
221551,ANES2024TimeSeries_20250808,FL,12,20240824,205518,.,-1,.,.,NA,.,NA,-1. Inapplicable,-1. Inapplicable
221563,ANES2024TimeSeries_20250808,NC,NA,.,NA,.,NA,20241029,.,NA,.,NA,-1. Inapplicable,-1. Inapplicable
221569,ANES2024TimeSeries_20250808,GA,13,20240823,193113,20240823,203706,.,20241121,004005,20241121,013957,-1. Inapplicable,-1. Inapplicable
221581,ANES2024TimeSeries_20250808,NC,37,20240929,170208,20240929,203202,.,20250131,082322,20250131,094730,-1. Inapplicable,-1. Inapplicable
221586,ANES2024TimeSeries_20250808,FL,12,20241015,184950,20241015,192645,.,20241122,112211,20241122,134835,-1. Inapplicable,-1. Inapplicable
221592,ANES2024TimeSeries_20250808,NC,37,20240909,183918,20240909,194434,.,20241222,090034,20241222,100429,-1. Inapplicable,-1. Inapplicable
221604,ANES2024TimeSeries_20250808,NC,NA,.,NA,.,NA,20241027,.,NA,.,NA,-1. Inapplicable,-1. Inapplicable
221610,ANES2024TimeSeries_20250808,NC,37,20240813,160026,20240813,180104,.,20250101,163006,20250101,175157,-1. Inapplicable,-1. Inapplicable
221616,ANES2024TimeSeries_20250808,NC,37,20240829,120028,20240829,131240,.,20241214,121830,.,-1,-1. Inapplicable,-1. Inapplicable
221645,ANES2024TimeSeries_20250808,MD,24,20240827,161654,20240827,174427,.,.,NA,.,NA,-1. Inapplicable,-1. Inapplicable
221651,ANES2024TimeSeries_20250808,GA,13,20240812,141534,20240812,205940,.,20241203,190237,20241203,215820,-1. Inapplicable,-1. Inapplicable
221675,ANES2024TimeSeries_20250808,NC,37,20240821,185250,20240821,201039,.,20250117,203011,20250117,213144,-1. Inapplicable,-1. Inapplicable
221687,ANES2024TimeSeries_20250808,FL,NA,.,NA,.,NA,20241104,.,NA,.,NA,-1. Inapplicable,-1. Inapplicable
221693,ANES2024TimeSeries_20250808,GA,13,20240905,141217,20240905,152036,.,20241203,123733,20241203,133031,-1. Inapplicable,-1. Inapplicable
221698,ANES2024TimeSeries_20250808,FL,12,20240828,130406,20240828,140843,.,20250118,123158,20250118,134941,-1. Inapplicable,-1. Inapplicable
221704,ANES2024TimeSeries_20250808,FL,12,20240816,213008,20240816,230705,.,20241220,190627,20241220,202353,-1. Inapplicable,-1. Inapplicable
221722,ANES2024TimeSeries_20250808,NC,37,20240812,154751,20241009,160651,.,20241121,102609,20241121,113031,-1. Inapplicable,-1. Inapplicable
221728,ANES2024TimeSeries_20250808,FL,12,20240824,075130,.,-1,.,20250117,065010,20250118,125857,-1. Inapplicable,-1. Inapplicable
221751,ANES2024TimeSeries_20250808,VA,51,20240812,202443,20240812,211104,.,20241205,130023,20241205,140535,-1. Inapplicable,-1. Inapplicable
221757,ANES2024TimeSeries_20250808,FL,12,20240814,200536,20240920,184405,.,20241201,140530,20241202,202447,-1. Inapplicable,-1. Inapplicable
221768,ANES2024TimeSeries_20250808,AL,01,20240830,235238,20240831,002329,.,20241122,204144,20241122,212009,-1. Inapplicable,-1. Inapplicable
221774,ANES2024TimeSeries_20250808,AL,01,20240830,115142,20241017,004726,.,20250106,163122,20250107,151349,-1. Inapplicable,-1. Inapplicable
221786,ANES2024TimeSeries_20250808,AR,05,20241004,131604,20241004,143424,.,.,NA,.,NA,-1. Inapplicable,-1. Inapplicable
221792,ANES2024TimeSeries_20250808,AR,05,20240819,152440,20240819,155548,.,20241125,194229,20241125,201140,-1. Inapplicable,-1. Inapplicable
221816,ANES2024TimeSeries_20250808,LA,22,20240824,163834,20240824,214412,.,20241118,195736,20241118,195743,-1. Inapplicable,-1. Inapplicable
221822,ANES2024TimeSeries_20250808,LA,NA,.,NA,.,NA,20241028,.,NA,.,NA,-1. Inapplicable,-1. Inapplicable
221834,ANES2024TimeSeries_20250808,MS,28,20240814,145211,20240814,154107,.,20241202,221545,20241202,230027,-1. Inapplicable,-1. Inapplicable
221869,ANES2024TimeSeries_20250808,OK,40,20240823,181814,20240823,193330,.,20241214,151354,20250131,190055,-1. Inapplicable,-1. Inapplicable
221881,ANES2024TimeSeries_20250808,OK,40,20240923,122643,20240926,142843,.,20241124,094108,20241124,102850,-1. Inapplicable,-1. Inapplicable
221911,ANES2024TimeSeries_20250808,OK,40,20241003,162709,20241003,170935,.,20241118,212022,20241118,212029,-1. Inapplicable,-1. Inapplicable
221959,ANES2024TimeSeries_20250808,TN,47,20240820,171314,20240820,204405,.,.,NA,.,NA,-1. Inapplicable,-1. Inapplicable
222001,ANES2024TimeSeries_20250808,TN,47,20240923,234542,20240924,003627,.,.,NA,.,NA,-1. Inapplicable,-1. Inapplicable
222018,ANES2024TimeSeries_20250808,TX,48,20240824,164930,20240824,180924,.,20241205,000623,20250217,121106,-1. Inapplicable,-1. Inapplicable
222066,ANES2024TimeSeries_20250808,VA,51,20240901,170509,20241016,081924,.,.,NA,.,NA,-1. Inapplicable,-1. Inapplicable
222107,ANES2024TimeSeries_20250808,OK,40,20240921,180459,20240921,184310,.,20250210,162724,20250210,170818,-1. Inapplicable,-1. Inapplicable
222124,ANES2024TimeSeries_20250808,TX,48,20240813,010156,20241012,202501,.,.,NA,.,NA,-1. Inapplicable,-1. Inapplicable
222159,ANES2024TimeSeries_20250808,TX,48,20240813,201351,20240815,162250,.,20241126,022909,20241126,030640,-1. Inapplicable,-1. Inapplicable
222189,ANES2024TimeSeries_20250808,OK,40,20240915,114641,20240915,125642,.,20250116,165154,20250116,180001,-1. Inapplicable,-1. Inapplicable
222194,ANES2024TimeSeries_20250808,AL,01,20240817,195055,.,-1,.,.,NA,.,NA,-1. Inapplicable,-1. Inapplicable
222200,ANES2024TimeSeries_20250808,AL,01,20240812,142231,20240812,150614,.,20241122,155116,20241122,170312,-1. Inapplicable,-1. Inapplicable
222218,ANES2024TimeSeries_20250808,AL,01,20241004,074427,20241004,085333,.,.,NA,.,NA,-1. Inapplicable,-1. Inapplicable
222247,ANES2024TimeSeries_20250808,SC,NA,.,NA,.,NA,20241026,.,NA,.,NA,-1. Inapplicable,-1. Inapplicable
222294,ANES2024TimeSeries_20250808,OK,40,20240817,170925,20240817,180035,.,20241124,205313,20241124,213424,-1. Inapplicable,-1. Inapplicable
222300,ANES2024TimeSeries_20250808,TX,48,20241007,194352,20241008,110833,.,20241122,180111,20241122,200533,-1. Inapplicable,-1. Inapplicable
222306,ANES2024TimeSeries_20250808,OK,40,20240812,162329,20240812,171955,.,20241121,080258,20241121,093116,-1. Inapplicable,-1. Inapplicable
222336,ANES2024TimeSeries_20250808,NC,37,20240815,092441,20240815,100520,.,20250208,194557,20250208,202531,-1. Inapplicable,-1. Inapplicable
222342,ANES2024TimeSeries_20250808,TN,47,20240813,150202,20240817,100647,.,20241116,115328,20241116,115343,-1. Inapplicable,-1. Inapplicable
222348,ANES2024TimeSeries_20250808,TN,47,20240819,185411,20240819,195200,.,20241220,150352,20241220,163151,-1. Inapplicable,-1. Inapplicable
222377,ANES2024TimeSeries_20250808,TN,47,20240820,153735,20240820,165234,.,20241125,214137,20241125,225326,-1. Inapplicable,-1. Inapplicable
222383,ANES2024TimeSeries_20250808,WV,54,20240812,181701,20240812,202920,.,.,NA,.,NA,-1. Inapplicable,-1. Inapplicable
222389,ANES2024TimeSeries_20250808,AL,01,20240814,125855,20240814,143037,.,20241129,083159,20241129,095831,-1. Inapplicable,-1. Inapplicable
222407,ANES2024TimeSeries_20250808,TN,NA,.,NA,.,NA,20241028,.,NA,.,NA,-1. Inapplicable,-1. Inapplicable
222425,ANES2024TimeSeries_20250808,TN,47,20240826,160004,20240826,180312,.,20241121,210444,20241121,222159,-1. Inapplicable,-1. Inapplicable
222436,ANES2024TimeSeries_20250808,TN,47,20240924,104334,20240924,130831,.,20250115,170957,20250116,173609,-1. Inapplicable,-1. Inapplicable
222460,ANES2024TimeSeries_20250808,OK,40,20240814,171847,20240814,180805,.,20241127,180116,20241127,185124,-1. Inapplicable,-1. Inapplicable
222466,ANES2024TimeSeries_20250808,AL,01,20241001,101530,20241001,124952,.,.,NA,.,NA,-1. Inapplicable,-1. Inapplicable
222472,ANES2024TimeSeries_20250808,TX,48,20240819,222356,20240921,014300,.,20241128,211429,20241128,221442,-1. Inapplicable,-1. Inapplicable
222484,ANES2024TimeSeries_20250808,SC,NA,.,NA,.,NA,20241029,.,NA,.,NA,-1. Inapplicable,-1. Inapplicable
222502,ANES2024TimeSeries_20250808,AL,01,20240815,211747,20240815,223106,.,20241205,094339,20241205,113933,-1. Inapplicable,-1. Inapplicable
222523,ANES2024TimeSeries_20250808,TN,NA,.,NA,.,NA,20241028,.,NA,.,NA,-1. Inapplicable,-1. Inapplicable
222535,ANES2024TimeSeries_20250808,TN,47,20240819,190641,20240819,194803,.,20241120,214532,20241120,222908,-1. Inapplicable,-1. Inapplicable
222541,ANES2024TimeSeries_20250808,OK,40,20240815,115221,20240823,160659,.,20250130,211151,20250131,160436,-1. Inapplicable,-1. Inapplicable
222547,ANES2024TimeSeries_20250808,AR,05,20240927,145524,20241007,191822,.,20241126,144514,20241126,155049,-1. Inapplicable,-1. Inapplicable
222553,ANES2024TimeSeries_20250808,TX,48,20240924,173439,20240924,184733,.,.,NA,.,NA,-1. Inapplicable,-1. Inapplicable
222565,ANES2024TimeSeries_20250808,TN,47,20240816,145607,20240816,164933,.,20250131,152821,20250131,162750,-1. Inapplicable,-1. Inapplicable
222577,ANES2024TimeSeries_20250808,TX,NA,.,NA,.,NA,20241026,.,NA,.,NA,-1. Inapplicable,-1. Inapplicable
222583,ANES2024TimeSeries_20250808,NC,37,20241009,200937,20241009,204352,.,20241201,114430,20241201,123626,-1. Inapplicable,-1. Inapplicable
222589,ANES2024TimeSeries_20250808,TX,48,20240928,173824,20240928,192613,.,20241203,163656,20241203,175431,-1. Inapplicable,-1. Inapplicable
222607,ANES2024TimeSeries_20250808,OK,40,20240826,115923,20240826,133229,.,20241125,135911,20241125,151610,-1. Inapplicable,-1. Inapplicable
222613,ANES2024TimeSeries_20250808,TX,48,20240819,230729,20240820,013459,.,20241118,153447,20241118,153508,-1. Inapplicable,-1. Inapplicable
222619,ANES2024TimeSeries_20250808,OK,40,20240820,133113,20240826,115757,.,.,NA,.,NA,-1. Inapplicable,-1. Inapplicable
222631,ANES2024TimeSeries_20250808,TN,47,20240814,181422,20240814,193727,.,20241122,192151,20241122,203313,-1. Inapplicable,-1. Inapplicable
222643,ANES2024TimeSeries_20250808,OK,40,20240830,222419,20240830,225452,.,.,NA,.,NA,-1. Inapplicable,-1. Inapplicable
222655,ANES2024TimeSeries_20250808,OK,40,20240816,140454,20240816,144001,.,20241117,135108,20241117,135118,-1. Inapplicable,-1. Inapplicable
222666,ANES2024TimeSeries_20250808,SC,45,20240822,125309,.,-1,.,20250115,193600,20250115,202219,-1. Inapplicable,-1. Inapplicable
222672,ANES2024TimeSeries_20250808,GA,NA,.,NA,.,NA,20241028,.,NA,.,NA,-1. Inapplicable,-1. Inapplicable
222678,ANES2024TimeSeries_20250808,OK,40,20240812,184215,20240812,193816,.,20241203,092924,20241203,103317,-1. Inapplicable,-1. Inapplicable
222690,ANES2024TimeSeries_20250808,TX,48,20240826,140109,20240826,152432,.,20241209,153718,20241209,164728,-1. Inapplicable,-1. Inapplicable
222702,ANES2024TimeSeries_20250808,AL,01,20240813,181843,20240905,180751,.,20241224,211911,20241224,222451,-1. Inapplicable,-1. Inapplicable
222780,ANES2024TimeSeries_20250808,FL,12,20240920,174214,20240920,181331,.,.,NA,.,NA,-1. Inapplicable,-1. Inapplicable
222803,ANES2024TimeSeries_20250808,FL,12,20240813,173325,20240813,181527,.,.,NA,.,NA,-1. Inapplicable,-1. Inapplicable
222815,ANES2024TimeSeries_20250808,FL,12,20240819,104710,.,-1,.,20250115,203438,.,-1,-1. Inapplicable,-1. Inapplicable
222833,ANES2024TimeSeries_20250808,LA,22,20240830,214011,20240830,225323,.,20241201,162321,20241201,173102,-1. Inapplicable,-1. Inapplicable
222845,ANES2024TimeSeries_20250808,MS,28,20240831,224803,20240901,002906,.,20250131,154109,20250131,160050,-1. Inapplicable,-1. Inapplicable
222868,ANES2024TimeSeries_20250808,NC,37,20240816,192742,20240816,203044,.,20241126,203218,20241126,213949,-1. Inapplicable,-1. Inapplicable
222951,ANES2024TimeSeries_20250808,TX,48,20240823,012631,20241019,111632,.,20241205,132948,20241205,141904,-1. Inapplicable,-1. Inapplicable
222969,ANES2024TimeSeries_20250808,TX,48,20241014,132747,20241014,143314,.,20241114,114656,20241114,114704,-1. Inapplicable,-1. Inapplicable
223020,ANES2024TimeSeries_20250808,FL,12,20240911,210055,20240911,221053,.,20241214,001656,20241214,011411,-1. Inapplicable,-1. Inapplicable
223044,ANES2024TimeSeries_20250808,DE,10,20240813,152948,20240813,164735,.,20241204,113226,20241204,123042,-1. Inapplicable,-1. Inapplicable
223062,ANES2024TimeSeries_20250808,TX,48,20240818,235810,20240819,203710,.,.,NA,.,NA,-1. Inapplicable,-1. Inapplicable
223080,ANES2024TimeSeries_20250808,FL,NA,.,NA,.,NA,20241028,.,NA,.,NA,-1. Inapplicable,-1. Inapplicable
223092,ANES2024TimeSeries_20250808,TX,48,20240814,190716,20240814,194843,.,20250216,162040,20250216,164309,-1. Inapplicable,-1. Inapplicable
223104,ANES2024TimeSeries_20250808,VA,51,20240927,152545,20240927,160147,.,.,NA,.,NA,-1. Inapplicable,-1. Inapplicable
223122,ANES2024TimeSeries_20250808,FL,12,20240814,114015,20240814,120829,.,20241122,195917,20241122,202201,-1. Inapplicable,-1. Inapplicable
223128,ANES2024TimeSeries_20250808,FL,12,20240818,111657,20240921,172315,.,20241120,170618,20250210,103327,-1. Inapplicable,-1. Inapplicable
223152,ANES2024TimeSeries_20250808,SC,45,20240817,191145,20240817,210217,.,20241202,235017,20241203,005218,-1. Inapplicable,-1. Inapplicable
223183,ANES2024TimeSeries_20250808,SC,45,20240826,173321,20240911,182320,.,20241211,151902,20241211,165330,-1. Inapplicable,-1. Inapplicable
223195,ANES2024TimeSeries_20250808,LA,22,20240816,164227,20240823,151310,.,.,NA,.,NA,-1. Inapplicable,-1. Inapplicable
223201,ANES2024TimeSeries_20250808,FL,12,20240916,170317,20240916,180946,.,20241211,201739,20250116,191000,-1. Inapplicable,-1. Inapplicable
223224,ANES2024TimeSeries_20250808,VA,51,20240812,133318,20240812,141922,.,20241216,151708,.,-1,-1. Inapplicable,-1. Inapplicable
223230,ANES2024TimeSeries_20250808,FL,NA,.,NA,.,NA,20241029,.,NA,.,NA,-1. Inapplicable,-1. Inapplicable
223242,ANES2024TimeSeries_20250808,TX,48,20240923,210644,20240923,221950,.,20241206,212008,20241222,130049,-1. Inapplicable,-1. Inapplicable
223290,ANES2024TimeSeries_20250808,VA,51,20241016,064545,20241016,074803,.,20250117,185528,20250117,200701,-1. Inapplicable,-1. Inapplicable
223296,ANES2024TimeSeries_20250808,TX,48,20240824,172606,20240824,181217,.,20241114,061038,20241114,061048,-1. Inapplicable,-1. Inapplicable
223331,ANES2024TimeSeries_20250808,FL,12,20240816,233255,20240817,004922,.,20241202,000628,20241202,020852,-1. Inapplicable,-1. Inapplicable
223343,ANES2024TimeSeries_20250808,FL,12,20240816,160105,20240816,165844,.,.,NA,.,NA,-1. Inapplicable,-1. Inapplicable
223361,ANES2024TimeSeries_20250808,AL,01,20240817,160548,20240818,183627,.,20241221,071356,20241221,080320,-1. Inapplicable,-1. Inapplicable
223385,ANES2024TimeSeries_20250808,TN,47,20240815,122017,20240815,133941,.,20241118,220207,20241118,220224,-1. Inapplicable,-1. Inapplicable
223391,ANES2024TimeSeries_20250808,FL,NA,.,NA,.,NA,20241028,.,NA,.,NA,-1. Inapplicable,-1. Inapplicable
223432,ANES2024TimeSeries_20250808,FL,12,20240828,135509,20240828,150127,.,20250117,153103,20250117,164756,-1. Inapplicable,-1. Inapplicable
223438,ANES2024TimeSeries_20250808,FL,12,20240817,164640,20240817,181825,.,20241203,214306,20241203,232253,-1. Inapplicable,-1. Inapplicable
223462,ANES2024TimeSeries_20250808,FL,12,20240827,182547,20240827,192754,.,20241215,011249,20241215,021937,-1. Inapplicable,-1. Inapplicable
223468,ANES2024TimeSeries_20250808,VA,51,20240929,132308,20240929,142844,.,20241205,162519,20241205,171900,-1. Inapplicable,-1. Inapplicable
223480,ANES2024TimeSeries_20250808,TX,48,20240814,202534,20240814,211130,.,20241214,170057,20241214,172821,-1. Inapplicable,-1. Inapplicable
223497,ANES2024TimeSeries_20250808,SC,45,20240817,153706,20240818,191111,.,20241115,205755,20241115,205835,-1. Inapplicable,-1. Inapplicable
223503,ANES2024TimeSeries_20250808,TX,NA,.,NA,.,NA,20241025,.,NA,.,NA,-1. Inapplicable,-1. Inapplicable
223515,ANES2024TimeSeries_20250808,VA,51,20240925,114958,20240925,142553,.,.,NA,.,NA,-1. Inapplicable,-1. Inapplicable
223533,ANES2024TimeSeries_20250808,FL,12,20240921,141527,20240921,152405,.,20241228,111700,20241228,121524,-1. Inapplicable,-1. Inapplicable
223572,ANES2024TimeSeries_20250808,DE,10,20240904,142658,20240904,162118,.,20250208,135135,20250208,161438,-1. Inapplicable,-1. Inapplicable
223577,ANES2024TimeSeries_20250808,FL,12,20240812,212057,20240812,223227,.,20241119,165946,20241119,165956,-1. Inapplicable,-1. Inapplicable
223583,ANES2024TimeSeries_20250808,FL,12,20240819,111351,20240819,123244,.,20241205,102207,20241205,120907,-1. Inapplicable,-1. Inapplicable
223589,ANES2024TimeSeries_20250808,FL,NA,.,NA,.,NA,20241026,.,NA,.,NA,-1. Inapplicable,-1. Inapplicable
223601,ANES2024TimeSeries_20250808,MS,28,20240821,231210,20240826,233851,.,20241120,162346,20241120,181907,-1. Inapplicable,-1. Inapplicable
223618,ANES2024TimeSeries_20250808,TX,48,20240925,223120,20240925,232404,.,20241130,140344,20241130,150129,-1. Inapplicable,-1. Inapplicable
223636,ANES2024TimeSeries_20250808,TX,48,20240814,172545,20240814,190305,.,20241202,161116,20241202,180143,-1. Inapplicable,-1. Inapplicable
223659,ANES2024TimeSeries_20250808,FL,12,20240813,143405,20240813,163029,.,20241123,082627,20241123,094642,-1. Inapplicable,-1. Inapplicable
223665,ANES2024TimeSeries_20250808,NC,37,20240909,185540,20240909,204805,.,20241227,063151,20241227,083826,-1. Inapplicable,-1. Inapplicable
223671,ANES2024TimeSeries_20250808,VA,51,20240812,144957,20240812,153608,.,20241121,081217,20241215,110512,-1. Inapplicable,-1. Inapplicable
223677,ANES2024TimeSeries_20250808,FL,12,20240812,191900,20240812,203728,.,20241127,110001,20241127,120102,-1. Inapplicable,-1. Inapplicable
223689,ANES2024TimeSeries_20250808,TX,48,20241017,144753,20241019,012425,.,20241125,184420,20241125,191549,-1. Inapplicable,-1. Inapplicable
223700,ANES2024TimeSeries_20250808,TX,NA,.,NA,.,NA,20241026,.,NA,.,NA,-1. Inapplicable,-1. Inapplicable
223718,ANES2024TimeSeries_20250808,FL,12,20240815,202548,20240815,211308,.,20241210,150845,20241210,161820,-1. Inapplicable,-1. Inapplicable
223730,ANES2024TimeSeries_20250808,VA,51,20240817,145553,20240817,154807,.,20241120,164537,20241120,174105,-1. Inapplicable,-1. Inapplicable
223735,ANES2024TimeSeries_20250808,FL,12,20241029,161833,20241029,172819,.,20250116,140139,20250116,151001,-1. Inapplicable,-1. Inapplicable
223753,ANES2024TimeSeries_20250808,TX,48,20240817,100957,20240910,175610,.,20241130,205110,.,-1,-1. Inapplicable,-1. Inapplicable
223765,ANES2024TimeSeries_20250808,FL,12,20240922,082238,20240925,072414,.,.,NA,.,NA,-1. Inapplicable,-1. Inapplicable
223771,ANES2024TimeSeries_20250808,TN,47,20240828,041533,20240828,055749,.,20241114,033624,20241114,033653,-1. Inapplicable,-1. Inapplicable
223776,ANES2024TimeSeries_20250808,FL,NA,.,NA,.,NA,20241028,.,NA,.,NA,-1. Inapplicable,-1. Inapplicable
223794,ANES2024TimeSeries_20250808,MD,NA,.,NA,.,NA,20241028,.,NA,.,NA,-1. Inapplicable,-1. Inapplicable
223800,ANES2024TimeSeries_20250808,TX,48,20240813,183000,20240813,192628,.,20241119,001222,20241119,001232,-1. Inapplicable,-1. Inapplicable
223806,ANES2024TimeSeries_20250808,FL,12,20240812,211857,20240812,215308,.,20250207,160336,20250207,164535,-1. Inapplicable,-1. Inapplicable
223812,ANES2024TimeSeries_20250808,TN,47,20240922,210234,20240922,222617,.,20241212,215307,20241212,230139,-1. Inapplicable,-1. Inapplicable
223825,ANES2024TimeSeries_20250808,DE,10,20240912,170628,20240912,172735,.,.,NA,.,NA,-1. Inapplicable,-1. Inapplicable
223890,ANES2024TimeSeries_20250808,FL,12,20240814,211554,20240814,215341,.,20241119,170332,20241119,170339,-1. Inapplicable,-1. Inapplicable
223950,ANES2024TimeSeries_20250808,FL,12,20240824,130706,20240824,133934,.,20241220,200939,20250116,161558,-1. Inapplicable,-1. Inapplicable
223967,ANES2024TimeSeries_20250808,FL,12,20240812,164633,20240812,172519,.,20241120,065506,20241120,065515,-1. Inapplicable,-1. Inapplicable
223979,ANES2024TimeSeries_20250808,FL,12,20240922,145554,20240922,160618,.,20241121,201211,20241121,211328,-1. Inapplicable,-1. Inapplicable
223985,ANES2024TimeSeries_20250808,FL,12,20240922,005834,20240922,140347,.,20241114,032008,20241114,035114,-1. Inapplicable,-1. Inapplicable
224050,ANES2024TimeSeries_20250808,LA,NA,.,NA,.,NA,20241026,.,NA,.,NA,-1. Inapplicable,-1. Inapplicable
224056,ANES2024TimeSeries_20250808,MS,28,20240812,140907,20240812,143417,.,20241125,142118,20241125,151453,-1. Inapplicable,-1. Inapplicable
224079,ANES2024TimeSeries_20250808,NC,37,20240923,161117,20240923,165705,.,20241231,184428,20241231,192034,-1. Inapplicable,-1. Inapplicable
224085,ANES2024TimeSeries_20250808,NC,37,20240815,204044,20241013,232810,.,20241120,182329,20241203,112632,-1. Inapplicable,-1. Inapplicable
224091,ANES2024TimeSeries_20250808,NC,NA,.,NA,.,NA,20241030,.,NA,.,NA,-1. Inapplicable,-1. Inapplicable
224144,ANES2024TimeSeries_20250808,TX,NA,.,NA,.,NA,20241030,.,NA,.,NA,-1. Inapplicable,-1. Inapplicable
224150,ANES2024TimeSeries_20250808,TX,48,20240820,214312,20240820,215713,.,.,NA,.,NA,-1. Inapplicable,-1. Inapplicable
224174,ANES2024TimeSeries_20250808,TX,48,20240921,134703,20240921,143729,.,20241123,143511,20241124,190709,-1. Inapplicable,-1. Inapplicable
224180,ANES2024TimeSeries_20250808,TX,48,20240816,121839,20240816,131911,.,20241114,051044,20241114,051104,-1. Inapplicable,-1. Inapplicable
224210,ANES2024TimeSeries_20250808,TX,NA,.,NA,.,NA,20241028,.,NA,.,NA,-1. Inapplicable,-1. Inapplicable
224287,ANES2024TimeSeries_20250808,TX,48,20240813,173307,20240813,184519,.,.,NA,.,NA,-1. Inapplicable,-1. Inapplicable
224316,ANES2024TimeSeries_20250808,TX,48,20240817,093626,20240817,103435,.,20241122,180731,20241122,185702,-1. Inapplicable,-1. Inapplicable
224322,ANES2024TimeSeries_20250808,TX,48,20240813,224542,20240813,233137,.,20241118,120904,20241118,120916,-1. Inapplicable,-1. Inapplicable
224340,ANES2024TimeSeries_20250808,FL,12,20240812,182159,20240812,203145,.,20241211,082447,20241213,144401,-1. Inapplicable,-1. Inapplicable
224352,ANES2024TimeSeries_20250808,MS,28,20241016,082531,.,-1,.,20241230,230715,20241230,235744,-1. Inapplicable,-1. Inapplicable
224364,ANES2024TimeSeries_20250808,FL,12,20240824,153429,20240824,165743,.,20241129,045541,20241129,062140,-1. Inapplicable,-1. Inapplicable
224416,ANES2024TimeSeries_20250808,TX,48,20240813,200545,20240813,220041,.,20241126,081229,20241126,093855,-1. Inapplicable,-1. Inapplicable
224422,ANES2024TimeSeries_20250808,TX,48,20240814,230732,20240815,001551,.,20241123,181406,20241124,145115,-1. Inapplicable,-1. Inapplicable
224440,ANES2024TimeSeries_20250808,FL,12,20241003,135451,20241003,162515,.,20241118,104328,20241121,085119,-1. Inapplicable,-1. Inapplicable
224463,ANES2024TimeSeries_20250808,TX,48,20240820,204015,20240820,212556,.,20250116,160554,20250116,164356,-1. Inapplicable,-1. Inapplicable
224475,ANES2024TimeSeries_20250808,NC,37,20240903,134259,20240903,145829,.,20241227,214645,20241227,233806,-1. Inapplicable,-1. Inapplicable
224516,ANES2024TimeSeries_20250808,VA,51,20240812,210318,20240812,212918,.,20241122,130016,20241122,142712,-1. Inapplicable,-1. Inapplicable
224534,ANES2024TimeSeries_20250808,FL,12,20240819,152103,20240819,161559,.,20241120,212411,20250120,194255,-1. Inapplicable,-1. Inapplicable
224540,ANES2024TimeSeries_20250808,TX,48,20241016,142153,20241016,145105,.,20241122,154147,20241124,014855,-1. Inapplicable,-1. Inapplicable
224551,ANES2024TimeSeries_20250808,TX,48,20240921,152732,20240921,170129,.,20241121,214322,20241121,231618,-1. Inapplicable,-1. Inapplicable
224557,ANES2024TimeSeries_20250808,TX,48,20240821,231203,20240822,001407,.,.,NA,.,NA,-1. Inapplicable,-1. Inapplicable
224563,ANES2024TimeSeries_20250808,FL,12,20240826,162050,20240826,172636,.,.,NA,.,NA,-1. Inapplicable,-1. Inapplicable
224575,ANES2024TimeSeries_20250808,FL,12,20240812,162656,20240812,180049,.,.,NA,.,NA,-1. Inapplicable,-1. Inapplicable
224587,ANES2024TimeSeries_20250808,FL,12,20240817,133140,20240817,141446,.,20241125,165837,20241125,173822,-1. Inapplicable,-1. Inapplicable
224616,ANES2024TimeSeries_20250808,FL,12,20241001,085243,20241001,093138,.,20241128,094155,20241128,101420,-1. Inapplicable,-1. Inapplicable
224622,ANES2024TimeSeries_20250808,NC,37,20240923,064153,20240923,083927,.,20241119,073514,20241119,073533,-1. Inapplicable,-1. Inapplicable
224628,ANES2024TimeSeries_20250808,FL,12,20240819,173437,20240819,183929,.,20241227,160403,20241227,171915,-1. Inapplicable,-1. Inapplicable
224634,ANES2024TimeSeries_20250808,TX,48,20240815,204440,20240923,162113,.,20241120,224020,20241121,083820,-1. Inapplicable,-1. Inapplicable
224669,ANES2024TimeSeries_20250808,NC,37,20240814,002033,20240814,012724,.,.,NA,.,NA,-1. Inapplicable,-1. Inapplicable
224704,ANES2024TimeSeries_20250808,MD,NA,.,NA,.,NA,20241029,.,NA,.,NA,-1. Inapplicable,-1. Inapplicable
224728,ANES2024TimeSeries_20250808,TX,NA,.,NA,.,NA,20241026,.,NA,.,NA,-1. Inapplicable,-1. Inapplicable
224734,ANES2024TimeSeries_20250808,TX,48,20240821,145053,20240821,161722,.,20241120,171653,20241120,183011,-1. Inapplicable,-1. Inapplicable
224739,ANES2024TimeSeries_20250808,TX,48,20240813,165309,20240813,180724,.,20250122,125532,20250122,141106,-1. Inapplicable,-1. Inapplicable
224745,ANES2024TimeSeries_20250808,TX,48,20240814,133016,20240820,142806,.,.,NA,.,NA,-1. Inapplicable,-1. Inapplicable
224782,ANES2024TimeSeries_20250808,NC,37,20240812,175140,20240812,183622,.,20250129,174250,20250129,184455,-1. Inapplicable,-1. Inapplicable
224800,ANES2024TimeSeries_20250808,VA,51,20240815,152251,20240819,163054,.,.,NA,.,NA,-1. Inapplicable,-1. Inapplicable
224841,ANES2024TimeSeries_20250808,TX,48,20240813,164236,20240813,182825,.,20241126,110327,20241126,130009,-1. Inapplicable,-1. Inapplicable
224847,ANES2024TimeSeries_20250808,TX,48,20240822,184630,20240822,204158,.,20241123,215045,20241230,024019,-1. Inapplicable,-1. Inapplicable
224853,ANES2024TimeSeries_20250808,TX,48,20240817,142858,20240817,153438,.,20241124,170225,20241124,175504,-1. Inapplicable,-1. Inapplicable
224876,ANES2024TimeSeries_20250808,FL,12,20240816,144728,20240816,153319,.,20241120,153012,20241120,153029,-1. Inapplicable,-1. Inapplicable
224882,ANES2024TimeSeries_20250808,TX,48,20241009,142628,20241009,155753,.,20250119,091657,20250119,112104,-1. Inapplicable,-1. Inapplicable
224906,ANES2024TimeSeries_20250808,FL,12,20240925,161958,20240925,181243,.,20241126,105205,20241126,113451,-1. Inapplicable,-1. Inapplicable
224918,ANES2024TimeSeries_20250808,MD,24,20240814,080914,20240825,084829,.,20241216,083917,20250211,073152,-1. Inapplicable,-1. Inapplicable
224929,ANES2024TimeSeries_20250808,GA,NA,.,NA,.,NA,20241028,.,NA,.,NA,-1. Inapplicable,-1. Inapplicable
224947,ANES2024TimeSeries_20250808,FL,12,20240821,135815,20240822,143628,.,20241127,112722,20241127,125738,-1. Inapplicable,-1. Inapplicable
224959,ANES2024TimeSeries_20250808,FL,12,20240922,112421,20240922,121954,.,20241125,135532,20241125,145147,-1. Inapplicable,-1. Inapplicable
224976,ANES2024TimeSeries_20250808,GA,13,20240818,105459,20240818,204519,.,20241122,141127,20241122,153611,-1. Inapplicable,-1. Inapplicable
224982,ANES2024TimeSeries_20250808,NC,37,20240921,182244,20240921,185420,.,20250115,170106,20250115,172555,-1. Inapplicable,-1. Inapplicable
224988,ANES2024TimeSeries_20250808,FL,NA,.,NA,.,NA,20241030,.,NA,.,NA,-1. Inapplicable,-1. Inapplicable
224994,ANES2024TimeSeries_20250808,FL,12,20240817,215629,20240817,233219,.,20241202,093409,20250204,222802,-1. Inapplicable,-1. Inapplicable
225000,ANES2024TimeSeries_20250808,FL,12,20240903,160036,20240903,170713,.,20241130,180202,20241130,212713,-1. Inapplicable,-1. Inapplicable
225012,ANES2024TimeSeries_20250808,FL,12,20240911,091922,20240911,104529,.,20241121,153113,20241121,193542,-1. Inapplicable,-1. Inapplicable
225029,ANES2024TimeSeries_20250808,SC,45,20240827,123944,20240921,153301,.,20241231,191259,20241231,211526,-1. Inapplicable,-1. Inapplicable
225035,ANES2024TimeSeries_20250808,TX,48,20241011,093405,20241011,102243,.,.,NA,.,NA,-1. Inapplicable,-1. Inapplicable
225094,ANES2024TimeSeries_20250808,AR,NA,.,NA,.,NA,20241028,.,NA,.,NA,-1. Inapplicable,-1. Inapplicable
225118,ANES2024TimeSeries_20250808,AR,05,20240817,220358,20241014,155450,.,20241201,155718,20250121,152453,-1. Inapplicable,-1. Inapplicable
225159,ANES2024TimeSeries_20250808,KY,21,20240818,175349,20240912,204711,.,20241127,064924,20241127,075809,-1. Inapplicable,-1. Inapplicable
225177,ANES2024TimeSeries_20250808,LA,NA,.,NA,.,NA,20241029,.,NA,.,NA,-1. Inapplicable,-1. Inapplicable
225195,ANES2024TimeSeries_20250808,LA,22,20240815,122627,20240815,130756,.,20241120,161703,20241120,171046,-1. Inapplicable,-1. Inapplicable
225290,ANES2024TimeSeries_20250808,OK,40,20240903,185140,20240904,152734,.,.,NA,.,NA,-1. Inapplicable,-1. Inapplicable
225296,ANES2024TimeSeries_20250808,OK,40,20241007,135054,20241007,143643,.,.,NA,.,NA,-1. Inapplicable,-1. Inapplicable
225314,ANES2024TimeSeries_20250808,TN,47,20240826,154253,20240826,162400,.,20241114,080419,20241114,080433,-1. Inapplicable,-1. Inapplicable
225325,ANES2024TimeSeries_20250808,TX,48,20241006,144617,20241006,155237,.,20241117,201826,20241117,201845,-1. Inapplicable,-1. Inapplicable
225337,ANES2024TimeSeries_20250808,TX,NA,.,NA,.,NA,20241028,.,NA,.,NA,-1. Inapplicable,-1. Inapplicable
225361,ANES2024TimeSeries_20250808,TX,48,20240923,173445,20240923,201305,.,20241125,105435,20241229,111656,-1. Inapplicable,-1. Inapplicable
225426,ANES2024TimeSeries_20250808,WV,54,20240817,150241,20240817,154049,.,20241201,184618,20241201,193112,-1. Inapplicable,-1. Inapplicable
225443,ANES2024TimeSeries_20250808,SC,NA,.,NA,.,NA,20241025,.,NA,.,NA,-1. Inapplicable,-1. Inapplicable
225461,ANES2024TimeSeries_20250808,GA,13,20240924,193610,20241028,083247,.,20250131,070214,20250211,234903,-1. Inapplicable,-1. Inapplicable
225491,ANES2024TimeSeries_20250808,KY,21,20240828,150952,20240828,152702,.,20250210,100319,20250210,131440,-1. Inapplicable,-1. Inapplicable
225508,ANES2024TimeSeries_20250808,TX,48,20240814,153050,20240922,173147,.,20241119,205008,20241119,205019,-1. Inapplicable,-1. Inapplicable
225514,ANES2024TimeSeries_20250808,AR,05,20241027,131719,20241027,141831,.,20241221,101652,20241221,105019,-1. Inapplicable,-1. Inapplicable
225520,ANES2024TimeSeries_20250808,AR,05,20240908,162320,20240908,164943,.,20241123,133042,20250216,090948,-1. Inapplicable,-1. Inapplicable
225526,ANES2024TimeSeries_20250808,NC,37,20240920,133449,20240920,141429,.,20250115,165004,20250115,172836,-1. Inapplicable,-1. Inapplicable
225538,ANES2024TimeSeries_20250808,VA,51,20240813,231717,20240908,095659,.,.,NA,.,NA,-1. Inapplicable,-1. Inapplicable
225550,ANES2024TimeSeries_20250808,LA,22,20241021,180422,20241021,190530,.,20241204,115712,20241204,160738,-1. Inapplicable,-1. Inapplicable
225556,ANES2024TimeSeries_20250808,NC,37,20240920,195008,20240920,205800,.,.,NA,.,NA,-1. Inapplicable,-1. Inapplicable
225580,ANES2024TimeSeries_20250808,TX,48,20241022,132059,20241022,192634,.,20241120,104053,20241120,104111,-1. Inapplicable,-1. Inapplicable
225604,ANES2024TimeSeries_20250808,NC,37,20240820,132603,20240820,141513,.,20250117,123913,20250117,130607,-1. Inapplicable,-1. Inapplicable
225616,ANES2024TimeSeries_20250808,TX,48,20240829,004114,20240829,021340,.,20241206,102644,20241206,163303,-1. Inapplicable,-1. Inapplicable
225634,ANES2024TimeSeries_20250808,MS,28,20240821,172000,20240822,200005,.,.,NA,.,NA,-1. Inapplicable,-1. Inapplicable
225652,ANES2024TimeSeries_20250808,MS,28,20240917,165602,20240917,182129,.,20250115,143309,20250204,222520,-1. Inapplicable,-1. Inapplicable
225658,ANES2024TimeSeries_20250808,TX,48,20240923,195753,20241026,171728,.,20250125,100933,20250125,133057,-1. Inapplicable,-1. Inapplicable
225664,ANES2024TimeSeries_20250808,AR,05,20240813,213727,20240813,223050,.,.,NA,.,NA,-1. Inapplicable,-1. Inapplicable
225675,ANES2024TimeSeries_20250808,LA,NA,.,NA,.,NA,.,.,NA,.,NA,-1. Inapplicable,-1. Inapplicable
225681,ANES2024TimeSeries_20250808,GA,13,20240817,161839,20241009,195854,.,.,NA,.,NA,-1. Inapplicable,-1. Inapplicable
225699,ANES2024TimeSeries_20250808,KY,21,20240826,220954,20240827,002133,.,20241203,101801,20241203,115458,-1. Inapplicable,-1. Inapplicable
225717,ANES2024TimeSeries_20250808,AL,01,20240813,181011,20240813,195938,.,20241202,170901,20241202,183442,-1. Inapplicable,-1. Inapplicable
225723,ANES2024TimeSeries_20250808,AR,05,20240827,150658,20240827,154545,.,20250211,234212,20250212,010017,-1. Inapplicable,-1. Inapplicable
225758,ANES2024TimeSeries_20250808,WV,54,20240814,203420,20240814,212530,.,20241127,075540,20241127,085414,-1. Inapplicable,-1. Inapplicable
225800,ANES2024TimeSeries_20250808,OK,40,20240814,140236,20240814,145044,.,20241118,210159,20241118,210207,-1. Inapplicable,-1. Inapplicable
225805,ANES2024TimeSeries_20250808,AR,05,20240812,123620,20240812,134212,.,20241122,172957,20241122,184846,-1. Inapplicable,-1. Inapplicable
225817,ANES2024TimeSeries_20250808,TX,48,20240909,085823,20240909,104924,.,20241121,074545,20241121,090321,-1. Inapplicable,-1. Inapplicable
225835,ANES2024TimeSeries_20250808,TN,47,20240824,082212,20240824,100344,.,20250101,103045,20250101,120624,-1. Inapplicable,-1. Inapplicable
225847,ANES2024TimeSeries_20250808,MS,28,20240824,175145,20240824,183642,.,20241126,103600,20241126,112840,-1. Inapplicable,-1. Inapplicable
225859,ANES2024TimeSeries_20250808,TX,NA,.,NA,.,NA,20241027,.,NA,.,NA,-1. Inapplicable,-1. Inapplicable
225876,ANES2024TimeSeries_20250808,AL,01,20240812,190237,20240812,195331,.,20241119,145126,20241119,145138,-1. Inapplicable,-1. Inapplicable
225894,ANES2024TimeSeries_20250808,MS,28,20240825,203820,20240825,224502,.,20250123,132708,20250123,145251,-1. Inapplicable,-1. Inapplicable
225900,ANES2024TimeSeries_20250808,TX,48,20240816,213146,20240816,224431,.,20241120,164536,20241120,180330,-1. Inapplicable,-1. Inapplicable
225912,ANES2024TimeSeries_20250808,GA,NA,.,NA,.,NA,20241026,.,NA,.,NA,-1. Inapplicable,-1. Inapplicable
225924,ANES2024TimeSeries_20250808,GA,13,20240815,133712,20240815,142059,.,20241127,100155,20241127,104841,-1. Inapplicable,-1. Inapplicable
225936,ANES2024TimeSeries_20250808,GA,13,20240814,145218,20240814,155444,.,20241124,164656,20241124,174155,-1. Inapplicable,-1. Inapplicable
225954,ANES2024TimeSeries_20250808,NC,NA,.,NA,.,NA,20241028,.,NA,.,NA,-1. Inapplicable,-1. Inapplicable
225972,ANES2024TimeSeries_20250808,WV,54,20240817,201853,20240817,220440,.,20241120,081547,20241120,081603,-1. Inapplicable,-1. Inapplicable
225978,ANES2024TimeSeries_20250808,AL,01,20240813,204959,20240813,212253,.,20241119,090530,20241119,090540,-1. Inapplicable,-1. Inapplicable
225984,ANES2024TimeSeries_20250808,AR,05,20240812,151255,20240812,162112,.,20241129,134249,20241129,145919,-1. Inapplicable,-1. Inapplicable
225990,ANES2024TimeSeries_20250808,NC,37,20241015,122726,20241015,131130,.,20241124,174200,20241124,205740,-1. Inapplicable,-1. Inapplicable
226007,ANES2024TimeSeries_20250808,GA,13,20240910,105930,20240910,125345,.,.,NA,.,NA,-1. Inapplicable,-1. Inapplicable
226055,ANES2024TimeSeries_20250808,GA,13,20240921,125644,20240921,144604,.,20250122,134154,20250122,151245,-1. Inapplicable,-1. Inapplicable
226061,ANES2024TimeSeries_20250808,KY,21,20240821,204922,20240821,213944,.,20241115,183130,20241115,183138,-1. Inapplicable,-1. Inapplicable
226091,ANES2024TimeSeries_20250808,MD,24,20240812,160148,20240812,171119,.,.,NA,.,NA,-1. Inapplicable,-1. Inapplicable
226097,ANES2024TimeSeries_20250808,MS,28,20240904,103802,20240904,114829,.,20241119,232418,20241119,232438,-1. Inapplicable,-1. Inapplicable
226102,ANES2024TimeSeries_20250808,OK,40,20240814,172955,20240814,185555,.,20241122,023702,20241122,034817,-1. Inapplicable,-1. Inapplicable
226108,ANES2024TimeSeries_20250808,SC,NA,.,NA,.,NA,20241028,.,NA,.,NA,-1. Inapplicable,-1. Inapplicable
226120,ANES2024TimeSeries_20250808,MD,24,20240911,162336,20241012,103759,.,20241119,145221,20241119,145234,-1. Inapplicable,-1. Inapplicable
226185,ANES2024TimeSeries_20250808,FL,12,20241004,214612,20241004,223326,.,20241211,003210,20241211,012554,-1. Inapplicable,-1. Inapplicable
226197,ANES2024TimeSeries_20250808,GA,13,20240816,153708,20240816,163113,.,20241219,162939,20241219,172745,-1. Inapplicable,-1. Inapplicable
226203,ANES2024TimeSeries_20250808,GA,13,20240813,144349,20240813,155421,.,20241114,054844,20241114,054905,-1. Inapplicable,-1. Inapplicable
226214,ANES2024TimeSeries_20250808,KY,NA,.,NA,.,NA,20241027,.,NA,.,NA,-1. Inapplicable,-1. Inapplicable
226232,ANES2024TimeSeries_20250808,LA,22,20240908,201622,20240908,211523,.,20241119,172308,20241119,172324,-1. Inapplicable,-1. Inapplicable
226238,ANES2024TimeSeries_20250808,LA,22,20240817,134905,20240817,145030,.,20241206,124824,20241206,140129,-1. Inapplicable,-1. Inapplicable
226274,ANES2024TimeSeries_20250808,NC,37,20240816,142559,20240816,171846,.,20241115,073350,20241115,073415,-1. Inapplicable,-1. Inapplicable
226357,ANES2024TimeSeries_20250808,SC,NA,.,NA,.,NA,20241031,.,NA,.,NA,-1. Inapplicable,-1. Inapplicable
226405,ANES2024TimeSeries_20250808,TX,48,20240812,143309,.,-1,.,20241219,185402,20241219,191641,-1. Inapplicable,-1. Inapplicable
226411,ANES2024TimeSeries_20250808,TX,48,20240905,155718,20240905,170330,.,20241210,144543,20241210,153842,-1. Inapplicable,-1. Inapplicable
226442,ANES2024TimeSeries_20250808,LA,22,20240822,121559,20240822,125420,.,.,NA,.,NA,-1. Inapplicable,-1. Inapplicable
226472,ANES2024TimeSeries_20250808,VA,51,20240819,190240,20240921,181024,.,20241114,043151,20241114,043157,-1. Inapplicable,-1. Inapplicable
226490,ANES2024TimeSeries_20250808,TX,48,20240901,173835,20240901,191044,.,20241122,151226,20241122,170244,-1. Inapplicable,-1. Inapplicable
226513,ANES2024TimeSeries_20250808,NC,37,20240823,140700,20240823,150805,.,20250116,140234,20250116,144741,-1. Inapplicable,-1. Inapplicable
226525,ANES2024TimeSeries_20250808,AR,05,20241102,194519,20241102,201857,.,20241119,173311,20241119,173321,-1. Inapplicable,-1. Inapplicable
226537,ANES2024TimeSeries_20250808,NC,37,20240815,103017,20240815,120747,.,.,NA,.,NA,-1. Inapplicable,-1. Inapplicable
226548,ANES2024TimeSeries_20250808,FL,NA,.,NA,.,NA,20241026,.,NA,.,NA,-1. Inapplicable,-1. Inapplicable
226554,ANES2024TimeSeries_20250808,GA,NA,.,NA,.,NA,20241026,.,NA,.,NA,-1. Inapplicable,-1. Inapplicable
226596,ANES2024TimeSeries_20250808,AL,NA,.,NA,.,NA,20241030,.,NA,.,NA,-1. Inapplicable,-1. Inapplicable
226608,ANES2024TimeSeries_20250808,SC,45,20240812,211407,20240812,223731,.,20241230,195500,20241230,210203,-1. Inapplicable,-1. Inapplicable
226632,ANES2024TimeSeries_20250808,NC,37,20240928,164747,20240928,182241,.,.,NA,.,NA,-1. Inapplicable,-1. Inapplicable
226638,ANES2024TimeSeries_20250808,FL,12,20240814,155813,20240831,193638,.,20241203,205250,20241203,220954,-1. Inapplicable,-1. Inapplicable
226673,ANES2024TimeSeries_20250808,KY,21,20240813,152411,20240907,124355,.,20241228,132027,20241228,143121,-1. Inapplicable,-1. Inapplicable
226697,ANES2024TimeSeries_20250808,SC,45,20240921,180559,20240921,204010,.,20241229,182208,20241229,192932,-1. Inapplicable,-1. Inapplicable
226726,ANES2024TimeSeries_20250808,KY,21,20240819,162726,20241010,202455,.,.,NA,.,NA,-1. Inapplicable,-1. Inapplicable
226779,ANES2024TimeSeries_20250808,TN,47,20240814,190949,20240814,202928,.,20250116,142339,20250116,153116,-1. Inapplicable,-1. Inapplicable
226791,ANES2024TimeSeries_20250808,SC,45,20240901,131711,20240901,144407,.,.,NA,.,NA,-1. Inapplicable,-1. Inapplicable
226838,ANES2024TimeSeries_20250808,LA,22,20240812,180119,20240812,190735,.,20241119,162403,20241119,162436,-1. Inapplicable,-1. Inapplicable
226844,ANES2024TimeSeries_20250808,SC,45,20241016,113346,.,-1,.,.,NA,.,NA,-1. Inapplicable,-1. Inapplicable
226879,ANES2024TimeSeries_20250808,SC,45,20240812,135911,20240812,144434,.,20241121,012407,20241121,023914,-1. Inapplicable,-1. Inapplicable
226897,ANES2024TimeSeries_20250808,SC,45,20240921,100111,20240921,122523,.,.,NA,.,NA,-1. Inapplicable,-1. Inapplicable
226927,ANES2024TimeSeries_20250808,NC,37,20240824,090131,20240824,112453,.,20241211,123844,20241211,150229,-1. Inapplicable,-1. Inapplicable
226955,ANES2024TimeSeries_20250808,LA,22,20240823,180338,20240823,182849,.,.,NA,.,NA,-1. Inapplicable,-1. Inapplicable
226973,ANES2024TimeSeries_20250808,NC,37,20240902,090850,20240902,094103,.,20241202,124550,20250131,123652,-1. Inapplicable,-1. Inapplicable
226997,ANES2024TimeSeries_20250808,KY,21,20240821,193248,20240821,211937,.,20241121,183449,20241121,195442,-1. Inapplicable,-1. Inapplicable
227008,ANES2024TimeSeries_20250808,TX,NA,.,NA,.,NA,20241029,.,NA,.,NA,-1. Inapplicable,-1. Inapplicable
227014,ANES2024TimeSeries_20250808,SC,45,20240923,172256,20240923,183909,.,.,NA,.,NA,-1. Inapplicable,-1. Inapplicable
227026,ANES2024TimeSeries_20250808,LA,NA,.,NA,.,NA,20241026,.,NA,.,NA,-1. Inapplicable,-1. Inapplicable
227032,ANES2024TimeSeries_20250808,NC,37,20240821,142726,20240821,155520,.,20241228,151936,20241228,171138,-1. Inapplicable,-1. Inapplicable
227044,ANES2024TimeSeries_20250808,SC,45,20240829,150127,20240829,160617,.,20241123,165610,20241123,175702,-1. Inapplicable,-1. Inapplicable
227062,ANES2024TimeSeries_20250808,LA,22,20240812,171432,20240812,180859,.,20241118,212242,20241118,212254,-1. Inapplicable,-1. Inapplicable
227068,ANES2024TimeSeries_20250808,FL,12,20240813,185757,20240813,200302,.,20250210,200347,20250210,212421,-1. Inapplicable,-1. Inapplicable
227091,ANES2024TimeSeries_20250808,SC,45,20240831,125422,20240831,141811,.,20241216,170650,20241216,180524,-1. Inapplicable,-1. Inapplicable
227103,ANES2024TimeSeries_20250808,SC,45,20240812,162512,20240812,171025,.,20241119,154632,20241119,154648,-1. Inapplicable,-1. Inapplicable
227115,ANES2024TimeSeries_20250808,SC,45,20240821,181548,20240821,190608,.,20241126,082420,20241126,114033,-1. Inapplicable,-1. Inapplicable
227121,ANES2024TimeSeries_20250808,SC,45,20240812,201201,20240812,211319,.,20241123,194503,20241123,205417,-1. Inapplicable,-1. Inapplicable
227127,ANES2024TimeSeries_20250808,GA,13,20240825,112338,20240825,123432,.,20241204,185926,20241204,194334,-1. Inapplicable,-1. Inapplicable
227133,ANES2024TimeSeries_20250808,SC,45,20240813,144328,20240813,172809,.,20241115,092010,20241115,092022,-1. Inapplicable,-1. Inapplicable
227145,ANES2024TimeSeries_20250808,SC,45,20240816,172215,20240816,182642,.,20241207,183431,20241207,194314,-1. Inapplicable,-1. Inapplicable
227151,ANES2024TimeSeries_20250808,TX,48,20241021,175242,20241021,191326,.,20241230,130012,20241230,140947,-1. Inapplicable,-1. Inapplicable
227198,ANES2024TimeSeries_20250808,SC,45,20240921,135508,20240921,152243,.,20241226,220057,20241226,234048,-1. Inapplicable,-1. Inapplicable
227204,ANES2024TimeSeries_20250808,VA,51,20240922,125455,20240922,141918,.,20241120,222204,20241204,160231,-1. Inapplicable,-1. Inapplicable
227210,ANES2024TimeSeries_20250808,FL,12,20240813,110539,20240813,121630,.,.,NA,.,NA,-1. Inapplicable,-1. Inapplicable
227258,ANES2024TimeSeries_20250808,FL,12,20240818,102710,20240818,120044,.,20241118,211625,20241118,211644,-1. Inapplicable,-1. Inapplicable
227358,ANES2024TimeSeries_20250808,FL,12,20240831,224752,20240831,233707,.,.,NA,.,NA,-1. Inapplicable,-1. Inapplicable
227400,ANES2024TimeSeries_20250808,GA,13,20240818,185335,20240818,201059,.,20250217,135618,20250217,150451,-1. Inapplicable,-1. Inapplicable
227411,ANES2024TimeSeries_20250808,MD,24,20240813,174926,20240813,182321,.,20241129,104354,20241129,111138,-1. Inapplicable,-1. Inapplicable
227429,ANES2024TimeSeries_20250808,NC,37,20240818,075342,.,-1,.,20250115,124909,20250210,111818,-1. Inapplicable,-1. Inapplicable
227447,ANES2024TimeSeries_20250808,NC,37,20240819,165219,20240819,185358,.,20241120,091800,20241120,091808,-1. Inapplicable,-1. Inapplicable
227459,ANES2024TimeSeries_20250808,NC,37,20240814,065314,20240814,120009,.,.,NA,.,NA,-1. Inapplicable,-1. Inapplicable
227560,ANES2024TimeSeries_20250808,VA,NA,.,NA,.,NA,20241026,.,NA,.,NA,-1. Inapplicable,-1. Inapplicable
227572,ANES2024TimeSeries_20250808,FL,12,20240817,105228,20240824,230741,.,20250116,151041,.,-1,-1. Inapplicable,-1. Inapplicable
227578,ANES2024TimeSeries_20250808,FL,NA,.,NA,.,NA,20241030,.,NA,.,NA,-1. Inapplicable,-1. Inapplicable
227584,ANES2024TimeSeries_20250808,FL,12,20240813,083326,20240813,093051,.,20241127,073810,20241127,082419,-1. Inapplicable,-1. Inapplicable
227600,ANES2024TimeSeries_20250808,FL,12,20240823,081708,20240823,093205,.,20250131,151758,20250131,163104,-1. Inapplicable,-1. Inapplicable
227606,ANES2024TimeSeries_20250808,GA,13,20240816,220104,20240816,225930,.,20241114,085242,20241114,085302,-1. Inapplicable,-1. Inapplicable
227623,ANES2024TimeSeries_20250808,FL,12,20240820,092601,20240820,175101,.,20241130,175021,20241130,190930,-1. Inapplicable,-1. Inapplicable
227629,ANES2024TimeSeries_20250808,NC,37,20240922,133713,20240922,143112,.,20241119,151756,20241119,151805,-1. Inapplicable,-1. Inapplicable
227641,ANES2024TimeSeries_20250808,GA,13,20240814,080343,20240816,161845,.,20241124,175203,20241124,185005,-1. Inapplicable,-1. Inapplicable
227647,ANES2024TimeSeries_20250808,TX,48,20240817,142328,20240817,151732,.,20241124,164539,20241124,172720,-1. Inapplicable,-1. Inapplicable
227659,ANES2024TimeSeries_20250808,FL,12,20240911,212335,20240911,222038,.,20250201,143957,.,-1,-1. Inapplicable,-1. Inapplicable
227677,ANES2024TimeSeries_20250808,FL,12,20240828,230438,20240829,094713,.,20241127,123201,20241127,155053,-1. Inapplicable,-1. Inapplicable
227694,ANES2024TimeSeries_20250808,NC,37,20240819,075008,.,-1,.,20241231,143814,20250106,150625,-1. Inapplicable,-1. Inapplicable
227706,ANES2024TimeSeries_20250808,FL,12,20240825,181016,20240825,191341,.,20250116,144911,20250116,170315,-1. Inapplicable,-1. Inapplicable
227712,ANES2024TimeSeries_20250808,NC,37,20240907,144830,20240907,152324,.,.,NA,.,NA,-1. Inapplicable,-1. Inapplicable
227724,ANES2024TimeSeries_20250808,FL,12,20240817,030520,20240817,042339,.,20241212,184646,20241212,194959,-1. Inapplicable,-1. Inapplicable
227730,ANES2024TimeSeries_20250808,NC,37,20240816,172219,20240816,183801,.,.,NA,.,NA,-1. Inapplicable,-1. Inapplicable
227736,ANES2024TimeSeries_20250808,FL,12,20240923,144201,20240923,165545,.,20241120,134519,20241120,134614,-1. Inapplicable,-1. Inapplicable
227741,ANES2024TimeSeries_20250808,NC,37,20240812,205720,20240812,220121,.,.,NA,.,NA,-1. Inapplicable,-1. Inapplicable
227771,ANES2024TimeSeries_20250808,FL,12,20240813,214555,20240813,222419,.,.,NA,.,NA,-1. Inapplicable,-1. Inapplicable
227789,ANES2024TimeSeries_20250808,VA,51,20240824,202420,20240824,215703,.,20241213,205507,20241213,225920,-1. Inapplicable,-1. Inapplicable
227795,ANES2024TimeSeries_20250808,FL,12,20240813,130033,20240813,142148,.,20241122,175816,20241122,190514,-1. Inapplicable,-1. Inapplicable
227806,ANES2024TimeSeries_20250808,FL,12,20240830,113055,20240830,123336,.,20250201,184727,20250201,200027,-1. Inapplicable,-1. Inapplicable
227842,ANES2024TimeSeries_20250808,GA,13,20241018,200047,20241018,215310,.,20241226,174645,20241226,192328,-1. Inapplicable,-1. Inapplicable
227854,ANES2024TimeSeries_20250808,FL,12,20240912,102243,20240912,105543,.,.,NA,.,NA,-1. Inapplicable,-1. Inapplicable
227877,ANES2024TimeSeries_20250808,FL,12,20240812,175000,20240812,181501,.,20241220,151748,20241220,154554,-1. Inapplicable,-1. Inapplicable
227895,ANES2024TimeSeries_20250808,FL,12,20240812,160031,20240812,165433,.,.,NA,.,NA,-1. Inapplicable,-1. Inapplicable
227913,ANES2024TimeSeries_20250808,FL,12,20240823,130430,20240823,141945,.,20250131,144159,20250203,084835,-1. Inapplicable,-1. Inapplicable
227978,ANES2024TimeSeries_20250808,FL,12,20240813,073601,20240813,092927,.,.,NA,.,NA,-1. Inapplicable,-1. Inapplicable
227989,ANES2024TimeSeries_20250808,FL,12,20240923,174151,20240923,181257,.,20241128,091259,20241128,094102,-1. Inapplicable,-1. Inapplicable
228001,ANES2024TimeSeries_20250808,VA,51,20240826,171453,20240826,183146,.,.,NA,.,NA,-1. Inapplicable,-1. Inapplicable
228013,ANES2024TimeSeries_20250808,FL,12,20240829,123840,.,-1,.,.,NA,.,NA,-1. Inapplicable,-1. Inapplicable
228025,ANES2024TimeSeries_20250808,NC,37,20240812,164116,20240812,175627,.,20241122,200311,20241125,202210,-1. Inapplicable,-1. Inapplicable
228042,ANES2024TimeSeries_20250808,FL,12,20240814,202802,20240814,214515,.,20241126,203941,20241126,220857,-1. Inapplicable,-1. Inapplicable
228048,ANES2024TimeSeries_20250808,FL,12,20240813,173839,20240813,192850,.,20241119,153814,20241119,153850,-1. Inapplicable,-1. Inapplicable
228054,ANES2024TimeSeries_20250808,NC,37,20240909,145605,20240909,161722,.,.,NA,.,NA,-1. Inapplicable,-1. Inapplicable
228066,ANES2024TimeSeries_20250808,FL,12,20240825,150210,20240825,161332,.,20250118,105539,20250118,115756,-1. Inapplicable,-1. Inapplicable
228090,ANES2024TimeSeries_20250808,FL,NA,.,NA,.,NA,20241026,.,NA,.,NA,-1. Inapplicable,-1. Inapplicable
228096,ANES2024TimeSeries_20250808,MD,24,20240814,135011,20240817,140829,.,20241231,150303,20241231,162451,-1. Inapplicable,-1. Inapplicable
228102,ANES2024TimeSeries_20250808,FL,NA,.,NA,.,NA,20241031,.,NA,.,NA,-1. Inapplicable,-1. Inapplicable
228108,ANES2024TimeSeries_20250808,FL,12,20240813,063928,20240813,075714,.,20241125,055455,20241125,071547,-1. Inapplicable,-1. Inapplicable
228137,ANES2024TimeSeries_20250808,GA,13,20240819,174751,20240819,190257,.,20241130,141333,20241130,152753,-1. Inapplicable,-1. Inapplicable
228143,ANES2024TimeSeries_20250808,FL,12,20240921,102909,20240921,113743,.,20241228,091817,20241228,103608,-1. Inapplicable,-1. Inapplicable
228161,ANES2024TimeSeries_20250808,FL,12,20240924,153912,20241019,231841,.,20241130,135941,20241201,130915,-1. Inapplicable,-1. Inapplicable
228167,ANES2024TimeSeries_20250808,FL,12,20240812,145319,20240812,152422,.,20241208,111124,20241208,114254,-1. Inapplicable,-1. Inapplicable
228179,ANES2024TimeSeries_20250808,FL,12,20241017,180203,20241017,193947,.,20241128,200651,20241128,212738,-1. Inapplicable,-1. Inapplicable
228197,ANES2024TimeSeries_20250808,FL,12,20240812,201728,20240812,220642,.,20241224,123903,20241224,134210,-1. Inapplicable,-1. Inapplicable
228203,ANES2024TimeSeries_20250808,FL,12,20240812,160756,20240812,173803,.,20241219,111334,20241227,214649,-1. Inapplicable,-1. Inapplicable
228208,ANES2024TimeSeries_20250808,FL,12,20240816,111703,20240823,185859,.,.,NA,.,NA,-1. Inapplicable,-1. Inapplicable
228214,ANES2024TimeSeries_20250808,NC,37,20240816,213252,20240816,221910,.,20241201,163944,20241201,171421,-1. Inapplicable,-1. Inapplicable
228220,ANES2024TimeSeries_20250808,FL,12,20240814,104631,20240814,113952,.,20241117,111917,20241117,111928,-1. Inapplicable,-1. Inapplicable
228226,ANES2024TimeSeries_20250808,GA,NA,.,NA,.,NA,20241026,.,NA,.,NA,-1. Inapplicable,-1. Inapplicable
228250,ANES2024TimeSeries_20250808,NC,37,20240910,145245,20240910,165915,.,.,NA,.,NA,-1. Inapplicable,-1. Inapplicable
228280,ANES2024TimeSeries_20250808,FL,12,20240815,091404,20240815,105649,.,.,NA,.,NA,-1. Inapplicable,-1. Inapplicable
228303,ANES2024TimeSeries_20250808,TX,48,20241008,151425,20241008,173252,.,20241121,190213,20241121,211717,-1. Inapplicable,-1. Inapplicable
228309,ANES2024TimeSeries_20250808,FL,12,20240817,105639,20240817,121559,.,20241203,094816,20241203,111209,-1. Inapplicable,-1. Inapplicable
228339,ANES2024TimeSeries_20250808,GA,13,20240827,132137,20240827,143356,.,20241216,141506,20241216,152922,-1. Inapplicable,-1. Inapplicable
228351,ANES2024TimeSeries_20250808,FL,12,20240812,163951,20240812,173151,.,20250115,201829,20250115,210536,-1. Inapplicable,-1. Inapplicable
228363,ANES2024TimeSeries_20250808,FL,NA,.,NA,.,NA,20241029,.,NA,.,NA,-1. Inapplicable,-1. Inapplicable
228387,ANES2024TimeSeries_20250808,AL,NA,.,NA,.,NA,20241030,.,NA,.,NA,-1. Inapplicable,-1. Inapplicable
228410,ANES2024TimeSeries_20250808,AR,NA,.,NA,.,NA,20241027,.,NA,.,NA,-1. Inapplicable,-1. Inapplicable
228416,ANES2024TimeSeries_20250808,AR,05,20240826,141841,20240826,153124,.,.,NA,.,NA,-1. Inapplicable,-1. Inapplicable
228451,ANES2024TimeSeries_20250808,GA,13,20240815,173506,20240815,180718,.,20250116,154014,20250116,162658,-1. Inapplicable,-1. Inapplicable
228475,ANES2024TimeSeries_20250808,LA,22,20240816,075624,20240816,092023,.,.,NA,.,NA,-1. Inapplicable,-1. Inapplicable
228545,ANES2024TimeSeries_20250808,OK,40,20240820,194247,20240820,204616,.,20241222,213729,20241222,224140,-1. Inapplicable,-1. Inapplicable
228598,ANES2024TimeSeries_20250808,TN,NA,.,NA,.,NA,20241101,.,NA,.,NA,-1. Inapplicable,-1. Inapplicable
228622,ANES2024TimeSeries_20250808,TX,48,20240819,170559,20241017,200743,.,20241226,104218,20241226,111344,-1. Inapplicable,-1. Inapplicable
228627,ANES2024TimeSeries_20250808,TX,48,20240823,125542,20240914,124345,.,20241120,220430,20241120,230437,-1. Inapplicable,-1. Inapplicable
228751,ANES2024TimeSeries_20250808,WV,54,20240816,222134,20240913,101657,.,.,NA,.,NA,-1. Inapplicable,-1. Inapplicable
228791,ANES2024TimeSeries_20250808,TN,47,20240813,133902,20240813,151730,.,.,NA,.,NA,-1. Inapplicable,-1. Inapplicable
228797,ANES2024TimeSeries_20250808,AR,05,20240925,162936,20240925,175903,.,20241201,140311,20241201,150017,-1. Inapplicable,-1. Inapplicable
228821,ANES2024TimeSeries_20250808,TX,48,20240820,174444,20240822,131019,.,20241120,203117,20241121,081350,-1. Inapplicable,-1. Inapplicable
228827,ANES2024TimeSeries_20250808,TX,48,20240813,230055,20240814,014243,.,20241127,031929,20241130,191044,-1. Inapplicable,-1. Inapplicable
228833,ANES2024TimeSeries_20250808,AR,05,20240813,142825,20240813,155611,.,.,NA,.,NA,-1. Inapplicable,-1. Inapplicable
228880,ANES2024TimeSeries_20250808,OK,40,20241016,160453,20241016,164243,.,20241120,231022,20241219,211900,-1. Inapplicable,-1. Inapplicable
228939,ANES2024TimeSeries_20250808,TX,NA,.,NA,.,NA,20241029,.,NA,.,NA,-1. Inapplicable,-1. Inapplicable
228944,ANES2024TimeSeries_20250808,TN,47,20240816,134717,20240912,150740,.,20250120,112923,20250120,134045,-1. Inapplicable,-1. Inapplicable
228962,ANES2024TimeSeries_20250808,TX,48,20240818,183617,20240818,220420,.,20250131,232656,20250201,003015,-1. Inapplicable,-1. Inapplicable
228980,ANES2024TimeSeries_20250808,MS,28,20240924,180510,20240924,191501,.,20241120,165905,20241120,202239,-1. Inapplicable,-1. Inapplicable
228991,ANES2024TimeSeries_20250808,OK,40,20240814,121250,20240814,132151,.,20241125,105914,20241125,121557,-1. Inapplicable,-1. Inapplicable
229003,ANES2024TimeSeries_20250808,OK,40,20240812,195156,20240812,205311,.,20241121,101741,20241121,111715,-1. Inapplicable,-1. Inapplicable
229021,ANES2024TimeSeries_20250808,OK,NA,.,NA,.,NA,20241028,.,NA,.,NA,-1. Inapplicable,-1. Inapplicable
229027,ANES2024TimeSeries_20250808,OK,40,20240812,215633,20240812,230124,.,20241126,183956,20241126,193557,-1. Inapplicable,-1. Inapplicable
229115,ANES2024TimeSeries_20250808,TX,48,20240812,215045,20240812,231013,.,20241119,091340,20241119,091357,-1. Inapplicable,-1. Inapplicable
229126,ANES2024TimeSeries_20250808,AL,01,20240812,134417,20240812,145951,.,20241120,122653,20241120,122705,-1. Inapplicable,-1. Inapplicable
229138,ANES2024TimeSeries_20250808,WV,54,20240819,120202,20240819,123130,.,20241125,184907,20241125,192404,-1. Inapplicable,-1. Inapplicable
229144,ANES2024TimeSeries_20250808,TX,48,20240813,134714,20240813,144513,.,20241220,135640,20241220,145526,-1. Inapplicable,-1. Inapplicable
229150,ANES2024TimeSeries_20250808,TX,48,20240820,154504,20240820,184613,.,20250117,185055,20250117,213525,-1. Inapplicable,-1. Inapplicable
229156,ANES2024TimeSeries_20250808,TN,47,20240917,163626,20240917,170958,.,20241220,151430,20241220,155843,-1. Inapplicable,-1. Inapplicable
229162,ANES2024TimeSeries_20250808,AL,01,20240821,182048,20240821,184750,.,20241220,211048,20241220,231022,-1. Inapplicable,-1. Inapplicable
229173,ANES2024TimeSeries_20250808,WV,54,20240827,085510,20240827,121456,.,20241203,184256,20250214,110205,-1. Inapplicable,-1. Inapplicable
229185,ANES2024TimeSeries_20250808,GA,13,20240812,191408,20240812,202102,.,20241126,183101,20241126,191645,-1. Inapplicable,-1. Inapplicable
229206,ANES2024TimeSeries_20250808,TX,NA,.,NA,.,NA,20241026,.,NA,.,NA,-1. Inapplicable,-1. Inapplicable
229218,ANES2024TimeSeries_20250808,WV,NA,.,NA,.,NA,20241026,.,NA,.,NA,-1. Inapplicable,-1. Inapplicable
229230,ANES2024TimeSeries_20250808,TN,47,20240922,171914,20240922,211220,.,20241120,214715,20241120,224311,-1. Inapplicable,-1. Inapplicable
229248,ANES2024TimeSeries_20250808,TX,48,20240921,175117,20240921,193529,.,20241121,080945,20241121,093800,-1. Inapplicable,-1. Inapplicable
229259,ANES2024TimeSeries_20250808,OK,40,20240829,104524,20240829,115726,.,20241201,190519,20241201,201634,-1. Inapplicable,-1. Inapplicable
229289,ANES2024TimeSeries_20250808,WV,54,20240819,183325,20240819,201909,.,20250116,112151,20250116,124234,-1. Inapplicable,-1. Inapplicable
229301,ANES2024TimeSeries_20250808,TX,48,20241015,150855,20241015,154355,.,20241231,184407,20241231,193111,-1. Inapplicable,-1. Inapplicable
229313,ANES2024TimeSeries_20250808,AL,01,20240922,222228,20240922,233653,.,20241231,155210,20241231,170253,-1. Inapplicable,-1. Inapplicable
229319,ANES2024TimeSeries_20250808,TX,48,20240812,175737,20240812,184239,.,20250115,131823,20250115,135907,-1. Inapplicable,-1. Inapplicable
229325,ANES2024TimeSeries_20250808,KY,21,20240921,225811,20240921,235134,.,.,NA,.,NA,-1. Inapplicable,-1. Inapplicable
229348,ANES2024TimeSeries_20250808,TN,47,20240814,212745,20240814,221838,.,20250115,212750,20250115,221615,-1. Inapplicable,-1. Inapplicable
229366,ANES2024TimeSeries_20250808,OK,NA,.,NA,.,NA,20241025,.,NA,.,NA,-1. Inapplicable,-1. Inapplicable
229378,ANES2024TimeSeries_20250808,KY,21,20240813,130125,20240813,134003,.,20241128,221210,20241128,224204,-1. Inapplicable,-1. Inapplicable
229396,ANES2024TimeSeries_20250808,GA,13,20240817,102107,20240817,125507,.,20241127,160927,20241127,175444,-1. Inapplicable,-1. Inapplicable
229401,ANES2024TimeSeries_20250808,TN,47,20240928,173145,.,-1,.,.,NA,.,NA,-1. Inapplicable,-1. Inapplicable
229417,ANES2024TimeSeries_20250808,AL,01,20240908,133946,20240908,140321,.,20241206,141516,20241206,143315,-1. Inapplicable,-1. Inapplicable
229446,ANES2024TimeSeries_20250808,FL,12,20240815,182532,20240815,195141,.,20250115,180042,20250115,192740,-1. Inapplicable,-1. Inapplicable
229452,ANES2024TimeSeries_20250808,FL,12,20240814,191138,20240814,200630,.,20241120,115907,20241120,115923,-1. Inapplicable,-1. Inapplicable
229482,ANES2024TimeSeries_20250808,KY,NA,.,NA,.,NA,20241028,.,NA,.,NA,-1. Inapplicable,-1. Inapplicable
229488,ANES2024TimeSeries_20250808,KY,21,20241024,143046,20241024,145509,.,20241115,132711,20241115,132717,-1. Inapplicable,-1. Inapplicable
229493,ANES2024TimeSeries_20250808,KY,21,20240926,110639,20240926,120127,.,20241120,171121,20250208,181040,-1. Inapplicable,-1. Inapplicable
229511,ANES2024TimeSeries_20250808,LA,22,20240815,131957,20240906,140854,.,.,NA,.,NA,-1. Inapplicable,-1. Inapplicable
229570,ANES2024TimeSeries_20250808,SC,45,20240818,121718,20240818,130459,.,20241129,160945,20241129,220920,-1. Inapplicable,-1. Inapplicable
229582,ANES2024TimeSeries_20250808,TN,NA,.,NA,.,NA,20241029,.,NA,.,NA,-1. Inapplicable,-1. Inapplicable
229606,ANES2024TimeSeries_20250808,TN,47,20241008,004826,20241008,092624,.,20241126,000032,20241126,050452,-1. Inapplicable,-1. Inapplicable
229618,ANES2024TimeSeries_20250808,TX,48,20240814,214253,20240815,000445,.,20241129,212911,20241130,002026,-1. Inapplicable,-1. Inapplicable
229630,ANES2024TimeSeries_20250808,TX,48,20240831,162628,20240831,170559,.,.,NA,.,NA,-1. Inapplicable,-1. Inapplicable
229701,ANES2024TimeSeries_20250808,AR,05,20241001,154239,20241001,161338,.,20241130,144737,20241204,133227,-1. Inapplicable,-1. Inapplicable
229724,ANES2024TimeSeries_20250808,TX,48,20240907,111123,20240907,114127,.,20250128,191234,20250128,194707,-1. Inapplicable,-1. Inapplicable
229736,ANES2024TimeSeries_20250808,GA,13,20240812,141905,20240812,151850,.,20241120,131353,20241120,131402,-1. Inapplicable,-1. Inapplicable
229754,ANES2024TimeSeries_20250808,AL,01,20240818,140534,20240818,142625,.,20241118,033450,20241118,033506,-1. Inapplicable,-1. Inapplicable
229771,ANES2024TimeSeries_20250808,KY,21,20240818,195642,20240818,210710,.,20241231,112659,20241231,123759,-1. Inapplicable,-1. Inapplicable
229788,ANES2024TimeSeries_20250808,AR,05,20240821,155654,20240821,164324,.,20250117,210047,20250117,214831,-1. Inapplicable,-1. Inapplicable
229794,ANES2024TimeSeries_20250808,TN,47,20240816,091024,20240816,095243,.,20241121,204433,20241121,214523,-1. Inapplicable,-1. Inapplicable
229812,ANES2024TimeSeries_20250808,AL,01,20240827,162850,20240827,191246,.,20250122,203626,20250122,215820,-1. Inapplicable,-1. Inapplicable
229817,ANES2024TimeSeries_20250808,OK,40,20240817,141112,20240817,170325,.,20241114,040303,20241114,040326,-1. Inapplicable,-1. Inapplicable
229823,ANES2024TimeSeries_20250808,KY,NA,.,NA,.,NA,20241027,.,NA,.,NA,-1. Inapplicable,-1. Inapplicable
229829,ANES2024TimeSeries_20250808,AL,01,20240823,170314,20240823,180144,.,20241206,002116,20241206,011902,-1. Inapplicable,-1. Inapplicable
229834,ANES2024TimeSeries_20250808,TX,48,20240817,125321,20240817,143138,.,20241227,225302,20241227,233016,-1. Inapplicable,-1. Inapplicable
229839,ANES2024TimeSeries_20250808,GA,13,20241011,150558,20241012,155025,.,20241201,180439,20241202,012802,-1. Inapplicable,-1. Inapplicable
229845,ANES2024TimeSeries_20250808,AL,01,20241009,110912,20241010,133233,.,20241114,040839,20241114,040901,-1. Inapplicable,-1. Inapplicable
229851,ANES2024TimeSeries_20250808,GA,13,20240830,220226,20240830,231906,.,20250117,082349,20250117,093250,-1. Inapplicable,-1. Inapplicable
229857,ANES2024TimeSeries_20250808,KY,21,20240820,191047,20240820,200748,.,20250117,124534,20250117,132557,-1. Inapplicable,-1. Inapplicable
229863,ANES2024TimeSeries_20250808,WV,54,20240923,163712,20240923,175942,.,.,NA,.,NA,-1. Inapplicable,-1. Inapplicable
229886,ANES2024TimeSeries_20250808,KY,NA,.,NA,.,NA,20241028,.,NA,.,NA,-1. Inapplicable,-1. Inapplicable
229898,ANES2024TimeSeries_20250808,AR,05,20240902,181137,20240902,201221,.,20241125,172007,20241125,180856,-1. Inapplicable,-1. Inapplicable
229904,ANES2024TimeSeries_20250808,TN,47,20240814,142932,20240814,145909,.,20241203,105605,20241203,112257,-1. Inapplicable,-1. Inapplicable
229910,ANES2024TimeSeries_20250808,AL,01,20240824,060823,20240824,065347,.,20241201,105050,20241201,114142,-1. Inapplicable,-1. Inapplicable
229928,ANES2024TimeSeries_20250808,TX,48,20240826,201524,20240826,211605,.,.,NA,.,NA,-1. Inapplicable,-1. Inapplicable
229951,ANES2024TimeSeries_20250808,TX,48,20240815,042838,20241018,100419,.,20241119,181038,20241119,181106,-1. Inapplicable,-1. Inapplicable
229957,ANES2024TimeSeries_20250808,KY,21,20240812,234339,20240813,005843,.,.,NA,.,NA,-1. Inapplicable,-1. Inapplicable
230004,ANES2024TimeSeries_20250808,SC,45,20240815,192715,20240815,205911,.,20241212,100042,20241216,120529,-1. Inapplicable,-1. Inapplicable
230022,ANES2024TimeSeries_20250808,TX,48,20240816,145959,20240829,150609,.,20241219,193923,20241219,203009,-1. Inapplicable,-1. Inapplicable
230027,ANES2024TimeSeries_20250808,MS,28,20240827,060111,20240827,074133,.,20250115,193858,.,-1,-1. Inapplicable,-1. Inapplicable
230033,ANES2024TimeSeries_20250808,AL,01,20240923,000814,20240923,011520,.,20241214,201453,20241214,211504,-1. Inapplicable,-1. Inapplicable
230045,ANES2024TimeSeries_20250808,TN,47,20240814,065314,20240814,081906,.,20241121,153808,20241121,183533,-1. Inapplicable,-1. Inapplicable
230057,ANES2024TimeSeries_20250808,TN,47,20240921,155904,20240921,170232,.,20241212,171630,20241212,181431,-1. Inapplicable,-1. Inapplicable
230063,ANES2024TimeSeries_20250808,VA,51,20240819,204429,20240819,215406,.,20241204,203530,20241204,215959,-1. Inapplicable,-1. Inapplicable
230069,ANES2024TimeSeries_20250808,AL,01,20240822,085808,20240822,094734,.,20241206,091818,20241206,101151,-1. Inapplicable,-1. Inapplicable
230086,ANES2024TimeSeries_20250808,TX,48,20241015,181053,20241015,185641,.,20250120,103454,20250120,112438,-1. Inapplicable,-1. Inapplicable
230098,ANES2024TimeSeries_20250808,AL,01,20240818,183713,20240818,194726,.,20241203,135654,20241203,150703,-1. Inapplicable,-1. Inapplicable
230116,ANES2024TimeSeries_20250808,TX,48,20240818,121932,20240818,130238,.,20241123,075531,20241123,084058,-1. Inapplicable,-1. Inapplicable
230127,ANES2024TimeSeries_20250808,SC,NA,.,NA,.,NA,20241101,.,NA,.,NA,-1. Inapplicable,-1. Inapplicable
230133,ANES2024TimeSeries_20250808,TN,47,20240817,193526,20240817,202812,.,20241209,170257,20241209,174617,-1. Inapplicable,-1. Inapplicable
230157,ANES2024TimeSeries_20250808,WV,54,20240817,202528,20240817,224747,.,20241125,195358,20241125,212357,-1. Inapplicable,-1. Inapplicable
230186,ANES2024TimeSeries_20250808,TX,48,20240815,105625,20240815,115921,.,.,NA,.,NA,-1. Inapplicable,-1. Inapplicable
230203,ANES2024TimeSeries_20250808,LA,NA,.,NA,.,NA,20241026,.,NA,.,NA,-1. Inapplicable,-1. Inapplicable
230214,ANES2024TimeSeries_20250808,TX,48,20240818,212435,20240818,224754,.,20241121,100707,20241121,112559,-1. Inapplicable,-1. Inapplicable
230238,ANES2024TimeSeries_20250808,WV,54,20240813,142240,20240813,152808,.,20241123,184729,20241123,194014,-1. Inapplicable,-1. Inapplicable
230255,ANES2024TimeSeries_20250808,LA,22,20240813,175206,20240813,184939,.,20241120,164350,20241120,173514,-1. Inapplicable,-1. Inapplicable
230261,ANES2024TimeSeries_20250808,WV,54,20240813,182503,20240813,194934,.,20241202,061126,20241202,074750,-1. Inapplicable,-1. Inapplicable
230267,ANES2024TimeSeries_20250808,LA,22,20240813,160516,20240813,173621,.,20241121,161627,20241121,171927,-1. Inapplicable,-1. Inapplicable
230302,ANES2024TimeSeries_20250808,TX,48,20241022,205239,20241022,215658,.,20241119,170605,20241119,170621,-1. Inapplicable,-1. Inapplicable
230337,ANES2024TimeSeries_20250808,FL,12,20240815,124105,20240815,134229,.,20250203,094602,20250203,104036,-1. Inapplicable,-1. Inapplicable
230355,ANES2024TimeSeries_20250808,SC,45,20240816,135529,20240816,151501,.,20241126,113812,20241126,130123,-1. Inapplicable,-1. Inapplicable
230361,ANES2024TimeSeries_20250808,MS,28,20240813,170542,20240813,185736,.,20241114,111143,20241114,111206,-1. Inapplicable,-1. Inapplicable
230396,ANES2024TimeSeries_20250808,GA,13,20240819,131418,20240819,141351,.,20241219,162213,20241219,170606,-1. Inapplicable,-1. Inapplicable
230402,ANES2024TimeSeries_20250808,TX,48,20241015,183856,20241015,203611,.,20241201,165426,20241201,183034,-1. Inapplicable,-1. Inapplicable
230414,ANES2024TimeSeries_20250808,WV,54,20240815,083105,20240926,140759,.,20241119,071003,20241119,071017,-1. Inapplicable,-1. Inapplicable
230420,ANES2024TimeSeries_20250808,AR,05,20240815,082335,20240815,100255,.,20241221,070639,20241221,083226,-1. Inapplicable,-1. Inapplicable
230425,ANES2024TimeSeries_20250808,KY,21,20240812,202428,20240909,203941,.,20241120,204237,20241120,215211,-1. Inapplicable,-1. Inapplicable
230431,ANES2024TimeSeries_20250808,KY,21,20240923,121548,20240923,132141,.,20241123,192430,20241123,205529,-1. Inapplicable,-1. Inapplicable
230443,ANES2024TimeSeries_20250808,WV,NA,.,NA,.,NA,20241025,.,NA,.,NA,-1. Inapplicable,-1. Inapplicable
230449,ANES2024TimeSeries_20250808,KY,21,20240818,121426,20240818,125600,.,20241201,140947,20241201,150105,-1. Inapplicable,-1. Inapplicable
230455,ANES2024TimeSeries_20250808,KY,21,20240820,145321,20240905,221652,.,20241125,190826,20241125,203212,-1. Inapplicable,-1. Inapplicable
230497,ANES2024TimeSeries_20250808,FL,12,20240815,140050,20240815,212129,.,20241126,173537,20241126,204017,-1. Inapplicable,-1. Inapplicable
230515,ANES2024TimeSeries_20250808,FL,12,20240817,182957,20240817,213247,.,20241122,104851,20241122,113742,-1. Inapplicable,-1. Inapplicable
230532,ANES2024TimeSeries_20250808,GA,13,20240921,200627,20240921,204125,.,20250115,125732,20250115,134106,-1. Inapplicable,-1. Inapplicable
230556,ANES2024TimeSeries_20250808,GA,13,20240909,191228,20240909,200333,.,20241120,142759,20241120,142818,-1. Inapplicable,-1. Inapplicable
230567,ANES2024TimeSeries_20250808,KY,21,20240815,073843,20240815,084338,.,20241209,180602,20241209,184734,-1. Inapplicable,-1. Inapplicable
230573,ANES2024TimeSeries_20250808,LA,NA,.,NA,.,NA,20241030,.,NA,.,NA,-1. Inapplicable,-1. Inapplicable
230597,ANES2024TimeSeries_20250808,NC,37,20240829,004652,20240829,013214,.,20241122,173615,20241122,194415,-1. Inapplicable,-1. Inapplicable
230603,ANES2024TimeSeries_20250808,NC,37,20240926,184514,20240926,191453,.,20241119,160856,20241119,160910,-1. Inapplicable,-1. Inapplicable
230655,ANES2024TimeSeries_20250808,TX,48,20241022,123947,20241022,193938,.,20241231,225249,20250101,010606,-1. Inapplicable,-1. Inapplicable
230667,ANES2024TimeSeries_20250808,TX,48,20240927,112706,20240927,130254,.,.,NA,.,NA,-1. Inapplicable,-1. Inapplicable
230679,ANES2024TimeSeries_20250808,TX,48,20240812,193114,20240812,201012,.,.,NA,.,NA,-1. Inapplicable,-1. Inapplicable
230708,ANES2024TimeSeries_20250808,VA,51,20240903,120455,20240903,131125,.,.,NA,.,NA,-1. Inapplicable,-1. Inapplicable
230714,ANES2024TimeSeries_20250808,VA,51,20240828,093709,20240828,102720,.,20241126,163257,20241126,173051,-1. Inapplicable,-1. Inapplicable
230739,ANES2024TimeSeries_20250808,VA,NA,NA,NA,NA,NA,20241027,.,NA,.,NA,-1. Inapplicable,-1. Inapplicable
230745,ANES2024TimeSeries_20250808,FL,12,20240910,065645,20240910,085732,.,20250217,091824,20250217,102625,-1. Inapplicable,-1. Inapplicable
230751,ANES2024TimeSeries_20250808,VA,51,20240815,103423,20240815,114531,.,20241115,133949,20241115,134005,-1. Inapplicable,-1. Inapplicable
230798,ANES2024TimeSeries_20250808,TN,47,20240908,101529,20240908,113233,.,20250115,214212,20250115,225637,-1. Inapplicable,-1. Inapplicable
230804,ANES2024TimeSeries_20250808,VA,51,20240921,153508,20240921,163810,.,20241126,153206,20241126,163824,-1. Inapplicable,-1. Inapplicable
230810,ANES2024TimeSeries_20250808,SC,45,20241012,135551,20241012,143616,.,20241201,114820,20241201,123441,-1. Inapplicable,-1. Inapplicable
230821,ANES2024TimeSeries_20250808,VA,51,20240828,091053,20240828,104123,.,20241123,080745,20241123,103203,-1. Inapplicable,-1. Inapplicable
230827,ANES2024TimeSeries_20250808,FL,12,20240814,102446,20240814,110210,.,20241226,162956,20241226,170649,-1. Inapplicable,-1. Inapplicable
230845,ANES2024TimeSeries_20250808,AL,01,20240821,113903,20240821,122402,.,.,NA,.,NA,-1. Inapplicable,-1. Inapplicable
230856,ANES2024TimeSeries_20250808,LA,22,20240814,110830,20240814,124152,.,20241121,100931,20241121,115354,-1. Inapplicable,-1. Inapplicable
230868,ANES2024TimeSeries_20250808,TX,48,20240828,205016,20240828,213344,.,.,NA,.,NA,-1. Inapplicable,-1. Inapplicable
230878,ANES2024TimeSeries_20250808,AL,01,20240821,165343,20240821,172517,.,20241120,195656,20241120,203115,-1. Inapplicable,-1. Inapplicable
230884,ANES2024TimeSeries_20250808,FL,12,20240816,191633,20240816,202918,.,20250117,100206,20250117,111415,-1. Inapplicable,-1. Inapplicable
230907,ANES2024TimeSeries_20250808,SC,NA,.,NA,.,NA,20241028,.,NA,.,NA,-1. Inapplicable,-1. Inapplicable
230972,ANES2024TimeSeries_20250808,KY,21,20241017,064813,20241017,074100,.,20241127,072024,20241127,080457,-1. Inapplicable,-1. Inapplicable
230978,ANES2024TimeSeries_20250808,TX,48,20240927,061530,20240927,065110,.,20241125,182421,20241125,190108,-1. Inapplicable,-1. Inapplicable
230984,ANES2024TimeSeries_20250808,FL,12,20241009,170036,20241009,182204,.,20241114,223044,20241114,223100,-1. Inapplicable,-1. Inapplicable
230990,ANES2024TimeSeries_20250808,AL,01,20240820,101418,20240820,120626,.,20250205,162358,20250205,182044,-1. Inapplicable,-1. Inapplicable
230995,ANES2024TimeSeries_20250808,VA,51,20240922,111152,20240922,122201,.,.,NA,.,NA,-1. Inapplicable,-1. Inapplicable
231001,ANES2024TimeSeries_20250808,LA,22,20240816,154916,20240816,171038,.,20241210,133249,20241210,150952,-1. Inapplicable,-1. Inapplicable
231013,ANES2024TimeSeries_20250808,TX,48,20240819,162349,20240819,182034,.,20250122,132503,20250122,153008,-1. Inapplicable,-1. Inapplicable
231025,ANES2024TimeSeries_20250808,FL,12,20240817,153815,20240817,200243,.,20250115,173049,20250115,181821,-1. Inapplicable,-1. Inapplicable
231031,ANES2024TimeSeries_20250808,AL,01,20240815,080857,20240815,094302,.,20250115,141036,20250115,153304,-1. Inapplicable,-1. Inapplicable
231037,ANES2024TimeSeries_20250808,TX,48,20240910,122003,20240910,134928,.,20250217,152431,20250217,163122,-1. Inapplicable,-1. Inapplicable
231042,ANES2024TimeSeries_20250808,NC,37,20240819,173637,20240909,183407,.,20241125,153419,20241125,165222,-1. Inapplicable,-1. Inapplicable
231107,ANES2024TimeSeries_20250808,TN,47,20240815,141905,20240920,140258,.,20241223,115602,20241223,124618,-1. Inapplicable,-1. Inapplicable
231166,ANES2024TimeSeries_20250808,TX,48,20240831,174612,20240831,185050,.,.,NA,.,NA,-1. Inapplicable,-1. Inapplicable
231178,ANES2024TimeSeries_20250808,TX,48,20241020,194720,20241020,201532,.,.,NA,.,NA,-1. Inapplicable,-1. Inapplicable
231189,ANES2024TimeSeries_20250808,TN,47,20240915,234359,20240916,015353,.,20241203,191526,20241203,203452,-1. Inapplicable,-1. Inapplicable
231225,ANES2024TimeSeries_20250808,TX,48,20240826,085222,20240826,101313,.,20250115,175018,20250115,193957,-1. Inapplicable,-1. Inapplicable
231236,ANES2024TimeSeries_20250808,NC,37,20240904,142923,20240904,151339,.,20250119,094626,20250119,102853,-1. Inapplicable,-1. Inapplicable
231248,ANES2024TimeSeries_20250808,GA,NA,.,NA,.,NA,.,.,NA,.,NA,-1. Inapplicable,-1. Inapplicable
231265,ANES2024TimeSeries_20250808,FL,NA,.,NA,.,NA,20241028,.,NA,.,NA,-1. Inapplicable,-1. Inapplicable
231277,ANES2024TimeSeries_20250808,FL,12,20240818,171759,20240820,130540,.,20241119,110529,20241119,110534,-1. Inapplicable,-1. Inapplicable
231319,ANES2024TimeSeries_20250808,GA,13,20240814,100051,20240814,104752,.,20250210,154258,20250210,163555,-1. Inapplicable,-1. Inapplicable
231324,ANES2024TimeSeries_20250808,LA,22,20240926,021102,20240926,043358,.,20241202,002112,20241202,014631,-1. Inapplicable,-1. Inapplicable
231336,ANES2024TimeSeries_20250808,VA,51,20240921,144717,20240921,161910,.,.,NA,.,NA,-1. Inapplicable,-1. Inapplicable
231354,ANES2024TimeSeries_20250808,NC,NA,.,NA,.,NA,20241030,.,NA,.,NA,-1. Inapplicable,-1. Inapplicable
231360,ANES2024TimeSeries_20250808,GA,13,20240828,114105,20240828,130146,.,20241121,171312,20241121,180611,-1. Inapplicable,-1. Inapplicable
231378,ANES2024TimeSeries_20250808,AL,NA,.,NA,.,NA,20241026,.,NA,.,NA,-1. Inapplicable,-1. Inapplicable
231383,ANES2024TimeSeries_20250808,NC,37,20240820,021536,20240820,033158,.,20250210,112909,20250210,125308,-1. Inapplicable,-1. Inapplicable
231389,ANES2024TimeSeries_20250808,AL,01,20240826,133312,20240826,140230,.,20241114,035126,20241114,035134,-1. Inapplicable,-1. Inapplicable
231395,ANES2024TimeSeries_20250808,VA,NA,.,NA,.,NA,20241030,.,NA,.,NA,-1. Inapplicable,-1. Inapplicable
231401,ANES2024TimeSeries_20250808,TX,48,20240812,200036,20240812,220552,.,20250120,195036,20250120,221810,-1. Inapplicable,-1. Inapplicable
231407,ANES2024TimeSeries_20250808,AL,01,20240813,184259,20240813,203350,.,20241127,172755,20241127,192033,-1. Inapplicable,-1. Inapplicable
231448,ANES2024TimeSeries_20250808,GA,13,20240904,163622,20240904,181734,.,20241129,144712,20241129,162407,-1. Inapplicable,-1. Inapplicable
231466,ANES2024TimeSeries_20250808,KY,21,20240922,124006,20240922,141225,.,20241208,115728,20241208,131947,-1. Inapplicable,-1. Inapplicable
231496,ANES2024TimeSeries_20250808,TX,48,20240814,134716,20240814,151904,.,20241121,171707,20250210,141950,-1. Inapplicable,-1. Inapplicable
231501,ANES2024TimeSeries_20250808,TX,48,20240815,180056,20240815,192455,.,.,NA,.,NA,-1. Inapplicable,-1. Inapplicable
231513,ANES2024TimeSeries_20250808,FL,NA,.,NA,.,NA,20241028,.,NA,.,NA,-1. Inapplicable,-1. Inapplicable
231519,ANES2024TimeSeries_20250808,TX,48,20240922,161008,20240922,170344,.,20241125,165552,20241125,183036,-1. Inapplicable,-1. Inapplicable
231525,ANES2024TimeSeries_20250808,FL,12,20240817,182205,20240817,205400,.,20241205,213659,20241205,224756,-1. Inapplicable,-1. Inapplicable
231531,ANES2024TimeSeries_20250808,GA,13,20240815,095451,20240815,140606,.,20241114,093454,20241114,093508,-1. Inapplicable,-1. Inapplicable
231543,ANES2024TimeSeries_20250808,NC,37,20240909,133204,20240909,152408,.,.,NA,.,NA,-1. Inapplicable,-1. Inapplicable
231549,ANES2024TimeSeries_20250808,FL,12,20240912,055709,20240912,062502,.,20250206,100113,20250206,103011,-1. Inapplicable,-1. Inapplicable
231555,ANES2024TimeSeries_20250808,VA,51,20241013,174148,20241013,184510,.,20241125,201914,20241125,214556,-1. Inapplicable,-1. Inapplicable
231615,ANES2024TimeSeries_20250808,CA,06,20240816,202341,20240816,210430,.,20241122,142459,20241122,145237,-1. Inapplicable,-1. Inapplicable
231650,ANES2024TimeSeries_20250808,CA,06,20240821,094809,20240823,193300,.,20241201,184422,20241201,201729,-1. Inapplicable,-1. Inapplicable
231709,ANES2024TimeSeries_20250808,CA,06,20240820,145028,20240820,165313,.,.,NA,.,NA,-1. Inapplicable,-1. Inapplicable
231739,ANES2024TimeSeries_20250808,CA,06,20240818,174834,20240818,195834,.,20250131,114120,20250131,130807,-1. Inapplicable,-1. Inapplicable
231746,ANES2024TimeSeries_20250808,CA,06,20240814,112618,20241017,160530,.,20250117,135842,20250117,160626,-1. Inapplicable,-1. Inapplicable
231770,ANES2024TimeSeries_20250808,CA,06,20240814,012927,20240814,020757,.,20241123,171254,20241123,211538,-1. Inapplicable,-1. Inapplicable
231788,ANES2024TimeSeries_20250808,CA,06,20240823,212705,20240926,174238,.,20241119,134128,20241119,134138,-1. Inapplicable,-1. Inapplicable
231794,ANES2024TimeSeries_20250808,CA,NA,.,NA,.,NA,20241026,.,NA,.,NA,-1. Inapplicable,-1. Inapplicable
231800,ANES2024TimeSeries_20250808,CA,06,20240923,202542,20240925,154108,.,20241120,193407,20241120,224927,-1. Inapplicable,-1. Inapplicable
231806,ANES2024TimeSeries_20250808,CA,06,20240817,175843,20240817,191219,.,20241117,161924,20241117,161948,-1. Inapplicable,-1. Inapplicable
231818,ANES2024TimeSeries_20250808,CA,06,20240920,203153,20240920,214223,.,20250116,114315,20250116,123321,-1. Inapplicable,-1. Inapplicable
231824,ANES2024TimeSeries_20250808,CA,06,20240817,135051,20240817,160306,.,.,NA,.,NA,-1. Inapplicable,-1. Inapplicable
231898,ANES2024TimeSeries_20250808,CA,06,20240818,183545,20240818,185959,.,20241205,123820,20241205,130843,-1. Inapplicable,-1. Inapplicable
231962,ANES2024TimeSeries_20250808,CA,06,20240819,164616,20240819,172627,.,20241121,101757,20241121,105621,-1. Inapplicable,-1. Inapplicable
231973,ANES2024TimeSeries_20250808,CA,06,20240820,031344,20240820,034852,.,20241114,145247,20241114,145307,-1. Inapplicable,-1. Inapplicable
231993,ANES2024TimeSeries_20250808,CA,06,20240820,221230,20240923,172249,.,20241211,002114,20250115,182423,-1. Inapplicable,-1. Inapplicable
232015,ANES2024TimeSeries_20250808,CA,06,20240921,155136,20240921,171108,.,20250106,153311,20250106,161405,-1. Inapplicable,-1. Inapplicable
232027,ANES2024TimeSeries_20250808,CA,06,20241026,155159,20241026,165225,.,20241127,193243,20241203,170903,-1. Inapplicable,-1. Inapplicable
232053,ANES2024TimeSeries_20250808,CA,06,20240817,173851,20240817,185159,.,20241125,113643,20241125,171833,-1. Inapplicable,-1. Inapplicable
232065,ANES2024TimeSeries_20250808,CA,NA,.,NA,.,NA,20241024,.,NA,.,NA,-1. Inapplicable,-1. Inapplicable
232071,ANES2024TimeSeries_20250808,CA,06,20240812,231730,20240813,003427,.,20241130,184036,20241130,195442,-1. Inapplicable,-1. Inapplicable
232077,ANES2024TimeSeries_20250808,CA,06,20240814,003544,20240923,151250,.,20241114,125055,20241114,125223,-1. Inapplicable,-1. Inapplicable
232101,ANES2024TimeSeries_20250808,CA,06,20240813,175317,20240813,191943,.,20241114,012226,20241114,012239,-1. Inapplicable,-1. Inapplicable
232118,ANES2024TimeSeries_20250808,NM,35,20240813,201958,20240813,205155,.,20241204,195119,20241204,202925,-1. Inapplicable,-1. Inapplicable
232178,ANES2024TimeSeries_20250808,CA,06,20240825,135043,20240826,035747,.,20241210,205440,20241210,220348,-1. Inapplicable,-1. Inapplicable
232211,ANES2024TimeSeries_20250808,CA,NA,.,NA,.,NA,20241030,.,NA,.,NA,-1. Inapplicable,-1. Inapplicable
232223,ANES2024TimeSeries_20250808,CA,06,20240813,214700,20240816,195150,.,20241118,191915,20241118,192020,-1. Inapplicable,-1. Inapplicable
232229,ANES2024TimeSeries_20250808,CA,06,20240912,110629,20240912,122737,.,20241230,182739,20241230,191115,-1. Inapplicable,-1. Inapplicable
232246,ANES2024TimeSeries_20250808,CA,NA,.,NA,.,NA,20241026,.,NA,.,NA,-1. Inapplicable,-1. Inapplicable
232252,ANES2024TimeSeries_20250808,CA,06,20240831,215214,20240831,232521,.,20241125,224627,20241126,003140,-1. Inapplicable,-1. Inapplicable
232264,ANES2024TimeSeries_20250808,CA,NA,.,NA,.,NA,20241025,.,NA,.,NA,-1. Inapplicable,-1. Inapplicable
232276,ANES2024TimeSeries_20250808,CA,NA,.,NA,.,NA,20241026,.,NA,.,NA,-1. Inapplicable,-1. Inapplicable
232282,ANES2024TimeSeries_20250808,CA,06,20240824,150440,20240826,144627,.,20241127,124710,20241128,173530,-1. Inapplicable,-1. Inapplicable
232311,ANES2024TimeSeries_20250808,CA,06,20240812,221611,20240812,232755,.,20241124,222243,20241125,003346,-1. Inapplicable,-1. Inapplicable
232323,ANES2024TimeSeries_20250808,CA,06,20240818,004720,20240818,024857,.,20250115,192616,20250115,215715,-1. Inapplicable,-1. Inapplicable
232352,ANES2024TimeSeries_20250808,CA,06,20240819,191848,20240819,203216,.,20250127,171032,20250127,182347,-1. Inapplicable,-1. Inapplicable
232415,ANES2024TimeSeries_20250808,OR,41,20240827,021005,20240827,210706,.,.,NA,.,NA,-1. Inapplicable,-1. Inapplicable
232426,ANES2024TimeSeries_20250808,OR,41,20240822,134505,20240830,163332,.,20241119,135817,20241119,135825,-1. Inapplicable,-1. Inapplicable
232462,ANES2024TimeSeries_20250808,WA,53,20240823,220757,20240823,225752,.,20241123,011404,20241123,015225,-1. Inapplicable,-1. Inapplicable
232549,ANES2024TimeSeries_20250808,OR,41,20240812,233357,20240813,001737,.,20241126,020131,20241205,160413,-1. Inapplicable,-1. Inapplicable
232555,ANES2024TimeSeries_20250808,WA,53,20240813,025144,20240813,033414,.,20250115,182959,20250115,192117,-1. Inapplicable,-1. Inapplicable
232567,ANES2024TimeSeries_20250808,WA,53,20240827,223921,20240827,232855,.,20241128,003427,20241128,011909,-1. Inapplicable,-1. Inapplicable
232617,ANES2024TimeSeries_20250808,OR,41,20240813,125806,20240813,133931,.,20241119,130240,20241119,130255,-1. Inapplicable,-1. Inapplicable
232634,ANES2024TimeSeries_20250808,WA,53,20241009,225703,20241010,010011,.,.,NA,.,NA,-1. Inapplicable,-1. Inapplicable
232640,ANES2024TimeSeries_20250808,WA,53,20241104,004334,20241104,015009,.,.,NA,.,NA,-1. Inapplicable,-1. Inapplicable
232670,ANES2024TimeSeries_20250808,OR,41,20240818,181409,20240923,172358,.,.,NA,.,NA,-1. Inapplicable,-1. Inapplicable
232687,ANES2024TimeSeries_20250808,OR,41,20240813,133820,20240813,151204,.,20241228,012818,20241228,022616,-1. Inapplicable,-1. Inapplicable
232693,ANES2024TimeSeries_20250808,OR,41,20240816,180245,20240816,190245,.,20241122,150629,20241122,181301,-1. Inapplicable,-1. Inapplicable
232705,ANES2024TimeSeries_20250808,WA,53,20240812,212445,20240812,214654,.,20241119,063715,20241119,063729,-1. Inapplicable,-1. Inapplicable
232711,ANES2024TimeSeries_20250808,CO,08,20240818,114751,20240826,152659,.,.,NA,.,NA,-1. Inapplicable,-1. Inapplicable
232716,ANES2024TimeSeries_20250808,OR,41,20240908,174101,20240908,191105,.,20241125,123316,20241125,133735,-1. Inapplicable,-1. Inapplicable
232734,ANES2024TimeSeries_20250808,CO,08,20240818,144806,20240818,152445,.,.,NA,.,NA,-1. Inapplicable,-1. Inapplicable
232746,ANES2024TimeSeries_20250808,WA,53,20241015,185306,20241015,200033,.,20241215,224910,20241216,000056,-1. Inapplicable,-1. Inapplicable
232763,ANES2024TimeSeries_20250808,WA,53,20240922,124241,20240922,135049,.,20241114,002948,20241114,003000,-1. Inapplicable,-1. Inapplicable
232769,ANES2024TimeSeries_20250808,WA,53,20240924,061140,20240924,063501,.,20250119,164423,20250119,170633,-1. Inapplicable,-1. Inapplicable
232781,ANES2024TimeSeries_20250808,CO,08,20240814,221410,20240817,135551,.,20241122,193914,20241231,133942,-1. Inapplicable,-1. Inapplicable
232793,ANES2024TimeSeries_20250808,CO,08,20240814,100625,20240814,113646,.,20241115,093636,20241115,093652,-1. Inapplicable,-1. Inapplicable
232829,ANES2024TimeSeries_20250808,WA,53,20240823,214703,20240823,223433,.,20250115,201939,20250116,014038,-1. Inapplicable,-1. Inapplicable
232835,ANES2024TimeSeries_20250808,CO,NA,.,NA,.,NA,20241029,.,NA,.,NA,-1. Inapplicable,-1. Inapplicable
232858,ANES2024TimeSeries_20250808,CO,08,20240827,094933,20240827,140146,.,20241217,112515,20241218,093224,-1. Inapplicable,-1. Inapplicable
232888,ANES2024TimeSeries_20250808,CO,08,20240902,200412,20240904,160532,.,20241124,171658,20241124,175803,-1. Inapplicable,-1. Inapplicable
232900,ANES2024TimeSeries_20250808,OR,41,20240817,191129,20240817,213009,.,20241120,144350,20241120,144403,-1. Inapplicable,-1. Inapplicable
232941,ANES2024TimeSeries_20250808,AZ,NA,.,NA,.,NA,20241029,.,NA,.,NA,-1. Inapplicable,-1. Inapplicable
232983,ANES2024TimeSeries_20250808,HI,15,20240813,192251,20240813,203051,.,20241202,225541,20241203,000527,-1. Inapplicable,-1. Inapplicable
233024,ANES2024TimeSeries_20250808,NM,35,20240813,131606,20240813,152941,.,20250122,124244,20250122,140415,-1. Inapplicable,-1. Inapplicable
233030,ANES2024TimeSeries_20250808,NM,35,20240816,212120,20240816,230530,.,20241119,010528,20241119,010615,-1. Inapplicable,-1. Inapplicable
233036,ANES2024TimeSeries_20250808,NM,35,20240927,113846,20240927,130759,.,20241126,144037,20241126,155212,-1. Inapplicable,-1. Inapplicable
233042,ANES2024TimeSeries_20250808,NM,35,20240812,205132,20240812,214627,.,20241124,192529,20241124,204511,-1. Inapplicable,-1. Inapplicable
233048,ANES2024TimeSeries_20250808,NM,35,20240814,174416,20240814,181558,.,20250218,141211,.,-1,-1. Inapplicable,-1. Inapplicable
233055,ANES2024TimeSeries_20250808,NM,35,20240815,193959,20240815,195756,.,20241210,211833,20241210,213834,-1. Inapplicable,-1. Inapplicable
233061,ANES2024TimeSeries_20250808,HI,15,20240813,153058,20240813,165235,.,20241218,011935,.,-1,-1. Inapplicable,-1. Inapplicable
233104,ANES2024TimeSeries_20250808,NM,35,20240815,142746,20240815,150542,.,.,NA,.,NA,-1. Inapplicable,-1. Inapplicable
233110,ANES2024TimeSeries_20250808,CA,NA,.,NA,.,NA,20241103,.,NA,.,NA,-1. Inapplicable,-1. Inapplicable
233116,ANES2024TimeSeries_20250808,CA,06,20240817,184951,20240817,193414,.,20250116,154134,20250116,163459,-1. Inapplicable,-1. Inapplicable
233122,ANES2024TimeSeries_20250808,NM,35,20240816,153703,20240816,180655,.,20250201,123321,20250201,144724,-1. Inapplicable,-1. Inapplicable
233163,ANES2024TimeSeries_20250808,NM,NA,.,NA,.,NA,20241030,.,NA,.,NA,-1. Inapplicable,-1. Inapplicable
233193,ANES2024TimeSeries_20250808,HI,15,20240813,161508,20240813,205159,.,20241120,153702,20241120,153715,-1. Inapplicable,-1. Inapplicable
233205,ANES2024TimeSeries_20250808,NM,35,20240929,174724,20240929,192944,.,20250208,201314,20250208,214054,-1. Inapplicable,-1. Inapplicable
233211,ANES2024TimeSeries_20250808,NM,35,20240815,083014,20240815,091524,.,20250123,215758,20250123,224644,-1. Inapplicable,-1. Inapplicable
233217,ANES2024TimeSeries_20250808,CA,06,20240813,211953,20240813,215845,.,20241202,104307,20241202,114227,-1. Inapplicable,-1. Inapplicable
233223,ANES2024TimeSeries_20250808,NM,35,20240820,090027,20240820,101007,.,20241114,234247,20241114,234304,-1. Inapplicable,-1. Inapplicable
233258,ANES2024TimeSeries_20250808,HI,15,20240925,211619,20240925,230125,.,20241230,135837,20241230,154711,-1. Inapplicable,-1. Inapplicable
233264,ANES2024TimeSeries_20250808,NM,NA,.,NA,.,NA,20241029,.,NA,.,NA,-1. Inapplicable,-1. Inapplicable
233276,ANES2024TimeSeries_20250808,NM,35,20240816,161341,20240816,174456,.,20241212,154131,20241212,163716,-1. Inapplicable,-1. Inapplicable
233282,ANES2024TimeSeries_20250808,NM,35,20240812,140836,20240812,145904,.,20241209,130722,20241209,140724,-1. Inapplicable,-1. Inapplicable
233288,ANES2024TimeSeries_20250808,NM,35,20240817,151627,20240818,165307,.,.,NA,.,NA,-1. Inapplicable,-1. Inapplicable
233381,ANES2024TimeSeries_20250808,CA,06,20240814,112747,20240814,120223,.,20241210,150758,20241210,162515,-1. Inapplicable,-1. Inapplicable
233387,ANES2024TimeSeries_20250808,CA,06,20240919,150747,20240919,155133,.,20241125,133042,20241207,035114,-1. Inapplicable,-1. Inapplicable
233416,ANES2024TimeSeries_20250808,CA,06,20240816,012807,20240816,022450,.,20241125,112018,20241125,122850,-1. Inapplicable,-1. Inapplicable
233458,ANES2024TimeSeries_20250808,CA,NA,.,NA,.,NA,20241026,.,NA,.,NA,-1. Inapplicable,-1. Inapplicable
233470,ANES2024TimeSeries_20250808,CA,06,20241022,213929,20241022,220756,.,20241213,215556,20241213,222913,-1. Inapplicable,-1. Inapplicable
233493,ANES2024TimeSeries_20250808,CA,06,20240820,205742,20240820,214916,.,20241118,225847,20241118,225916,-1. Inapplicable,-1. Inapplicable
233541,ANES2024TimeSeries_20250808,CA,06,20240904,223159,20240904,231628,.,20241128,122707,20241128,125936,-1. Inapplicable,-1. Inapplicable
233547,ANES2024TimeSeries_20250808,CA,NA,.,NA,.,NA,20241104,.,NA,.,NA,-1. Inapplicable,-1. Inapplicable
233554,ANES2024TimeSeries_20250808,CA,06,20241009,170847,20241009,180408,.,20250206,122350,20250206,133240,-1. Inapplicable,-1. Inapplicable
233595,ANES2024TimeSeries_20250808,CA,06,20240922,201450,20240922,211144,.,.,NA,.,NA,-1. Inapplicable,-1. Inapplicable
233624,ANES2024TimeSeries_20250808,CA,06,20240813,182422,20240813,201057,.,20241115,151117,20241115,151122,-1. Inapplicable,-1. Inapplicable
233630,ANES2024TimeSeries_20250808,CA,06,20241013,181719,20241013,185317,.,.,NA,.,NA,-1. Inapplicable,-1. Inapplicable
233647,ANES2024TimeSeries_20250808,CA,06,20240903,195008,20240904,122610,.,20241204,112004,20250117,175237,-1. Inapplicable,-1. Inapplicable
233677,ANES2024TimeSeries_20250808,CA,06,20240813,124209,20241012,172217,.,20241117,142038,20241117,142047,-1. Inapplicable,-1. Inapplicable
233683,ANES2024TimeSeries_20250808,CA,06,20240818,005233,20240819,152315,.,20241116,235403,20241116,235430,-1. Inapplicable,-1. Inapplicable
233690,ANES2024TimeSeries_20250808,CA,06,20240903,164819,20240903,172401,.,20241223,143541,20241223,152937,-1. Inapplicable,-1. Inapplicable
233725,ANES2024TimeSeries_20250808,CA,06,20240815,194446,20241030,004125,.,.,NA,.,NA,-1. Inapplicable,-1. Inapplicable
233737,ANES2024TimeSeries_20250808,CA,NA,.,NA,.,NA,20241028,.,NA,.,NA,-1. Inapplicable,-1. Inapplicable
233749,ANES2024TimeSeries_20250808,CA,06,20240921,191438,20240921,201029,.,20241206,014042,20241206,025959,-1. Inapplicable,-1. Inapplicable
233755,ANES2024TimeSeries_20250808,CA,06,20240817,174413,20240817,185727,.,.,NA,.,NA,-1. Inapplicable,-1. Inapplicable
233796,ANES2024TimeSeries_20250808,CA,06,20240827,002222,20240827,015544,.,20241127,203341,20241127,224320,-1. Inapplicable,-1. Inapplicable
233802,ANES2024TimeSeries_20250808,CA,06,20241002,212335,20241002,220715,.,20241229,134141,20241229,142345,-1. Inapplicable,-1. Inapplicable
233808,ANES2024TimeSeries_20250808,CA,06,20240920,172744,20240920,191212,.,.,NA,.,NA,-1. Inapplicable,-1. Inapplicable
233838,ANES2024TimeSeries_20250808,CA,06,20240812,201822,20240812,211237,.,.,NA,.,NA,-1. Inapplicable,-1. Inapplicable
233873,ANES2024TimeSeries_20250808,CA,06,20240819,161249,20240819,191249,.,20241117,145024,20241117,145055,-1. Inapplicable,-1. Inapplicable
233897,ANES2024TimeSeries_20250808,CA,06,20240812,162325,20240812,165840,.,20241207,215659,20241207,223816,-1. Inapplicable,-1. Inapplicable
233902,ANES2024TimeSeries_20250808,CA,06,20240815,160339,20240815,171334,.,.,NA,.,NA,-1. Inapplicable,-1. Inapplicable
233914,ANES2024TimeSeries_20250808,CA,06,20240819,175746,20240819,192917,.,20241127,200253,20241127,211143,-1. Inapplicable,-1. Inapplicable
233932,ANES2024TimeSeries_20250808,CA,06,20240812,213156,20240812,221524,.,20250119,233540,20250120,001758,-1. Inapplicable,-1. Inapplicable
233944,ANES2024TimeSeries_20250808,CA,06,20240925,194558,.,-1,.,20250130,023330,20250130,032422,-1. Inapplicable,-1. Inapplicable
233950,ANES2024TimeSeries_20250808,CA,NA,.,NA,.,NA,20241101,.,NA,.,NA,-1. Inapplicable,-1. Inapplicable
233967,ANES2024TimeSeries_20250808,CA,06,20240824,232329,20240825,001558,.,20241231,123235,20241231,152058,-1. Inapplicable,-1. Inapplicable
233973,ANES2024TimeSeries_20250808,CA,06,20240813,204353,20241012,173749,.,20241125,205704,20241221,171004,-1. Inapplicable,-1. Inapplicable
233979,ANES2024TimeSeries_20250808,CA,06,20240829,224411,20240829,233205,.,.,NA,.,NA,-1. Inapplicable,-1. Inapplicable
234020,ANES2024TimeSeries_20250808,CA,06,20240824,223053,20240824,225512,.,.,NA,.,NA,-1. Inapplicable,-1. Inapplicable
234026,ANES2024TimeSeries_20250808,CA,06,20240920,131733,20240920,145452,.,20241117,003353,20241117,003409,-1. Inapplicable,-1. Inapplicable
234032,ANES2024TimeSeries_20250808,CA,06,20240921,132148,20240921,145936,.,.,NA,.,NA,-1. Inapplicable,-1. Inapplicable
234044,ANES2024TimeSeries_20250808,CA,06,20240823,165414,20240823,181230,.,20241119,183131,20241119,183145,-1. Inapplicable,-1. Inapplicable
234107,ANES2024TimeSeries_20250808,CA,06,20240812,191748,20240812,194941,.,20241124,155634,20241124,162235,-1. Inapplicable,-1. Inapplicable
234137,ANES2024TimeSeries_20250808,CA,06,20240817,114804,20240817,135545,.,20250217,201942,20250217,213727,-1. Inapplicable,-1. Inapplicable
234149,ANES2024TimeSeries_20250808,CA,06,20240814,162234,20240814,200438,.,20241231,124446,20250117,181840,-1. Inapplicable,-1. Inapplicable
234161,ANES2024TimeSeries_20250808,CA,06,20241004,152953,20241004,163411,.,20241120,211215,20241120,221251,-1. Inapplicable,-1. Inapplicable
234173,ANES2024TimeSeries_20250808,CA,06,20240826,183430,20240826,194557,.,20241119,111243,20241119,111300,-1. Inapplicable,-1. Inapplicable
234185,ANES2024TimeSeries_20250808,CA,06,20240815,190119,20240816,012103,.,20241209,155501,20241209,172044,-1. Inapplicable,-1. Inapplicable
234191,ANES2024TimeSeries_20250808,CA,06,20240823,231651,20240824,012208,.,20250208,151712,.,-1,-1. Inapplicable,-1. Inapplicable
234197,ANES2024TimeSeries_20250808,CA,06,20240828,133033,20240828,160644,.,20250110,211345,20250110,221742,-1. Inapplicable,-1. Inapplicable
234215,ANES2024TimeSeries_20250808,CA,06,20240817,135657,20240817,143509,.,20241209,142410,20241209,151103,-1. Inapplicable,-1. Inapplicable
234221,ANES2024TimeSeries_20250808,CA,NA,.,NA,.,NA,20241023,.,NA,.,NA,-1. Inapplicable,-1. Inapplicable
234245,ANES2024TimeSeries_20250808,CA,06,20240812,224435,20240813,001415,.,20241121,085458,20241121,103051,-1. Inapplicable,-1. Inapplicable
234274,ANES2024TimeSeries_20250808,CA,06,20240814,014205,20240814,230010,.,20241123,020330,20241123,032446,-1. Inapplicable,-1. Inapplicable
234280,ANES2024TimeSeries_20250808,CA,NA,.,NA,.,NA,20241030,.,NA,.,NA,-1. Inapplicable,-1. Inapplicable
234292,ANES2024TimeSeries_20250808,CA,06,20240812,194042,20240812,230232,.,20250207,215840,20250207,234511,-1. Inapplicable,-1. Inapplicable
234304,ANES2024TimeSeries_20250808,CA,06,20240928,155034,20240928,173829,.,20241224,011525,20241224,032325,-1. Inapplicable,-1. Inapplicable
234310,ANES2024TimeSeries_20250808,CA,NA,.,NA,.,NA,20241023,.,NA,.,NA,-1. Inapplicable,-1. Inapplicable
234322,ANES2024TimeSeries_20250808,CA,NA,.,NA,.,NA,20241029,.,NA,.,NA,-1. Inapplicable,-1. Inapplicable
234345,ANES2024TimeSeries_20250808,CA,06,20240927,125016,20240927,132300,.,20241205,130536,20250210,112538,-1. Inapplicable,-1. Inapplicable
234351,ANES2024TimeSeries_20250808,CA,06,20240815,001223,20240815,012726,.,20241115,123128,20241115,123144,-1. Inapplicable,-1. Inapplicable
234369,ANES2024TimeSeries_20250808,CA,06,20240901,110318,20240901,120246,.,20241114,065815,20241114,065850,-1. Inapplicable,-1. Inapplicable
234381,ANES2024TimeSeries_20250808,CA,06,20241007,151218,20241007,164953,.,20241223,234615,20241224,091651,-1. Inapplicable,-1. Inapplicable
234393,ANES2024TimeSeries_20250808,CO,NA,.,NA,.,NA,20241025,.,NA,.,NA,-1. Inapplicable,-1. Inapplicable
234405,ANES2024TimeSeries_20250808,CO,08,20240814,180610,20240814,190256,.,.,NA,.,NA,-1. Inapplicable,-1. Inapplicable
234429,ANES2024TimeSeries_20250808,OR,41,20240914,205034,20240914,221806,.,20250122,112024,20250122,121859,-1. Inapplicable,-1. Inapplicable
234480,ANES2024TimeSeries_20250808,WA,53,20240813,002517,20240813,011626,.,20241114,010958,20241114,011004,-1. Inapplicable,-1. Inapplicable
234486,ANES2024TimeSeries_20250808,CA,06,20240812,213847,20240813,021911,.,20241203,221706,20241203,233412,-1. Inapplicable,-1. Inapplicable
234513,ANES2024TimeSeries_20250808,CO,08,20240821,195056,.,-1,.,.,NA,.,NA,-1. Inapplicable,-1. Inapplicable
234530,ANES2024TimeSeries_20250808,CA,06,20240818,001714,20240818,014845,.,20241219,154828,20241219,214258,-1. Inapplicable,-1. Inapplicable
234542,ANES2024TimeSeries_20250808,CA,06,20240812,214125,20240813,004459,.,20241117,114517,20241117,114531,-1. Inapplicable,-1. Inapplicable
234554,ANES2024TimeSeries_20250808,CA,06,20240822,203310,20240823,003856,.,20241225,154544,20241225,170932,-1. Inapplicable,-1. Inapplicable
234572,ANES2024TimeSeries_20250808,CA,06,20240827,154012,20240918,185328,.,20250112,142328,20250112,155411,-1. Inapplicable,-1. Inapplicable
234595,ANES2024TimeSeries_20250808,CA,06,20240816,000628,20240816,020002,.,20241212,005027,20241212,021926,-1. Inapplicable,-1. Inapplicable
234654,ANES2024TimeSeries_20250808,OR,41,20240904,234430,20240905,005820,.,20250115,215127,20250115,224949,-1. Inapplicable,-1. Inapplicable
234660,ANES2024TimeSeries_20250808,CO,08,20240815,000604,20240815,005719,.,.,NA,.,NA,-1. Inapplicable,-1. Inapplicable
234672,ANES2024TimeSeries_20250808,CA,06,20240816,175628,20240816,185307,.,20241123,235648,20241124,004909,-1. Inapplicable,-1. Inapplicable
234678,ANES2024TimeSeries_20250808,MT,30,20240826,155059,20240826,164547,.,20241228,130221,20241228,143403,-1. Inapplicable,-1. Inapplicable
234696,ANES2024TimeSeries_20250808,OR,41,20240928,231217,20240929,000519,.,20241121,173323,20241121,183257,-1. Inapplicable,-1. Inapplicable
234713,ANES2024TimeSeries_20250808,CA,06,20240816,200923,20240816,222606,.,20250207,154224,20250207,162900,-1. Inapplicable,-1. Inapplicable
234719,ANES2024TimeSeries_20250808,OR,41,20240825,151955,20240825,161319,.,20250215,155459,20250215,172242,-1. Inapplicable,-1. Inapplicable
234731,ANES2024TimeSeries_20250808,WA,53,20240923,143547,20240923,152311,.,20241115,144251,20241115,144308,-1. Inapplicable,-1. Inapplicable
234737,ANES2024TimeSeries_20250808,OR,41,20240829,191259,20240829,201332,.,.,NA,.,NA,-1. Inapplicable,-1. Inapplicable
234743,ANES2024TimeSeries_20250808,OR,41,20240909,180524,20241004,173121,.,20241120,120204,20241120,120318,-1. Inapplicable,-1. Inapplicable
234749,ANES2024TimeSeries_20250808,CA,06,20240828,110359,20240905,194832,.,20241124,210811,20241124,221020,-1. Inapplicable,-1. Inapplicable
234761,ANES2024TimeSeries_20250808,CA,06,20240909,212244,20240924,171156,.,20241120,214432,20241202,155023,-1. Inapplicable,-1. Inapplicable
234767,ANES2024TimeSeries_20250808,CA,06,20240922,204952,20240922,223248,.,20250105,162022,20250105,233200,-1. Inapplicable,-1. Inapplicable
234779,ANES2024TimeSeries_20250808,CA,06,20240815,105941,.,-1,.,.,NA,.,NA,-1. Inapplicable,-1. Inapplicable
234820,ANES2024TimeSeries_20250808,CA,06,20240812,220549,20240812,225452,.,20241127,211628,20241127,221226,-1. Inapplicable,-1. Inapplicable
234826,ANES2024TimeSeries_20250808,CA,06,20240818,192646,20240818,224203,.,20241125,191005,20241125,213909,-1. Inapplicable,-1. Inapplicable
234832,ANES2024TimeSeries_20250808,CA,06,20240923,213302,20241025,161710,.,20250203,124359,20250203,140030,-1. Inapplicable,-1. Inapplicable
234844,ANES2024TimeSeries_20250808,MT,30,20240814,173053,20240814,183212,.,20241210,160836,20241210,170918,-1. Inapplicable,-1. Inapplicable
234862,ANES2024TimeSeries_20250808,OR,41,20240910,144816,20240910,164528,.,20241211,141639,20241211,160106,-1. Inapplicable,-1. Inapplicable
234868,ANES2024TimeSeries_20250808,OR,41,20240814,183618,20240814,192211,.,20241120,221056,20241120,230722,-1. Inapplicable,-1. Inapplicable
234924,ANES2024TimeSeries_20250808,AZ,04,20240813,083953,20240813,095728,.,20250116,202005,20250116,220216,-1. Inapplicable,-1. Inapplicable
234971,ANES2024TimeSeries_20250808,CA,06,20240823,220420,20240824,000350,.,20241230,150403,20241230,163559,-1. Inapplicable,-1. Inapplicable
234983,ANES2024TimeSeries_20250808,CA,06,20240820,153347,20240820,174314,.,20241223,223017,20241224,003847,-1. Inapplicable,-1. Inapplicable
234989,ANES2024TimeSeries_20250808,CA,06,20240831,011057,20240831,015136,.,.,NA,.,NA,-1. Inapplicable,-1. Inapplicable
235087,ANES2024TimeSeries_20250808,CA,06,20240831,192758,20240919,004252,.,20241213,005818,20241213,013446,-1. Inapplicable,-1. Inapplicable
235093,ANES2024TimeSeries_20250808,NM,35,20240825,182210,20240825,194927,.,20241230,182143,20241230,193807,-1. Inapplicable,-1. Inapplicable
235110,ANES2024TimeSeries_20250808,CA,NA,.,NA,.,NA,20241023,.,NA,.,NA,-1. Inapplicable,-1. Inapplicable
235133,ANES2024TimeSeries_20250808,CA,06,20240814,152108,20240912,000836,.,20241203,143408,20241203,153535,-1. Inapplicable,-1. Inapplicable
235139,ANES2024TimeSeries_20250808,CA,06,20240815,045750,20240815,063029,.,20250130,150836,.,-1,-1. Inapplicable,-1. Inapplicable
235162,ANES2024TimeSeries_20250808,AZ,NA,.,NA,.,NA,20241101,.,NA,.,NA,-1. Inapplicable,-1. Inapplicable
235226,ANES2024TimeSeries_20250808,AZ,04,20240813,192619,20240813,195902,.,20241120,185928,20241120,193539,-1. Inapplicable,-1. Inapplicable
235238,ANES2024TimeSeries_20250808,CA,06,20240815,224746,20240815,232954,.,20241127,232044,20241127,234216,-1. Inapplicable,-1. Inapplicable
235244,ANES2024TimeSeries_20250808,CA,06,20240920,002522,20240920,023549,.,20241125,180948,20241125,230403,-1. Inapplicable,-1. Inapplicable
235261,ANES2024TimeSeries_20250808,CA,06,20241028,002502,20241028,010828,.,20241209,043945,20241209,060013,-1. Inapplicable,-1. Inapplicable
235273,ANES2024TimeSeries_20250808,CA,06,20240813,214902,20241011,191517,.,20241117,101531,20241117,101547,-1. Inapplicable,-1. Inapplicable
235279,ANES2024TimeSeries_20250808,CA,06,20240816,214824,20240816,224719,.,20241218,152309,20241218,162238,-1. Inapplicable,-1. Inapplicable
235292,ANES2024TimeSeries_20250808,WA,53,20240816,130735,20240816,135023,.,20241118,213849,20241118,213854,-1. Inapplicable,-1. Inapplicable
235298,ANES2024TimeSeries_20250808,AZ,04,20240812,165831,20240812,185421,.,20241205,103911,20241205,120712,-1. Inapplicable,-1. Inapplicable
235304,ANES2024TimeSeries_20250808,AZ,04,20240818,001318,20240818,015019,.,20241119,150317,20241119,150340,-1. Inapplicable,-1. Inapplicable
235310,ANES2024TimeSeries_20250808,AZ,04,20240814,194612,20240814,202347,.,20241220,122639,20241220,132016,-1. Inapplicable,-1. Inapplicable
235316,ANES2024TimeSeries_20250808,AZ,04,20240818,183540,20240818,194315,.,20241120,190814,20241120,202610,-1. Inapplicable,-1. Inapplicable
235328,ANES2024TimeSeries_20250808,CA,06,20240813,134437,20240813,142956,.,20241123,193153,20241124,154656,-1. Inapplicable,-1. Inapplicable
235340,ANES2024TimeSeries_20250808,AZ,04,20240817,125112,20240817,135154,.,20241205,194718,20241205,214300,-1. Inapplicable,-1. Inapplicable
235346,ANES2024TimeSeries_20250808,CA,06,20240923,134540,20240923,152432,.,20241125,160251,20241125,173326,-1. Inapplicable,-1. Inapplicable
235352,ANES2024TimeSeries_20250808,AZ,04,20240813,090939,20240813,134240,.,20241129,084239,20241129,102025,-1. Inapplicable,-1. Inapplicable
235377,ANES2024TimeSeries_20250808,CA,06,20240813,211533,20240813,230824,.,20241124,163804,20241124,190451,-1. Inapplicable,-1. Inapplicable
235430,ANES2024TimeSeries_20250808,CA,06,20240819,011727,20240904,230002,.,20241211,221706,20241213,015529,-1. Inapplicable,-1. Inapplicable
235441,ANES2024TimeSeries_20250808,CA,06,20240824,025647,20240824,034951,.,20241126,203005,20241126,213049,-1. Inapplicable,-1. Inapplicable
235459,ANES2024TimeSeries_20250808,CO,08,20240819,113750,20240819,130910,.,.,NA,.,NA,-1. Inapplicable,-1. Inapplicable
235465,ANES2024TimeSeries_20250808,CO,08,20241001,123354,20241001,125632,.,20241220,135504,.,-1,-1. Inapplicable,-1. Inapplicable
235476,ANES2024TimeSeries_20250808,WA,53,20240829,192751,20240829,201339,.,.,NA,.,NA,-1. Inapplicable,-1. Inapplicable
235482,ANES2024TimeSeries_20250808,WA,53,20240812,191058,20241015,235835,.,20241128,054638,20241128,064951,-1. Inapplicable,-1. Inapplicable
235492,ANES2024TimeSeries_20250808,CA,06,20241101,152822,20241101,163813,.,20241124,151420,20241124,163142,-1. Inapplicable,-1. Inapplicable
235560,ANES2024TimeSeries_20250808,CA,06,20240815,150237,20240815,161119,.,20241221,002209,20241221,014253,-1. Inapplicable,-1. Inapplicable
235583,ANES2024TimeSeries_20250808,CA,NA,.,NA,.,NA,20241024,.,NA,.,NA,-1. Inapplicable,-1. Inapplicable
235607,ANES2024TimeSeries_20250808,CA,06,20240927,134303,20240927,142133,.,.,NA,.,NA,-1. Inapplicable,-1. Inapplicable
235619,ANES2024TimeSeries_20250808,CA,06,20240818,221206,20240819,001444,.,20241114,081542,20241114,081550,-1. Inapplicable,-1. Inapplicable
235648,ANES2024TimeSeries_20250808,CA,06,20240813,185547,20240813,200723,.,20250119,221456,20250119,235129,-1. Inapplicable,-1. Inapplicable
235660,ANES2024TimeSeries_20250808,CA,06,20240819,172009,20240819,182401,.,20241118,233015,20241118,233028,-1. Inapplicable,-1. Inapplicable
235719,ANES2024TimeSeries_20250808,CA,06,20240917,195618,20240917,202427,.,20250217,121119,20250217,123338,-1. Inapplicable,-1. Inapplicable
235725,ANES2024TimeSeries_20250808,CA,06,20240923,190337,20240923,201157,.,20241121,164408,20241129,181801,-1. Inapplicable,-1. Inapplicable
235736,ANES2024TimeSeries_20250808,CA,06,20240821,020254,20240821,030102,.,20241114,181948,20241114,182012,-1. Inapplicable,-1. Inapplicable
235754,ANES2024TimeSeries_20250808,WA,53,20240812,222034,20240812,225647,.,20241114,013225,20241114,013231,-1. Inapplicable,-1. Inapplicable
235760,ANES2024TimeSeries_20250808,CA,06,20240820,194018,20240820,202114,.,20241129,163615,20241129,183324,-1. Inapplicable,-1. Inapplicable
235777,ANES2024TimeSeries_20250808,WA,53,20240813,221307,20240813,231355,.,20241229,205702,20241229,222423,-1. Inapplicable,-1. Inapplicable
235789,ANES2024TimeSeries_20250808,CO,08,20240824,171247,20240824,180014,.,20241213,120903,20241213,124626,-1. Inapplicable,-1. Inapplicable
235800,ANES2024TimeSeries_20250808,WA,53,20240813,170533,20240813,195624,.,20241220,163607,20241220,192917,-1. Inapplicable,-1. Inapplicable
235812,ANES2024TimeSeries_20250808,CA,06,20240814,202851,20240814,214842,.,20241206,014447,20241206,032745,-1. Inapplicable,-1. Inapplicable
235824,ANES2024TimeSeries_20250808,CA,06,20240928,132220,20240928,141228,.,20241125,154659,20241231,144545,-1. Inapplicable,-1. Inapplicable
235830,ANES2024TimeSeries_20250808,CO,08,20240922,165924,20240922,230046,.,20241202,163619,20241202,175025,-1. Inapplicable,-1. Inapplicable
235835,ANES2024TimeSeries_20250808,CA,06,20240823,163544,20240912,152359,.,20241118,133749,20241118,133934,-1. Inapplicable,-1. Inapplicable
235847,ANES2024TimeSeries_20250808,CA,06,20241023,215257,20241023,230033,.,20241201,174638,20241201,190029,-1. Inapplicable,-1. Inapplicable
235853,ANES2024TimeSeries_20250808,CA,06,20240819,113630,20240819,125720,.,20250122,094406,20250122,121608,-1. Inapplicable,-1. Inapplicable
235859,ANES2024TimeSeries_20250808,WA,53,20241008,120423,20241008,134257,.,20241130,134905,20241130,215708,-1. Inapplicable,-1. Inapplicable
235871,ANES2024TimeSeries_20250808,CA,NA,.,NA,.,NA,20241023,.,NA,.,NA,-1. Inapplicable,-1. Inapplicable
235876,ANES2024TimeSeries_20250808,WA,NA,.,NA,.,NA,20241101,.,NA,.,NA,-1. Inapplicable,-1. Inapplicable
235888,ANES2024TimeSeries_20250808,CA,NA,.,NA,.,NA,20241029,.,NA,.,NA,-1. Inapplicable,-1. Inapplicable
235894,ANES2024TimeSeries_20250808,WA,53,20240815,131553,20240815,142428,.,20250117,140712,20250117,153943,-1. Inapplicable,-1. Inapplicable
235911,ANES2024TimeSeries_20250808,CA,06,20240824,151051,20240824,162638,.,20250203,152906,20250203,174115,-1. Inapplicable,-1. Inapplicable
235921,ANES2024TimeSeries_20250808,CA,06,20241011,004559,20241011,032458,.,20250204,171257,20250206,010323,-1. Inapplicable,-1. Inapplicable
235945,ANES2024TimeSeries_20250808,CO,08,20240817,183014,20240817,190600,.,20241124,162609,20241124,165724,-1. Inapplicable,-1. Inapplicable
235974,ANES2024TimeSeries_20250808,OR,41,20240815,182049,20240815,190512,.,20241119,222731,20241119,222740,-1. Inapplicable,-1. Inapplicable
235980,ANES2024TimeSeries_20250808,OR,41,20240923,194200,20240923,204217,.,20241213,230910,20241218,160503,-1. Inapplicable,-1. Inapplicable
236004,ANES2024TimeSeries_20250808,UT,49,20240911,153916,20240911,163213,.,20241216,205857,20241216,213236,-1. Inapplicable,-1. Inapplicable
236058,ANES2024TimeSeries_20250808,WA,53,20240820,144114,20240820,175157,.,20241118,223416,20241118,223428,-1. Inapplicable,-1. Inapplicable
236067,ANES2024TimeSeries_20250808,WA,53,20240928,035616,20240928,062441,.,20250122,192602,20250122,200821,-1. Inapplicable,-1. Inapplicable
236119,ANES2024TimeSeries_20250808,UT,49,20240812,215649,20240812,232309,.,20241128,071756,20241128,085440,-1. Inapplicable,-1. Inapplicable
236120,ANES2024TimeSeries_20250808,CO,08,20240826,153705,20240826,162656,.,20250125,112129,20250125,120807,-1. Inapplicable,-1. Inapplicable
236126,ANES2024TimeSeries_20250808,UT,49,20240828,133315,20240828,140724,.,20241209,154353,20241209,162034,-1. Inapplicable,-1. Inapplicable
236149,ANES2024TimeSeries_20250808,WA,53,20240812,202705,20240813,014812,.,20241114,212104,20241114,212115,-1. Inapplicable,-1. Inapplicable
236161,ANES2024TimeSeries_20250808,OR,41,20240911,093010,20240911,102834,.,20241230,185217,20241230,194551,-1. Inapplicable,-1. Inapplicable
236178,ANES2024TimeSeries_20250808,WA,NA,.,NA,.,NA,20241029,.,NA,.,NA,-1. Inapplicable,-1. Inapplicable
236190,ANES2024TimeSeries_20250808,OR,41,20240823,165131,20240823,180625,.,20241201,210526,20241201,220658,-1. Inapplicable,-1. Inapplicable
236231,ANES2024TimeSeries_20250808,WA,53,20240816,172848,20240816,180029,.,20241227,142726,20241227,152151,-1. Inapplicable,-1. Inapplicable
236272,ANES2024TimeSeries_20250808,UT,49,20240816,094429,20240816,110629,.,20241210,093706,20241210,105432,-1. Inapplicable,-1. Inapplicable
236283,ANES2024TimeSeries_20250808,OR,41,20240812,223254,20240812,232922,.,20241125,211057,20241125,215217,-1. Inapplicable,-1. Inapplicable
236289,ANES2024TimeSeries_20250808,CA,06,20240813,165011,20240813,213025,.,20241221,043316,20241221,052335,-1. Inapplicable,-1. Inapplicable
236295,ANES2024TimeSeries_20250808,UT,49,20240823,190331,20240823,223135,.,20241206,213959,20241206,231943,-1. Inapplicable,-1. Inapplicable
236314,ANES2024TimeSeries_20250808,CO,08,20240814,195103,20240815,005312,.,20241122,211634,20241122,224119,-1. Inapplicable,-1. Inapplicable
236326,ANES2024TimeSeries_20250808,OR,41,20240816,162642,20240816,173003,.,20241118,163250,20241118,163309,-1. Inapplicable,-1. Inapplicable
236337,ANES2024TimeSeries_20250808,WA,53,20240921,234833,20240922,011244,.,20250115,152902,20250115,171146,-1. Inapplicable,-1. Inapplicable
236343,ANES2024TimeSeries_20250808,CO,08,20240820,203345,20240820,211049,.,20241220,123417,20250116,134459,-1. Inapplicable,-1. Inapplicable
236361,ANES2024TimeSeries_20250808,CO,08,20240813,201928,20240813,212327,.,20241114,115956,20241114,120009,-1. Inapplicable,-1. Inapplicable
236367,ANES2024TimeSeries_20250808,WA,53,20240825,174806,20240825,185511,.,20241114,111723,20241114,111740,-1. Inapplicable,-1. Inapplicable
236373,ANES2024TimeSeries_20250808,CO,08,20240922,154647,20240922,164343,.,20241205,200739,20241205,211738,-1. Inapplicable,-1. Inapplicable
236378,ANES2024TimeSeries_20250808,UT,49,20240822,182825,20240822,193017,.,20241119,130247,20241119,130330,-1. Inapplicable,-1. Inapplicable
236384,ANES2024TimeSeries_20250808,CO,08,20240816,165445,20240816,172445,.,20241118,204456,20241118,204503,-1. Inapplicable,-1. Inapplicable
236390,ANES2024TimeSeries_20250808,CO,08,20240817,102231,20240817,111221,.,20241122,160132,20241122,163920,-1. Inapplicable,-1. Inapplicable
236396,ANES2024TimeSeries_20250808,CA,06,20240923,200917,20240923,212435,.,.,NA,.,NA,-1. Inapplicable,-1. Inapplicable
236408,ANES2024TimeSeries_20250808,CA,06,20240812,222225,20240813,000006,.,20241214,182418,20241214,193033,-1. Inapplicable,-1. Inapplicable
236414,ANES2024TimeSeries_20250808,UT,49,20240813,123621,20240813,133607,.,20241211,181140,20241211,201428,-1. Inapplicable,-1. Inapplicable
236419,ANES2024TimeSeries_20250808,CO,08,20240814,161901,20240814,173550,.,20241119,100717,20241119,100734,-1. Inapplicable,-1. Inapplicable
236425,ANES2024TimeSeries_20250808,OR,41,20240814,232019,20240815,001054,.,20241127,205918,20241127,220308,-1. Inapplicable,-1. Inapplicable
236431,ANES2024TimeSeries_20250808,CA,06,20240818,150019,20240818,162547,.,20241130,144540,20241130,153803,-1. Inapplicable,-1. Inapplicable
236437,ANES2024TimeSeries_20250808,CO,08,20240903,110224,20240903,114603,.,20241122,153113,20241122,162352,-1. Inapplicable,-1. Inapplicable
236449,ANES2024TimeSeries_20250808,WA,53,20241019,125348,20241019,135748,.,20241116,143101,20241116,143111,-1. Inapplicable,-1. Inapplicable
236460,ANES2024TimeSeries_20250808,WA,53,20240814,111514,20240814,123206,.,20241123,211918,20241123,222356,-1. Inapplicable,-1. Inapplicable
236496,ANES2024TimeSeries_20250808,CA,06,20240830,133225,20240830,145057,.,20241122,135536,20241122,152957,-1. Inapplicable,-1. Inapplicable
236501,ANES2024TimeSeries_20250808,CO,08,20240829,084348,20240829,100607,.,20241123,211348,20241126,090624,-1. Inapplicable,-1. Inapplicable
236508,ANES2024TimeSeries_20250808,CA,06,20240813,134102,20240813,144943,.,20250118,185556,20250118,193919,-1. Inapplicable,-1. Inapplicable
236520,ANES2024TimeSeries_20250808,CA,06,20240813,040520,20240813,055856,.,20241204,030213,20241227,114104,-1. Inapplicable,-1. Inapplicable
236574,ANES2024TimeSeries_20250808,CA,NA,.,NA,.,NA,20241025,.,NA,.,NA,-1. Inapplicable,-1. Inapplicable
236586,ANES2024TimeSeries_20250808,CA,06,20240821,032027,20240821,035729,.,20241130,160801,20241130,175040,-1. Inapplicable,-1. Inapplicable
236635,ANES2024TimeSeries_20250808,CA,06,20240921,011314,20240921,023903,.,20241123,155456,20241123,172255,-1. Inapplicable,-1. Inapplicable
236654,ANES2024TimeSeries_20250808,CA,06,20240923,154520,20240923,162756,.,20241219,180232,20241219,183645,-1. Inapplicable,-1. Inapplicable
236672,ANES2024TimeSeries_20250808,CA,06,20241014,195846,20241014,221459,.,20241122,160002,20241122,171642,-1. Inapplicable,-1. Inapplicable
236695,ANES2024TimeSeries_20250808,CA,06,20240815,211441,20240815,214015,.,.,NA,.,NA,-1. Inapplicable,-1. Inapplicable
236701,ANES2024TimeSeries_20250808,CA,06,20240812,210555,20240821,140405,.,20241125,135517,20241201,142941,-1. Inapplicable,-1. Inapplicable
236713,ANES2024TimeSeries_20250808,CA,06,20240830,010423,20240830,013512,.,20241121,014559,20241231,200142,-1. Inapplicable,-1. Inapplicable
236731,ANES2024TimeSeries_20250808,CA,06,20240910,121623,20240925,124443,.,20241122,103802,20241122,121342,-1. Inapplicable,-1. Inapplicable
236737,ANES2024TimeSeries_20250808,CA,NA,.,NA,.,NA,20241023,.,NA,.,NA,-1. Inapplicable,-1. Inapplicable
236743,ANES2024TimeSeries_20250808,CA,06,20240920,192617,20240920,221505,.,.,NA,.,NA,-1. Inapplicable,-1. Inapplicable
236797,ANES2024TimeSeries_20250808,CA,06,20241026,161837,20241026,172653,.,20241208,192722,20241208,201223,-1. Inapplicable,-1. Inapplicable
236839,ANES2024TimeSeries_20250808,CA,06,20240816,035021,20240816,045722,.,20250131,145043,20250218,022817,-1. Inapplicable,-1. Inapplicable
236881,ANES2024TimeSeries_20250808,CA,06,20240820,184648,20240820,192736,.,20241124,201530,20241124,210405,-1. Inapplicable,-1. Inapplicable
236894,ANES2024TimeSeries_20250808,CA,NA,.,NA,.,NA,20241024,.,NA,.,NA,-1. Inapplicable,-1. Inapplicable
236906,ANES2024TimeSeries_20250808,CA,06,20240823,225219,20240824,004511,.,20241124,173225,20241124,185215,-1. Inapplicable,-1. Inapplicable
236912,ANES2024TimeSeries_20250808,CA,06,20240812,153553,20240812,163038,.,.,NA,.,NA,-1. Inapplicable,-1. Inapplicable
236918,ANES2024TimeSeries_20250808,CA,NA,.,NA,.,NA,20241023,.,NA,.,NA,-1. Inapplicable,-1. Inapplicable
236970,ANES2024TimeSeries_20250808,AZ,04,20240813,185803,20240813,195329,.,20241203,141549,20241203,180147,-1. Inapplicable,-1. Inapplicable
237005,ANES2024TimeSeries_20250808,AZ,04,20241024,181342,20241024,193813,.,20241220,123731,20250116,155334,-1. Inapplicable,-1. Inapplicable
237087,ANES2024TimeSeries_20250808,AZ,04,20240921,124139,20240921,131819,.,.,NA,.,NA,-1. Inapplicable,-1. Inapplicable
237117,ANES2024TimeSeries_20250808,CA,06,20240812,204216,20240812,215427,.,20241221,135806,20241221,150711,-1. Inapplicable,-1. Inapplicable
237212,ANES2024TimeSeries_20250808,CO,08,20240829,162252,.,-1,.,.,NA,.,NA,-1. Inapplicable,-1. Inapplicable
237236,ANES2024TimeSeries_20250808,NV,32,20240828,195343,20240828,210001,.,.,NA,.,NA,-1. Inapplicable,-1. Inapplicable
237278,ANES2024TimeSeries_20250808,NV,32,20240813,165137,20240820,130339,.,20250118,150614,20250118,185200,-1. Inapplicable,-1. Inapplicable
237284,ANES2024TimeSeries_20250808,NV,32,20240813,141207,20240813,150101,.,20241225,160509,20241225,165108,-1. Inapplicable,-1. Inapplicable
237290,ANES2024TimeSeries_20250808,NM,35,20240924,110218,20240924,123153,.,20250116,002727,20250116,015112,-1. Inapplicable,-1. Inapplicable
237296,ANES2024TimeSeries_20250808,AZ,04,20240903,032752,20240903,040327,.,20241201,220413,20241202,010353,-1. Inapplicable,-1. Inapplicable
237312,ANES2024TimeSeries_20250808,AZ,04,20240922,173508,20240922,180324,.,20250130,121959,20250130,131141,-1. Inapplicable,-1. Inapplicable
237330,ANES2024TimeSeries_20250808,AZ,04,20240813,152838,20240813,165532,.,20250115,151348,20250115,162928,-1. Inapplicable,-1. Inapplicable
237353,ANES2024TimeSeries_20250808,NV,32,20240813,011706,20240813,070059,.,20241224,160020,20241224,170428,-1. Inapplicable,-1. Inapplicable
237359,ANES2024TimeSeries_20250808,NV,32,20240815,211357,20240815,222803,.,.,NA,.,NA,-1. Inapplicable,-1. Inapplicable
237365,ANES2024TimeSeries_20250808,AZ,04,20240923,202729,20240923,210514,.,20241205,124405,20241205,131904,-1. Inapplicable,-1. Inapplicable
237412,ANES2024TimeSeries_20250808,AZ,04,20240813,144914,20240813,160324,.,.,NA,.,NA,-1. Inapplicable,-1. Inapplicable
237453,ANES2024TimeSeries_20250808,AZ,04,20240823,180233,20241011,184249,.,20241231,185402,20241231,193317,-1. Inapplicable,-1. Inapplicable
237477,ANES2024TimeSeries_20250808,AZ,NA,.,NA,.,NA,20241025,.,NA,.,NA,-1. Inapplicable,-1. Inapplicable
237495,ANES2024TimeSeries_20250808,AZ,04,20240820,153926,20240820,163311,.,20241229,100642,.,-1,-1. Inapplicable,-1. Inapplicable
237524,ANES2024TimeSeries_20250808,AZ,04,20240824,231202,20240825,000551,.,20250117,003657,20250117,013942,-1. Inapplicable,-1. Inapplicable
237553,ANES2024TimeSeries_20250808,AZ,04,20240812,212121,20240812,220522,.,20241220,155454,20241220,164010,-1. Inapplicable,-1. Inapplicable
237567,ANES2024TimeSeries_20250808,AZ,04,20240816,215641,20240816,231233,.,20241117,152917,20241117,152931,-1. Inapplicable,-1. Inapplicable
237584,ANES2024TimeSeries_20250808,AZ,04,20240819,101430,20240826,102101,.,.,NA,.,NA,-1. Inapplicable,-1. Inapplicable
237596,ANES2024TimeSeries_20250808,AZ,NA,.,NA,.,NA,20241103,.,NA,.,NA,-1. Inapplicable,-1. Inapplicable
237602,ANES2024TimeSeries_20250808,NM,35,20240815,230246,20240816,013316,.,20241120,232859,20241121,005417,-1. Inapplicable,-1. Inapplicable
237608,ANES2024TimeSeries_20250808,AZ,04,20240813,191252,20240813,195638,.,20241115,123239,20241115,123252,-1. Inapplicable,-1. Inapplicable
237620,ANES2024TimeSeries_20250808,AZ,04,20240824,112047,20240824,125954,.,20241123,091121,20241123,120703,-1. Inapplicable,-1. Inapplicable
237626,ANES2024TimeSeries_20250808,AZ,04,20240818,184048,20240818,195805,.,20241118,213554,20241118,213617,-1. Inapplicable,-1. Inapplicable
237638,ANES2024TimeSeries_20250808,AZ,04,20240813,164239,20240813,175639,.,20241119,163025,20241119,163049,-1. Inapplicable,-1. Inapplicable
237650,ANES2024TimeSeries_20250808,AZ,04,20240914,110639,20241001,134426,.,20241123,180900,20241123,194011,-1. Inapplicable,-1. Inapplicable
237685,ANES2024TimeSeries_20250808,NV,32,20240817,231655,20240818,000018,.,20250207,202748,20250207,213215,-1. Inapplicable,-1. Inapplicable
237697,ANES2024TimeSeries_20250808,NV,32,20240823,184711,20240823,190858,.,20241201,012833,20241201,015012,-1. Inapplicable,-1. Inapplicable
237703,ANES2024TimeSeries_20250808,AZ,04,20240828,000945,20240828,005003,.,.,NA,.,NA,-1. Inapplicable,-1. Inapplicable
237709,ANES2024TimeSeries_20250808,NV,NA,.,NA,.,NA,20241027,.,NA,.,NA,-1. Inapplicable,-1. Inapplicable
237721,ANES2024TimeSeries_20250808,AZ,04,20240906,122620,20240906,144445,.,20241127,171133,20241127,184939,-1. Inapplicable,-1. Inapplicable
237739,ANES2024TimeSeries_20250808,AZ,04,20240816,203407,20240816,233000,.,20241202,102033,20241202,123118,-1. Inapplicable,-1. Inapplicable
237774,ANES2024TimeSeries_20250808,AZ,NA,.,NA,.,NA,20241029,.,NA,.,NA,-1. Inapplicable,-1. Inapplicable
237780,ANES2024TimeSeries_20250808,NV,32,20240814,225838,20240815,001856,.,20241122,043127,20241122,054359,-1. Inapplicable,-1. Inapplicable
237792,ANES2024TimeSeries_20250808,AZ,04,20240917,204701,20240918,183756,.,20241201,132805,20241202,114105,-1. Inapplicable,-1. Inapplicable
237835,ANES2024TimeSeries_20250808,CA,06,20240819,214620,20240819,224015,.,20241118,104011,20241118,104129,-1. Inapplicable,-1. Inapplicable
237841,ANES2024TimeSeries_20250808,CA,06,20240921,001127,20240921,005552,.,20250129,115744,20250201,004035,-1. Inapplicable,-1. Inapplicable
237853,ANES2024TimeSeries_20250808,CA,06,20240818,111505,20240818,115453,.,.,NA,.,NA,-1. Inapplicable,-1. Inapplicable
237882,ANES2024TimeSeries_20250808,NV,32,20240828,195858,20241007,020526,.,20241126,051508,20241126,055937,-1. Inapplicable,-1. Inapplicable
237893,ANES2024TimeSeries_20250808,OR,41,20240826,134158,20240826,151200,.,20241114,133639,20241114,134509,-1. Inapplicable,-1. Inapplicable
237953,ANES2024TimeSeries_20250808,AK,02,20240813,145643,20240813,154600,.,20241118,210539,20241118,210547,-1. Inapplicable,-1. Inapplicable
237958,ANES2024TimeSeries_20250808,CA,06,20240812,193410,20240812,205141,.,20250115,140702,20250115,153011,-1. Inapplicable,-1. Inapplicable
237970,ANES2024TimeSeries_20250808,AK,02,20240818,214918,20240818,224849,.,20250115,205502,20250115,213831,-1. Inapplicable,-1. Inapplicable
237981,ANES2024TimeSeries_20250808,AK,02,20240816,235247,20240817,003200,.,20241201,153116,20241201,163013,-1. Inapplicable,-1. Inapplicable
237999,ANES2024TimeSeries_20250808,CA,06,20240911,221128,20240911,225251,.,20241125,173118,20241125,182435,-1. Inapplicable,-1. Inapplicable
238010,ANES2024TimeSeries_20250808,MT,30,20240818,144704,20240818,165922,.,20241126,201906,20241126,220145,-1. Inapplicable,-1. Inapplicable
238026,ANES2024TimeSeries_20250808,CA,06,20240823,220509,20240823,235306,.,20241130,171753,20241201,173903,-1. Inapplicable,-1. Inapplicable
238032,ANES2024TimeSeries_20250808,WA,NA,.,NA,.,NA,20241026,.,NA,.,NA,-1. Inapplicable,-1. Inapplicable
238038,ANES2024TimeSeries_20250808,OR,41,20240813,175214,20240813,194031,.,20241124,161715,20241124,175314,-1. Inapplicable,-1. Inapplicable
238056,ANES2024TimeSeries_20250808,CA,06,20240812,184258,20241013,205833,.,20241114,093251,20241114,093256,-1. Inapplicable,-1. Inapplicable
238067,ANES2024TimeSeries_20250808,CA,06,20240827,220446,20240827,234144,.,20241219,011223,20241219,024903,-1. Inapplicable,-1. Inapplicable
238097,ANES2024TimeSeries_20250808,CA,06,20240812,153426,20240812,173007,.,20241116,175545,20241116,175556,-1. Inapplicable,-1. Inapplicable
238102,ANES2024TimeSeries_20250808,OR,41,20240815,185517,20240815,201132,.,20241125,161430,20241125,173438,-1. Inapplicable,-1. Inapplicable
238132,ANES2024TimeSeries_20250808,WA,NA,.,NA,.,NA,20241027,.,NA,.,NA,-1. Inapplicable,-1. Inapplicable
238138,ANES2024TimeSeries_20250808,CA,06,20240812,181622,20240812,191106,.,20241219,183904,20241219,193132,-1. Inapplicable,-1. Inapplicable
238143,ANES2024TimeSeries_20250808,WA,53,20240825,013850,20240915,024050,.,20241201,230943,20241201,234232,-1. Inapplicable,-1. Inapplicable
238149,ANES2024TimeSeries_20250808,WA,53,20240820,015414,20240820,031122,.,20241117,142339,20241117,142354,-1. Inapplicable,-1. Inapplicable
238161,ANES2024TimeSeries_20250808,WA,53,20240901,191228,20240901,201451,.,20241201,165132,20241201,172601,-1. Inapplicable,-1. Inapplicable
238185,ANES2024TimeSeries_20250808,NV,32,20240929,220247,20240929,224745,.,20241128,163859,20241128,172427,-1. Inapplicable,-1. Inapplicable
238214,ANES2024TimeSeries_20250808,CA,06,20240813,201234,20240813,231638,.,.,NA,.,NA,-1. Inapplicable,-1. Inapplicable
238226,ANES2024TimeSeries_20250808,MT,30,20240821,234145,20240822,002622,.,20241120,224134,20241120,233125,-1. Inapplicable,-1. Inapplicable
238255,ANES2024TimeSeries_20250808,CA,06,20240917,220632,20240917,230918,.,20241202,141216,20241202,154257,-1. Inapplicable,-1. Inapplicable
238276,ANES2024TimeSeries_20250808,AK,02,20240904,004649,20240904,022137,.,20250116,001007,20250116,012001,-1. Inapplicable,-1. Inapplicable
238288,ANES2024TimeSeries_20250808,CA,06,20240908,140932,20240908,150240,.,20241227,220901,20241228,003130,-1. Inapplicable,-1. Inapplicable
238300,ANES2024TimeSeries_20250808,CA,06,20241012,130342,20241012,144015,.,20241130,114153,20241130,124630,-1. Inapplicable,-1. Inapplicable
238306,ANES2024TimeSeries_20250808,CA,06,20240828,143647,20240828,151838,.,20241125,235312,20241210,133449,-1. Inapplicable,-1. Inapplicable
238312,ANES2024TimeSeries_20250808,WA,53,20240813,183014,20240813,194525,.,20241118,235533,20241118,235543,-1. Inapplicable,-1. Inapplicable
238330,ANES2024TimeSeries_20250808,NV,32,20240823,212300,20240913,101958,.,20250116,105126,20250116,132542,-1. Inapplicable,-1. Inapplicable
238336,ANES2024TimeSeries_20250808,WA,53,20240815,163320,20240815,175718,.,.,NA,.,NA,-1. Inapplicable,-1. Inapplicable
238342,ANES2024TimeSeries_20250808,NV,32,20240923,132646,20240923,153237,.,20241126,120130,20241126,140136,-1. Inapplicable,-1. Inapplicable
238348,ANES2024TimeSeries_20250808,NV,32,20241015,121001,20241015,125206,.,20250211,115843,20250211,124518,-1. Inapplicable,-1. Inapplicable
238371,ANES2024TimeSeries_20250808,NV,32,20240920,181424,20240920,195155,.,20241115,170032,20241115,170041,-1. Inapplicable,-1. Inapplicable
238407,ANES2024TimeSeries_20250808,OR,41,20240814,195435,20240814,202626,.,20241122,154005,20241122,164813,-1. Inapplicable,-1. Inapplicable
238413,ANES2024TimeSeries_20250808,CA,06,20240816,203318,20240816,213840,.,20241124,162254,20241124,175845,-1. Inapplicable,-1. Inapplicable
238431,ANES2024TimeSeries_20250808,OR,NA,.,NA,.,NA,.,.,NA,.,NA,-1. Inapplicable,-1. Inapplicable
238437,ANES2024TimeSeries_20250808,WA,53,20240813,000129,20240813,004504,.,20241123,173816,20241123,181252,-1. Inapplicable,-1. Inapplicable
238449,ANES2024TimeSeries_20250808,OR,41,20241011,182608,20241011,191903,.,20250103,174018,20250103,183535,-1. Inapplicable,-1. Inapplicable
238486,ANES2024TimeSeries_20250808,AZ,04,20240923,181300,20240924,133336,.,20241114,123634,20241114,123653,-1. Inapplicable,-1. Inapplicable
238492,ANES2024TimeSeries_20250808,AZ,NA,.,NA,.,NA,20241024,.,NA,.,NA,-1. Inapplicable,-1. Inapplicable
238498,ANES2024TimeSeries_20250808,AZ,04,20240814,180425,.,-1,.,20250118,151953,20250119,154351,-1. Inapplicable,-1. Inapplicable
238522,ANES2024TimeSeries_20250808,AZ,04,20240924,114222,20241017,143642,.,20241119,113827,20241119,113837,-1. Inapplicable,-1. Inapplicable
238534,ANES2024TimeSeries_20250808,CA,06,20240813,003248,20240813,021421,.,20250115,210731,20250115,220115,-1. Inapplicable,-1. Inapplicable
238600,ANES2024TimeSeries_20250808,ID,16,20240820,152500,20240820,155004,.,.,NA,.,NA,-1. Inapplicable,-1. Inapplicable
238606,ANES2024TimeSeries_20250808,MT,30,20240818,133520,20240818,140500,.,20250115,192503,.,-1,-1. Inapplicable,-1. Inapplicable
238731,ANES2024TimeSeries_20250808,AZ,NA,.,NA,.,NA,20241130,.,NA,.,NA,-1. Inapplicable,-1. Inapplicable
238742,ANES2024TimeSeries_20250808,CA,06,20240923,193619,20240923,201644,.,20241122,191605,20241123,001439,-1. Inapplicable,-1. Inapplicable
238760,ANES2024TimeSeries_20250808,WY,56,20240813,192140,20240813,201132,.,.,NA,.,NA,-1. Inapplicable,-1. Inapplicable
238775,ANES2024TimeSeries_20250808,NM,35,20240814,001907,20240915,184409,.,20250115,162455,20250115,210051,-1. Inapplicable,-1. Inapplicable
238781,ANES2024TimeSeries_20250808,CA,NA,.,NA,.,NA,20241028,.,NA,.,NA,-1. Inapplicable,-1. Inapplicable
238793,ANES2024TimeSeries_20250808,AZ,04,20240813,131437,20240813,143940,.,20250119,161323,20250119,164758,-1. Inapplicable,-1. Inapplicable
238816,ANES2024TimeSeries_20250808,CA,NA,.,NA,.,NA,20241024,.,NA,.,NA,-1. Inapplicable,-1. Inapplicable
238840,ANES2024TimeSeries_20250808,CA,06,20240812,145626,20240823,110218,.,.,NA,.,NA,-1. Inapplicable,-1. Inapplicable
238869,ANES2024TimeSeries_20250808,MT,30,20240813,141118,20240813,144651,.,20241122,174747,20241122,181754,-1. Inapplicable,-1. Inapplicable
238881,ANES2024TimeSeries_20250808,ID,16,20240819,163331,20240819,182441,.,20241114,113139,20241114,113154,-1. Inapplicable,-1. Inapplicable
238916,ANES2024TimeSeries_20250808,AZ,04,20240903,183815,20240903,205145,.,20250119,181604,20250119,220927,-1. Inapplicable,-1. Inapplicable
238935,ANES2024TimeSeries_20250808,CO,08,20240826,145113,20240826,162537,.,20250121,150207,20250121,164038,-1. Inapplicable,-1. Inapplicable
238953,ANES2024TimeSeries_20250808,MT,30,20240813,212418,20240813,224150,.,20241120,232212,20241121,012929,-1. Inapplicable,-1. Inapplicable
238959,ANES2024TimeSeries_20250808,AZ,04,20241010,205709,20241013,173456,.,20241121,090605,20241128,191741,-1. Inapplicable,-1. Inapplicable
238982,ANES2024TimeSeries_20250808,AZ,NA,.,NA,.,NA,20241024,.,NA,.,NA,-1. Inapplicable,-1. Inapplicable
239000,ANES2024TimeSeries_20250808,CA,06,20240820,093714,20241014,103730,.,20241118,230923,20241118,230953,-1. Inapplicable,-1. Inapplicable
239012,ANES2024TimeSeries_20250808,ID,16,20240813,135715,20240912,143101,.,20241203,125137,20241203,134318,-1. Inapplicable,-1. Inapplicable
239024,ANES2024TimeSeries_20250808,CA,06,20241026,134551,20241026,164004,.,20241124,162557,20241124,185846,-1. Inapplicable,-1. Inapplicable
239047,ANES2024TimeSeries_20250808,CA,06,20240812,210141,20240812,221509,.,.,NA,.,NA,-1. Inapplicable,-1. Inapplicable
239071,ANES2024TimeSeries_20250808,CA,06,20240826,161754,20241007,181012,.,20250116,151204,20250116,163439,-1. Inapplicable,-1. Inapplicable
239077,ANES2024TimeSeries_20250808,CA,06,20240817,153231,20240817,161212,.,20241204,191908,20241204,202752,-1. Inapplicable,-1. Inapplicable
239089,ANES2024TimeSeries_20250808,CO,08,20240923,105258,20240923,113534,.,20241220,124756,20241220,132849,-1. Inapplicable,-1. Inapplicable
239113,ANES2024TimeSeries_20250808,ID,16,20240815,081224,20240815,093155,.,20241221,152241,20241221,165313,-1. Inapplicable,-1. Inapplicable
239119,ANES2024TimeSeries_20250808,ID,16,20240928,131616,20240928,135516,.,20241217,131957,20241217,181132,-1. Inapplicable,-1. Inapplicable
239125,ANES2024TimeSeries_20250808,MT,30,20240815,140902,20240815,152009,.,20250115,204717,20250115,214946,-1. Inapplicable,-1. Inapplicable
239143,ANES2024TimeSeries_20250808,NV,NA,.,NA,.,NA,20241027,.,NA,.,NA,-1. Inapplicable,-1. Inapplicable
239166,ANES2024TimeSeries_20250808,UT,49,20241024,204244,20241024,212344,.,20241114,082040,20241114,082102,-1. Inapplicable,-1. Inapplicable
239172,ANES2024TimeSeries_20250808,UT,49,20240814,124551,20240814,133205,.,20241114,142259,20241114,142314,-1. Inapplicable,-1. Inapplicable
239255,ANES2024TimeSeries_20250808,ID,16,20240922,134223,20240922,143010,.,20241122,124853,20241122,140752,-1. Inapplicable,-1. Inapplicable
239275,ANES2024TimeSeries_20250808,WA,53,20240912,145103,20240912,153232,.,.,NA,.,NA,-1. Inapplicable,-1. Inapplicable
239305,ANES2024TimeSeries_20250808,ID,16,20240816,164140,20240817,192302,.,.,NA,.,NA,-1. Inapplicable,-1. Inapplicable
239334,ANES2024TimeSeries_20250808,OR,41,20240813,173439,20240813,183704,.,20241119,111302,20241119,111315,-1. Inapplicable,-1. Inapplicable
239340,ANES2024TimeSeries_20250808,UT,49,20240813,211134,20240813,215415,.,20241122,155527,20241122,164636,-1. Inapplicable,-1. Inapplicable
239352,ANES2024TimeSeries_20250808,UT,49,20240826,154358,20240826,162449,.,20241126,054112,20241126,061908,-1. Inapplicable,-1. Inapplicable
239364,ANES2024TimeSeries_20250808,CA,06,20240815,143340,20240815,162535,.,20241210,115628,20241210,174339,-1. Inapplicable,-1. Inapplicable
239375,ANES2024TimeSeries_20250808,WA,53,20240812,182218,20240812,185711,.,20241114,093745,20241114,093759,-1. Inapplicable,-1. Inapplicable
239393,ANES2024TimeSeries_20250808,OR,41,20240923,212234,20240923,224506,.,20250115,223106,20250115,234030,-1. Inapplicable,-1. Inapplicable
239405,ANES2024TimeSeries_20250808,UT,49,20240815,160446,20240927,144118,.,.,NA,.,NA,-1. Inapplicable,-1. Inapplicable
239411,ANES2024TimeSeries_20250808,CA,NA,.,NA,.,NA,20241029,.,NA,.,NA,-1. Inapplicable,-1. Inapplicable
239417,ANES2024TimeSeries_20250808,ID,16,20240814,172734,20240814,175818,.,20241118,183849,20241118,183856,-1. Inapplicable,-1. Inapplicable
239423,ANES2024TimeSeries_20250808,ID,NA,.,NA,.,NA,20241031,.,NA,.,NA,-1. Inapplicable,-1. Inapplicable
239429,ANES2024TimeSeries_20250808,CA,06,20241007,230613,20241008,001131,.,.,NA,.,NA,-1. Inapplicable,-1. Inapplicable
239454,ANES2024TimeSeries_20250808,WA,53,20240815,170225,20240815,184102,.,20250130,224445,20250130,234112,-1. Inapplicable,-1. Inapplicable
239460,ANES2024TimeSeries_20250808,OR,41,20240824,123416,20240824,133705,.,20241204,144343,20241204,153932,-1. Inapplicable,-1. Inapplicable
239472,ANES2024TimeSeries_20250808,OR,41,20240924,203826,20240924,220906,.,.,NA,.,NA,-1. Inapplicable,-1. Inapplicable
239478,ANES2024TimeSeries_20250808,UT,49,20240812,151116,20240812,154932,.,.,NA,.,NA,-1. Inapplicable,-1. Inapplicable
239489,ANES2024TimeSeries_20250808,CA,06,20240911,202842,20240911,212439,.,20241125,181603,20241125,191538,-1. Inapplicable,-1. Inapplicable
239495,ANES2024TimeSeries_20250808,OR,NA,.,NA,.,NA,20240828,.,NA,.,NA,-1. Inapplicable,-1. Inapplicable
239513,ANES2024TimeSeries_20250808,CA,NA,.,NA,.,NA,20241102,.,NA,.,NA,-1. Inapplicable,-1. Inapplicable
239519,ANES2024TimeSeries_20250808,NV,32,20240815,080115,20240815,090656,.,20241206,192749,20241206,205348,-1. Inapplicable,-1. Inapplicable
239542,ANES2024TimeSeries_20250808,CA,06,20240813,194702,20240813,220540,.,20241119,143710,20241119,143728,-1. Inapplicable,-1. Inapplicable
239548,ANES2024TimeSeries_20250808,OR,41,20240817,131958,20241009,162958,.,.,NA,.,NA,-1. Inapplicable,-1. Inapplicable
239554,ANES2024TimeSeries_20250808,OR,NA,.,NA,.,NA,20241025,.,NA,.,NA,-1. Inapplicable,-1. Inapplicable
239582,ANES2024TimeSeries_20250808,AZ,04,20240817,141140,20240912,143346,.,20250215,211826,20250215,232243,-1. Inapplicable,-1. Inapplicable
239593,ANES2024TimeSeries_20250808,CA,06,20240823,230932,20240823,233356,.,20241231,145837,20250117,173928,-1. Inapplicable,-1. Inapplicable
239634,ANES2024TimeSeries_20250808,ID,16,20240819,001150,20240819,015144,.,20241121,142317,20241121,155053,-1. Inapplicable,-1. Inapplicable
239646,ANES2024TimeSeries_20250808,ID,16,20240926,141139,20240926,151527,.,.,NA,.,NA,-1. Inapplicable,-1. Inapplicable
239669,ANES2024TimeSeries_20250808,MT,NA,.,NA,.,NA,20241028,.,NA,.,NA,-1. Inapplicable,-1. Inapplicable
239675,ANES2024TimeSeries_20250808,OR,41,20240813,174137,20240813,184043,.,20241127,170051,20241127,182106,-1. Inapplicable,-1. Inapplicable
239693,ANES2024TimeSeries_20250808,UT,NA,.,NA,.,NA,20241024,.,NA,.,NA,-1. Inapplicable,-1. Inapplicable
239754,ANES2024TimeSeries_20250808,CO,08,20241031,181218,20241031,191949,.,20241122,170217,20241122,184815,-1. Inapplicable,-1. Inapplicable
239771,ANES2024TimeSeries_20250808,AZ,04,20240814,230249,20240815,000215,.,20241125,145329,20241125,154816,-1. Inapplicable,-1. Inapplicable
239777,ANES2024TimeSeries_20250808,WA,53,20240918,125031,20240927,005344,.,20241201,181457,20241201,191622,-1. Inapplicable,-1. Inapplicable
239794,ANES2024TimeSeries_20250808,OR,41,20240914,154431,20240914,170149,.,20241129,203741,20241129,214552,-1. Inapplicable,-1. Inapplicable
239823,ANES2024TimeSeries_20250808,CA,06,20240816,185042,20240821,152932,.,20241211,171510,20241212,190442,-1. Inapplicable,-1. Inapplicable
239840,ANES2024TimeSeries_20250808,CA,06,20240905,190305,.,-1,.,20241217,144824,20250208,174556,-1. Inapplicable,-1. Inapplicable
239870,ANES2024TimeSeries_20250808,CO,08,20241010,134439,20241010,144412,.,20241114,095732,20241114,095747,-1. Inapplicable,-1. Inapplicable
239876,ANES2024TimeSeries_20250808,CO,08,20240928,152354,20240928,160508,.,20250120,150935,20250120,164453,-1. Inapplicable,-1. Inapplicable
239899,ANES2024TimeSeries_20250808,CO,08,20240815,112645,20240815,130113,.,20241122,163306,20241122,181729,-1. Inapplicable,-1. Inapplicable
239905,ANES2024TimeSeries_20250808,CO,08,20240923,184648,20240923,210158,.,20250115,183030,20250115,213705,-1. Inapplicable,-1. Inapplicable
239911,ANES2024TimeSeries_20250808,CO,08,20240816,005813,20240816,020924,.,.,NA,.,NA,-1. Inapplicable,-1. Inapplicable
239917,ANES2024TimeSeries_20250808,CO,NA,.,NA,.,NA,20241025,.,NA,.,NA,-1. Inapplicable,-1. Inapplicable
239952,ANES2024TimeSeries_20250808,CO,08,20240923,215004,20240923,224207,.,.,NA,.,NA,-1. Inapplicable,-1. Inapplicable
239976,ANES2024TimeSeries_20250808,WA,53,20240814,182241,20240814,203246,.,20250118,222318,20250119,001852,-1. Inapplicable,-1. Inapplicable
239988,ANES2024TimeSeries_20250808,WA,53,20240813,143148,20240813,160034,.,20241122,165912,20241122,181243,-1. Inapplicable,-1. Inapplicable
240006,ANES2024TimeSeries_20250808,WA,53,20240813,003800,20240813,012018,.,20241114,135845,20241114,135852,-1. Inapplicable,-1. Inapplicable
240012,ANES2024TimeSeries_20250808,CA,06,20240821,121242,20240821,134337,.,20241228,233419,20241229,005747,-1. Inapplicable,-1. Inapplicable
240018,ANES2024TimeSeries_20250808,WA,53,20240923,194211,20240924,122100,.,20241126,142528,20241126,160649,-1. Inapplicable,-1. Inapplicable
240023,ANES2024TimeSeries_20250808,OR,41,20241008,170643,20241008,175755,.,20241120,173030,20241120,182344,-1. Inapplicable,-1. Inapplicable
240041,ANES2024TimeSeries_20250808,WA,53,20240812,175541,20240812,184945,.,20241123,125728,20241123,134805,-1. Inapplicable,-1. Inapplicable
240047,ANES2024TimeSeries_20250808,CO,08,20240924,085131,20240924,093531,.,20241119,125530,20241119,125538,-1. Inapplicable,-1. Inapplicable
240053,ANES2024TimeSeries_20250808,OR,41,20240823,121827,20240823,134122,.,20241227,172047,20241227,184433,-1. Inapplicable,-1. Inapplicable
240059,ANES2024TimeSeries_20250808,CO,08,20240923,194001,20240925,073343,.,20241120,203717,20241121,100337,-1. Inapplicable,-1. Inapplicable
240065,ANES2024TimeSeries_20250808,CO,08,20240813,181548,20240813,184612,.,20250130,215328,20250130,222823,-1. Inapplicable,-1. Inapplicable
240071,ANES2024TimeSeries_20250808,OR,NA,.,NA,.,NA,20241025,.,NA,.,NA,-1. Inapplicable,-1. Inapplicable
240089,ANES2024TimeSeries_20250808,CO,08,20240825,124436,20240825,131957,.,20241119,204536,20241119,204559,-1. Inapplicable,-1. Inapplicable
240106,ANES2024TimeSeries_20250808,UT,49,20240909,201938,20240909,215548,.,20241118,224931,20241118,224949,-1. Inapplicable,-1. Inapplicable
240112,ANES2024TimeSeries_20250808,CO,08,20241014,220106,20241014,223543,.,20241120,184436,20241120,200447,-1. Inapplicable,-1. Inapplicable
240136,ANES2024TimeSeries_20250808,CA,06,20240814,143334,20240814,161230,.,20241125,190158,20241201,230922,-1. Inapplicable,-1. Inapplicable
240154,ANES2024TimeSeries_20250808,WA,53,20240818,101925,20240818,115936,.,.,NA,.,NA,-1. Inapplicable,-1. Inapplicable
240165,ANES2024TimeSeries_20250808,CO,08,20240816,111624,20240816,125455,.,.,NA,.,NA,-1. Inapplicable,-1. Inapplicable
240183,ANES2024TimeSeries_20250808,WA,53,20240824,163600,20240824,173800,.,20241121,001543,20241121,013209,-1. Inapplicable,-1. Inapplicable
240189,ANES2024TimeSeries_20250808,UT,49,20240831,151223,20240831,164142,.,20241122,215849,20241122,231734,-1. Inapplicable,-1. Inapplicable
311028,ANES2024TimeSeries_20250808,CO,08,20241018,154730,20241018,170351,.,20250212,100440,20250212,120045,IWER72,IWER11
311096,ANES2024TimeSeries_20250808,CA,06,20241030,184513,20241030,204333,.,20241209,164541,20241209,184741,IWER62,IWER62
311298,ANES2024TimeSeries_20250808,NC,37,20240815,122141,20240815,141922,.,20250130,070100,20250130,085502,IWER49,IWER80
311324,ANES2024TimeSeries_20250808,SC,45,20241103,102922,20241104,162835,.,20250212,161942,20250212,175353,IWER21,IWER80
311484,ANES2024TimeSeries_20250808,MA,25,20240928,111013,20240928,123857,.,20241114,110305,20241114,123057,IWER32,IWER76
311520,ANES2024TimeSeries_20250808,WA,53,20241028,202853,20241028,223113,.,20250117,180624,20250213,220322,IWER34,IWER10
311578,ANES2024TimeSeries_20250808,GA,13,20240907,133154,20240907,145531,.,20241230,123449,20241230,135030,IWER52,IWER11
311596,ANES2024TimeSeries_20250808,AR,05,20241013,125621,20241013,142059,.,20241118,100925,20241118,115259,IWER65,IWER35
311721,ANES2024TimeSeries_20250808,TX,48,20240816,110504,20240816,122249,.,20250116,161352,20250116,171635,IWER08,IWER08
311929,ANES2024TimeSeries_20250808,OR,41,20240921,091947,20240921,115624,.,.,NA,.,NA,IWER58,-1. Inapplicable
311934,ANES2024TimeSeries_20250808,AL,01,20241006,155520,20241006,181714,.,20241115,125137,20241115,145903,IWER72,IWER32
312076,ANES2024TimeSeries_20250808,AR,05,20240925,110134,20240925,125139,.,20250118,131955,20250118,144120,IWER35,IWER35
312182,ANES2024TimeSeries_20250808,TX,48,20241005,134616,20241005,151512,.,20241118,120433,20241118,135033,IWER59,IWER08
312192,ANES2024TimeSeries_20250808,AZ,04,20241018,113220,20241018,125917,.,.,NA,.,NA,IWER11,-1. Inapplicable
312312,ANES2024TimeSeries_20250808,UT,49,20241003,190410,20241003,204519,.,20241213,183243,20241215,132500,IWER34,IWER34
312325,ANES2024TimeSeries_20250808,GA,13,20240929,090339,20240929,102328,.,20241211,140104,20241211,151654,IWER52,IWER58
312343,ANES2024TimeSeries_20250808,CT,09,20241020,090048,20241020,103501,.,.,NA,.,NA,IWER47,-1. Inapplicable
312443,ANES2024TimeSeries_20250808,UT,49,20240913,114637,20240913,131517,.,20241231,083202,20241231,094221,IWER34,IWER80
312445,ANES2024TimeSeries_20250808,CO,08,20240927,112058,20240927,123750,.,20241203,090304,20241203,102121,IWER65,IWER58
312685,ANES2024TimeSeries_20250808,IN,18,20241031,172814,20241031,192127,.,20250121,130046,20250121,144335,IWER01,IWER80
313016,ANES2024TimeSeries_20250808,IL,17,20241008,202610,20241008,221520,.,20241126,214644,20241206,201244,IWER54,IWER54
313020,ANES2024TimeSeries_20250808,TN,47,20240815,110420,20240815,123128,.,20241111,120452,20241111,132753,IWER50,IWER95
313118,ANES2024TimeSeries_20250808,FL,12,20241030,165802,20241030,184907,.,20241118,162351,20241118,172059,IWER01,IWER58
313244,ANES2024TimeSeries_20250808,PA,42,20240921,194312,20240921,205414,.,20250203,090724,20250203,103041,IWER10,IWER10
313332,ANES2024TimeSeries_20250808,CA,06,20240829,110710,20240829,162417,.,20250126,135945,20250126,151937,IWER08,IWER62
313490,ANES2024TimeSeries_20250808,TX,48,20240921,125353,20240921,144636,.,20241115,123943,20241115,143909,IWER07,IWER08
313693,ANES2024TimeSeries_20250808,AZ,04,20240810,144604,20240810,163236,.,20241219,155406,20241219,174342,IWER11,IWER92
313830,ANES2024TimeSeries_20250808,MO,29,20241026,080839,20241026,103833,.,20241116,081123,20241116,103717,IWER24,IWER24
314001,ANES2024TimeSeries_20250808,FL,12,20240814,133227,20240814,145729,.,20241117,184552,20241117,195908,IWER14,IWER58
314024,ANES2024TimeSeries_20250808,FL,12,20240927,150525,20240927,161656,.,20241119,150115,20241119,162816,IWER16,IWER100
314093,ANES2024TimeSeries_20250808,TX,48,20240811,160338,20240811,172030,.,20241123,122016,20241123,133850,IWER08,IWER95
314129,ANES2024TimeSeries_20250808,CA,06,20240803,182425,20240803,194744,.,.,NA,.,NA,IWER39,-1. Inapplicable
314130,ANES2024TimeSeries_20250808,MA,25,20241026,120102,20241026,142435,.,20241125,101805,20241125,114604,IWER57,IWER11
314131,ANES2024TimeSeries_20250808,MO,29,20240827,110403,20240827,144702,.,20241107,120234,20241107,133309,IWER24,IWER93
314172,ANES2024TimeSeries_20250808,CT,09,20240921,101108,20240921,113847,.,20241115,145220,20241115,162023,IWER47,IWER47
314324,ANES2024TimeSeries_20250808,CA,06,20240822,122703,20240822,144441,.,20241121,155613,20241121,172600,IWER30,IWER90
314336,ANES2024TimeSeries_20250808,TN,47,20240823,161030,20240823,180148,.,20241108,171039,20241108,184527,IWER50,IWER76
314425,ANES2024TimeSeries_20250808,NJ,34,20241006,170404,20241006,183250,.,20241107,181553,20241107,205137,IWER75,IWER96
314703,ANES2024TimeSeries_20250808,TN,47,20241004,175440,20241004,191550,.,20241117,195349,20241117,212212,IWER50,IWER76
314803,ANES2024TimeSeries_20250808,CT,09,20241023,170244,20241023,182722,.,20241202,170149,20241202,181523,IWER21,IWER89
314902,ANES2024TimeSeries_20250808,TX,48,20240921,115528,20240921,133108,.,20241119,110735,20241119,124920,IWER12,IWER12
314956,ANES2024TimeSeries_20250808,NY,36,20241031,130406,20241031,145608,.,20241212,130246,20241212,145417,IWER46,IWER46
315225,ANES2024TimeSeries_20250808,TN,47,20241014,181716,20241014,191016,.,20241118,142751,20241118,152800,IWER50,IWER50
315284,ANES2024TimeSeries_20250808,CT,09,20241103,171810,20241103,185149,.,20250201,184723,20250201,204215,IWER21,IWER37
315329,ANES2024TimeSeries_20250808,TN,47,20240925,181955,20240925,193753,.,.,NA,.,NA,IWER50,-1. Inapplicable
315330,ANES2024TimeSeries_20250808,AR,05,20240905,144021,20240905,162820,.,20241119,110134,20241119,122304,IWER35,IWER95
315338,ANES2024TimeSeries_20250808,WA,53,20241022,155226,20241025,142036,.,20241211,131926,20241211,151607,IWER63,IWER61
315625,ANES2024TimeSeries_20250808,TN,47,20240806,121039,20240806,133136,.,.,NA,.,NA,IWER50,-1. Inapplicable
315741,ANES2024TimeSeries_20250808,CA,06,20240828,125759,20240828,145038,.,.,NA,.,NA,IWER06,-1. Inapplicable
315761,ANES2024TimeSeries_20250808,TN,47,20240906,140529,20240906,163204,.,20241112,153621,20241112,171309,IWER50,IWER91
315762,ANES2024TimeSeries_20250808,MO,29,20241012,130136,20241012,142646,.,20241219,110056,20241219,121509,IWER58,IWER72
315825,ANES2024TimeSeries_20250808,NY,36,20240812,111438,20240812,130902,.,20241118,100403,20241118,123307,IWER10,IWER101
315901,ANES2024TimeSeries_20250808,IN,18,20240912,121135,20240912,135229,.,20241215,103609,20241215,123644,IWER03,IWER35
315917,ANES2024TimeSeries_20250808,UT,49,20240911,182317,20240911,204255,.,20250122,172427,20250122,192352,IWER34,IWER34
315921,ANES2024TimeSeries_20250808,TN,47,20240822,170159,20240822,182547,.,.,NA,.,NA,IWER50,-1. Inapplicable
315931,ANES2024TimeSeries_20250808,AZ,04,20240820,094307,20240820,110352,.,20241218,140908,20241218,151237,IWER25,IWER11
315948,ANES2024TimeSeries_20250808,SC,45,20240908,163131,20240912,114500,.,20241119,100133,20241119,115311,IWER14,IWER14
315964,ANES2024TimeSeries_20250808,UT,49,20241004,143437,20241004,162530,.,20241119,120200,20241119,132508,IWER34,IWER94
315984,ANES2024TimeSeries_20250808,IA,19,20241028,162939,20241028,181406,.,.,NA,.,NA,IWER85,-1. Inapplicable
316016,ANES2024TimeSeries_20250808,CT,09,20240909,130736,20240909,141025,.,20241111,125906,20241111,140821,IWER47,IWER90
316123,ANES2024TimeSeries_20250808,WA,53,20241103,121933,20241103,135052,.,20241205,150102,20241205,164937,IWER61,IWER101
316162,ANES2024TimeSeries_20250808,GA,13,20240909,165510,20240909,182044,.,20241108,161634,20241108,180645,IWER52,IWER96
316169,ANES2024TimeSeries_20250808,CT,09,20240822,183417,20240822,193605,.,20241111,192746,20241111,205916,IWER47,IWER96
316227,ANES2024TimeSeries_20250808,PA,42,20240907,125841,20240907,145959,.,20241214,164512,20241214,181127,IWER10,IWER10
316234,ANES2024TimeSeries_20250808,MD,24,20241019,165620,20241019,190208,.,20241126,115618,20241126,132724,IWER37,IWER90
316243,ANES2024TimeSeries_20250808,TX,48,20240914,143052,20240914,155055,.,20241231,095437,20241231,112243,IWER59,IWER59
316251,ANES2024TimeSeries_20250808,IL,17,20241020,141207,20241020,154620,.,20241124,170552,20241209,192819,IWER03,IWER91
316316,ANES2024TimeSeries_20250808,OR,41,20240923,142408,20240925,185725,.,.,NA,.,NA,IWER61,-1. Inapplicable
316326,ANES2024TimeSeries_20250808,WI,55,20240904,104417,20240904,120818,.,.,NA,.,NA,IWER03,-1. Inapplicable
316334,ANES2024TimeSeries_20250808,AZ,04,20241022,170548,20241022,184719,.,20241217,165446,20241217,183748,IWER11,IWER11
316336,ANES2024TimeSeries_20250808,MO,29,20241030,170256,20241030,182600,.,20241211,100102,20241211,111401,IWER80,IWER72
316385,ANES2024TimeSeries_20250808,TN,47,20240823,192809,20240823,205719,.,20241204,170549,20241204,181809,IWER50,IWER50
316400,ANES2024TimeSeries_20250808,VA,51,20241003,174033,20241003,191721,.,20241113,180100,20241113,193515,IWER51,IWER94
316434,ANES2024TimeSeries_20250808,TX,48,20241015,105746,20241021,163456,.,20241122,121236,20241125,160415,IWER08,IWER08
316600,ANES2024TimeSeries_20250808,IL,17,20240917,110543,20240917,124407,.,20241120,124552,20241120,140554,IWER53,IWER53
316605,ANES2024TimeSeries_20250808,TX,48,20240928,093326,20240928,111807,.,20250205,153800,20250205,171930,IWER59,IWER11
316747,ANES2024TimeSeries_20250808,FL,12,20240827,133157,20240827,151941,.,20241213,112408,20241213,132658,IWER16,IWER58
316791,ANES2024TimeSeries_20250808,IN,18,20240925,083222,20240925,094102,.,20241211,153121,20241211,170256,IWER64,IWER45
316805,ANES2024TimeSeries_20250808,TX,48,20241019,140449,20241019,153759,.,20241204,134625,20241204,151824,IWER44,IWER92
316937,ANES2024TimeSeries_20250808,AZ,04,20241030,195030,20241030,214431,.,20241216,175620,20241216,200445,IWER11,IWER11
316949,ANES2024TimeSeries_20250808,IL,17,20241025,153642,20241025,165616,.,20241206,170155,20241206,182456,IWER03,IWER76
316982,ANES2024TimeSeries_20250808,WA,53,20241101,151452,20241101,170440,.,20250113,153245,20250113,172353,IWER61,IWER61
317151,ANES2024TimeSeries_20250808,CT,09,20241101,134717,20241101,153104,.,.,NA,.,NA,IWER47,-1. Inapplicable
317240,ANES2024TimeSeries_20250808,IL,17,20240911,120925,20240911,135729,.,20241209,120900,20241209,135231,IWER45,IWER45
317447,ANES2024TimeSeries_20250808,UT,49,20241006,081016,20241006,094130,.,20241207,173012,20241207,184405,IWER34,IWER34
317590,ANES2024TimeSeries_20250808,GA,13,20241024,074520,20241024,090612,.,20241205,140926,20241211,161510,IWER80,IWER59
317777,ANES2024TimeSeries_20250808,MO,29,20240812,111641,20240812,133904,.,20241219,165619,20241219,183254,IWER20,IWER72
317843,ANES2024TimeSeries_20250808,VA,51,20240914,121839,20240914,135540,.,20241109,140744,20241109,155958,IWER36,IWER76
317855,ANES2024TimeSeries_20250808,GA,13,20240924,100011,20240924,114259,.,20241108,100629,20241108,112858,IWER52,IWER91
317858,ANES2024TimeSeries_20250808,IA,19,20240914,163815,20240914,180046,.,20241111,155023,20241111,172507,IWER32,IWER94
317863,ANES2024TimeSeries_20250808,MO,29,20241023,091853,20241023,110543,.,20241205,100123,20241205,113624,IWER58,IWER97
317877,ANES2024TimeSeries_20250808,MI,26,20240914,165158,20240914,184653,.,20241118,160710,20241118,180733,IWER51,IWER84
318059,ANES2024TimeSeries_20250808,FL,12,20240814,101232,20240814,115328,.,20241113,105853,20241113,120405,IWER14,IWER91
318156,ANES2024TimeSeries_20250808,AL,01,20241024,133350,20241024,145843,.,20250120,100356,20250120,112159,IWER32,IWER32
318308,ANES2024TimeSeries_20250808,WA,53,20241020,121544,20241020,135858,.,20241201,145545,20241201,162610,IWER70,IWER76
318365,ANES2024TimeSeries_20250808,SC,45,20240919,182922,20240919,204803,.,20241125,082423,20241125,102328,IWER51,IWER77
318480,ANES2024TimeSeries_20250808,CO,08,20240816,124236,20240816,142645,.,20241201,174058,20241201,190857,IWER51,IWER58
318499,ANES2024TimeSeries_20250808,AR,05,20240818,180444,20240818,192136,.,20241123,185016,20241123,201612,IWER35,IWER35
318543,ANES2024TimeSeries_20250808,UT,49,20240919,121443,20240919,141851,.,20241212,100553,20241212,122355,IWER34,IWER34
318675,ANES2024TimeSeries_20250808,WI,55,20241016,182048,20241016,195412,.,20250117,130042,20250117,143254,IWER90,IWER07
318735,ANES2024TimeSeries_20250808,OH,39,20241007,111314,20241007,124312,.,20241206,100433,20241206,114403,IWER64,IWER84
318773,ANES2024TimeSeries_20250808,CA,06,20240809,141504,20240809,151742,.,20241205,151514,20241205,163602,IWER02,IWER27
318786,ANES2024TimeSeries_20250808,MO,29,20240810,142853,20240810,155850,.,20250207,080715,20250207,095344,IWER20,IWER11
318961,ANES2024TimeSeries_20250808,ND,38,20241018,175342,20241018,191838,.,20241125,190756,20241125,203541,IWER45,IWER58
319050,ANES2024TimeSeries_20250808,IL,17,20241012,102739,20241012,114440,.,20241219,150058,20241219,164620,IWER53,IWER45
319143,ANES2024TimeSeries_20250808,VA,51,20241014,180800,20241014,191811,.,.,NA,.,NA,IWER43,-1. Inapplicable
319441,ANES2024TimeSeries_20250808,IL,17,20240809,093111,20240809,110951,.,20241109,125912,20241109,145410,IWER45,IWER94
319509,ANES2024TimeSeries_20250808,TN,47,20240919,180550,20240919,193239,.,20241112,151826,20241112,164746,IWER50,IWER50
319520,ANES2024TimeSeries_20250808,VA,51,20240810,131232,20240810,150405,.,20241129,105845,20241129,124449,IWER36,IWER36
319535,ANES2024TimeSeries_20250808,MO,29,20241028,190015,20241028,205304,.,20241209,200138,20241209,211748,IWER01,IWER72
319800,ANES2024TimeSeries_20250808,FL,12,20240808,121120,20240808,134119,.,20241119,121405,20241119,132636,IWER14,IWER58
319824,ANES2024TimeSeries_20250808,UT,49,20240815,100620,20240815,112444,.,20241122,150152,20241122,162457,IWER34,IWER34
319951,ANES2024TimeSeries_20250808,CA,06,20240907,134833,20240908,184833,.,20241230,140234,20241230,155153,IWER08,IWER62
320013,ANES2024TimeSeries_20250808,AR,05,20241010,123013,20241010,134137,.,20241117,160008,20241117,174434,IWER65,IWER35
320048,ANES2024TimeSeries_20250808,NJ,34,20241006,142628,20241006,154531,.,20241124,164528,20241124,174724,IWER75,IWER75
320049,ANES2024TimeSeries_20250808,TX,48,20241009,155706,20241009,171150,.,20241118,110901,20241118,123227,IWER07,IWER76
320241,ANES2024TimeSeries_20250808,CA,06,20241103,110704,20241103,123436,.,20241203,173824,20241203,191848,IWER62,IWER96
320280,ANES2024TimeSeries_20250808,MO,29,20241023,185252,20241023,201600,.,.,NA,.,NA,IWER58,-1. Inapplicable
320398,ANES2024TimeSeries_20250808,FL,12,20241014,184930,20241014,200614,.,20241202,184911,20241202,202615,IWER16,IWER96
320433,ANES2024TimeSeries_20250808,MA,25,20241010,113923,20241010,125426,.,20241207,122840,20241207,135020,IWER32,IWER91
320600,ANES2024TimeSeries_20250808,IA,19,20240909,135922,20240909,153745,.,20241125,104133,20241125,124413,IWER32,IWER85
320640,ANES2024TimeSeries_20250808,IL,17,20240806,143503,20240806,154456,.,20241109,175858,20241109,192107,IWER45,IWER95
320644,ANES2024TimeSeries_20250808,CT,09,20240826,140826,20241010,154604,.,.,NA,.,NA,IWER35,-1. Inapplicable
320724,ANES2024TimeSeries_20250808,TX,48,20241011,180400,20241011,191437,.,20241116,112232,20241116,123848,IWER59,IWER08
320766,ANES2024TimeSeries_20250808,CA,06,20240812,163947,20240919,181803,.,.,NA,.,NA,IWER39,-1. Inapplicable
320841,ANES2024TimeSeries_20250808,AR,05,20241030,172009,20241030,184446,.,20241120,171023,20241120,182511,IWER14,IWER35
320871,ANES2024TimeSeries_20250808,VA,51,20241009,180812,20241009,193721,.,20241118,112023,20241118,130712,IWER43,IWER43
320942,ANES2024TimeSeries_20250808,IA,19,20241007,141909,20241007,163857,.,20241126,135130,20241126,161250,IWER85,IWER85
320953,ANES2024TimeSeries_20250808,NC,37,20240826,180257,20240826,193424,.,20241118,172435,20241118,183325,IWER49,IWER49
320966,ANES2024TimeSeries_20250808,CT,09,20241104,112208,20241104,124841,.,20241212,111120,20241218,133248,IWER47,IWER76
321089,ANES2024TimeSeries_20250808,MO,29,20241013,172259,20241013,185129,.,.,NA,.,NA,IWER58,-1. Inapplicable
321149,ANES2024TimeSeries_20250808,SC,45,20241006,161119,20241006,172710,.,.,NA,.,NA,IWER58,-1. Inapplicable
321154,ANES2024TimeSeries_20250808,CT,09,20241009,155936,20241009,173059,.,20241115,165633,20241115,183641,IWER47,IWER76
321345,ANES2024TimeSeries_20250808,NY,36,20240914,171708,20240914,183322,.,20250111,135952,20250111,151529,IWER10,IWER10
321450,ANES2024TimeSeries_20250808,NY,36,20240827,143655,20240827,160342,.,20241205,110413,20241205,123415,IWER10,IWER10
321471,ANES2024TimeSeries_20250808,GA,13,20241020,134641,20241023,180036,.,20241220,160156,20241220,175929,IWER77,IWER101
321483,ANES2024TimeSeries_20250808,CT,09,20241003,171743,20241003,183318,.,20241125,103301,20241125,115537,IWER47,IWER95
321624,ANES2024TimeSeries_20250808,IL,17,20240807,140003,20240807,150858,.,.,NA,.,NA,IWER45,-1. Inapplicable
321655,ANES2024TimeSeries_20250808,MO,29,20241024,153325,20241024,175256,.,20250122,110053,20250122,125657,IWER58,IWER80
321680,ANES2024TimeSeries_20250808,IN,18,20241019,114420,20241019,145111,.,20241212,100647,20241212,123706,IWER78,IWER45
321750,ANES2024TimeSeries_20250808,GA,13,20240925,132826,20240925,145228,.,20241113,155012,20241113,173916,IWER52,IWER97
321795,ANES2024TimeSeries_20250808,IA,19,20241029,171617,20241029,193318,.,20241125,141058,20241125,163209,IWER87,IWER85
321854,ANES2024TimeSeries_20250808,CA,06,20240813,094539,20240813,104347,.,20241121,095344,20241121,105558,IWER06,IWER39
321882,ANES2024TimeSeries_20250808,ND,38,20241020,182710,20241020,195144,.,.,NA,.,NA,IWER45,-1. Inapplicable
322018,ANES2024TimeSeries_20250808,SC,45,20240923,123247,20240923,141727,.,20241126,131101,20241126,145427,IWER51,IWER77
322068,ANES2024TimeSeries_20250808,FL,12,20240828,095241,20240828,112212,.,20250122,090127,20250122,103051,IWER14,IWER07
322384,ANES2024TimeSeries_20250808,MN,27,20241102,151132,20241102,170450,.,20241116,095632,20241116,114922,IWER85,IWER45
322464,ANES2024TimeSeries_20250808,WI,55,20240924,172306,20240924,183816,.,20241116,120607,20241116,131857,IWER03,IWER03
322509,ANES2024TimeSeries_20250808,TN,47,20241003,163542,20241003,174701,.,20241108,102751,20241108,115530,IWER50,IWER90
322529,ANES2024TimeSeries_20250808,MN,27,20240929,125313,20240929,141537,.,20241119,153246,20241119,170114,IWER45,IWER45
322825,ANES2024TimeSeries_20250808,SC,45,20241007,120900,20241007,131740,.,.,NA,.,NA,IWER08,-1. Inapplicable
322864,ANES2024TimeSeries_20250808,CT,09,20240907,151105,20240907,165722,.,20241123,111601,20241123,125048,IWER47,IWER47
322982,ANES2024TimeSeries_20250808,TN,47,20240904,143013,20240904,160132,.,20241218,132526,20241218,143144,IWER50,IWER50
323112,ANES2024TimeSeries_20250808,CT,09,20240823,141740,20240823,155017,.,20241107,113948,20241218,153745,IWER21,IWER47
323181,ANES2024TimeSeries_20250808,OR,41,20241002,162743,20241002,180637,.,20241115,171743,20241115,191313,IWER61,IWER61
323222,ANES2024TimeSeries_20250808,FL,12,20240810,110140,20240810,130345,.,20241207,083501,20241208,102145,IWER14,IWER71
323299,ANES2024TimeSeries_20250808,OH,39,20241006,172348,20241006,183855,.,20241119,120620,20241119,134542,IWER64,IWER98
323461,ANES2024TimeSeries_20250808,IL,17,20241003,182236,20241003,200024,.,20250207,135517,20250207,154157,IWER54,IWER01
323544,ANES2024TimeSeries_20250808,OR,41,20241029,110003,20241029,122952,.,20241210,115718,20241210,130704,IWER61,IWER95
323563,ANES2024TimeSeries_20250808,TN,47,20241030,111328,20241030,123911,.,.,NA,.,NA,IWER11,-1. Inapplicable
323636,ANES2024TimeSeries_20250808,IA,19,20240906,162055,20240907,122009,.,.,NA,.,NA,IWER32,-1. Inapplicable
323687,ANES2024TimeSeries_20250808,MA,25,20241104,113618,20241104,131746,.,20241119,090428,20241119,102811,IWER51,IWER11
323707,ANES2024TimeSeries_20250808,CA,06,20241012,112035,20241012,130539,.,20241202,120511,20241202,140427,IWER80,IWER62
323807,ANES2024TimeSeries_20250808,AR,05,20241029,135032,20241029,152100,.,20250120,131748,20250120,143717,IWER14,IWER35
323876,ANES2024TimeSeries_20250808,KY,21,20240924,133748,20240924,150513,.,20241209,132336,20241209,143749,IWER43,IWER50
324034,ANES2024TimeSeries_20250808,CO,08,20240825,150344,20240825,170102,.,20241115,180021,20241115,193213,IWER51,IWER95
324165,ANES2024TimeSeries_20250808,PA,42,20240908,153615,20240908,165404,.,20250121,122417,20250121,135437,IWER10,IWER10
324356,ANES2024TimeSeries_20250808,MO,29,20241014,143154,20241014,155151,.,20241125,145938,20241125,165822,IWER58,IWER101
324501,ANES2024TimeSeries_20250808,OR,41,20241013,123404,20241013,135414,.,20241117,125254,20241117,144434,IWER61,IWER61
324508,ANES2024TimeSeries_20250808,OR,41,20240920,151750,20240920,165855,.,20241120,123611,20241122,092909,IWER58,IWER61
324515,ANES2024TimeSeries_20250808,AZ,04,20241009,105145,20241009,124255,.,20241120,120445,20241120,134725,IWER11,IWER76
324643,ANES2024TimeSeries_20250808,MI,26,20241016,171422,20241016,185504,.,20241119,182517,20241119,200546,IWER69,IWER84
324763,ANES2024TimeSeries_20250808,CA,06,20240810,145228,20240810,161757,.,.,NA,.,NA,IWER39,-1. Inapplicable
324787,ANES2024TimeSeries_20250808,IA,19,20240913,162530,20240913,174434,.,20241115,165834,20241115,182456,IWER32,IWER90
324884,ANES2024TimeSeries_20250808,MD,24,20241103,102236,20241103,120635,.,20241205,182839,20241205,203243,IWER43,IWER101
324914,ANES2024TimeSeries_20250808,OR,41,20241005,173336,20241005,185326,.,20241210,201326,20241210,213610,IWER61,IWER10
325007,ANES2024TimeSeries_20250808,MI,26,20241009,125226,20241009,145409,.,20241113,131127,20241113,144944,IWER69,IWER93
325214,ANES2024TimeSeries_20250808,IL,17,20241023,101143,20241023,114048,.,20241202,100144,20241202,110202,IWER84,IWER91
325225,ANES2024TimeSeries_20250808,CA,06,20241028,190528,20241029,182140,.,20241126,101157,20241126,114617,IWER11,IWER27
325278,ANES2024TimeSeries_20250808,SC,45,20241006,140120,20241006,153614,.,20250121,120559,20250121,133909,IWER08,IWER11
325425,ANES2024TimeSeries_20250808,SC,45,20241026,174410,20241029,125453,.,20241205,081259,20241205,095619,IWER35,IWER58
325465,ANES2024TimeSeries_20250808,CT,09,20240805,124228,20240805,172934,.,20241202,151936,20241202,162626,IWER47,IWER47
325529,ANES2024TimeSeries_20250808,AL,01,20240816,142839,20240816,161926,.,20241220,125837,20241220,150830,IWER32,IWER85
325559,ANES2024TimeSeries_20250808,CA,06,20240831,155623,20240831,173048,.,20241107,200303,20241107,215938,IWER08,IWER92
325591,ANES2024TimeSeries_20250808,IL,17,20241104,153215,20241104,170456,.,20250120,153106,20250120,164737,IWER84,IWER07
325792,ANES2024TimeSeries_20250808,CT,09,20241003,130237,20241003,150058,.,20241125,132907,20241125,151732,IWER47,IWER47
325892,ANES2024TimeSeries_20250808,IA,19,20241008,150756,20241008,165919,.,20241122,135918,20241122,153327,IWER14,IWER85
326082,ANES2024TimeSeries_20250808,MD,24,20240810,142138,20240810,155704,.,20241126,100615,20241126,115843,IWER01,IWER01
326422,ANES2024TimeSeries_20250808,WA,53,20241030,140335,20241030,160738,.,20241204,160351,20241204,172729,IWER34,IWER92
326526,ANES2024TimeSeries_20250808,TN,47,20241011,121439,20241011,131510,.,20241121,110813,20250105,130600,IWER50,IWER50
326535,ANES2024TimeSeries_20250808,GA,13,20240822,131752,20240822,151128,.,20241111,131749,20241111,143505,IWER52,IWER91
326602,ANES2024TimeSeries_20250808,PA,42,20240819,184006,20240819,201453,.,.,NA,.,NA,IWER10,-1. Inapplicable
326797,ANES2024TimeSeries_20250808,AZ,04,20241028,120249,20241028,131320,.,20241204,140105,20241204,152822,IWER11,IWER94
326812,ANES2024TimeSeries_20250808,GA,13,20241013,104007,20241013,121051,.,20241124,063524,20241124,081455,IWER52,IWER80
326875,ANES2024TimeSeries_20250808,CT,09,20240831,121147,20240831,135253,.,20241203,112008,20241203,130411,IWER47,IWER47
326877,ANES2024TimeSeries_20250808,TX,48,20240813,130457,20240813,144432,.,.,NA,.,NA,IWER07,-1. Inapplicable
326882,ANES2024TimeSeries_20250808,TX,48,20240920,134256,20240920,145721,.,.,NA,.,NA,IWER07,-1. Inapplicable
326904,ANES2024TimeSeries_20250808,OR,41,20241019,121420,20241019,135046,.,20241205,150301,20241205,162350,IWER61,IWER89
326928,ANES2024TimeSeries_20250808,MA,25,20241014,123658,20241014,135410,.,20241212,160541,20241212,175007,IWER32,IWER96
327000,ANES2024TimeSeries_20250808,NY,36,20241020,183753,20241020,195825,.,.,NA,.,NA,IWER10,-1. Inapplicable
327292,ANES2024TimeSeries_20250808,SC,45,20240922,153655,20240922,171923,.,20241125,150722,20241125,163507,IWER51,IWER77
327329,ANES2024TimeSeries_20250808,IN,18,20241023,160954,20241023,174432,.,20241201,145614,20241201,163320,IWER67,IWER96
327381,ANES2024TimeSeries_20250808,AL,01,20240813,130439,20240813,143315,.,20241118,115934,20241118,130128,IWER32,IWER91
327431,ANES2024TimeSeries_20250808,MN,27,20241019,152618,20241019,182437,.,20241118,161237,20241118,182747,IWER85,IWER45
327462,ANES2024TimeSeries_20250808,TX,48,20241004,150003,20241004,164428,.,20241114,150901,20241114,171107,IWER07,IWER07
327514,ANES2024TimeSeries_20250808,CA,06,20241029,130955,20241029,152743,.,20241210,130919,20241210,150945,IWER62,IWER62
327543,ANES2024TimeSeries_20250808,CT,09,20240807,185503,20240807,203533,.,20241120,141019,20241120,153351,IWER47,IWER93
327609,ANES2024TimeSeries_20250808,TX,48,20240815,181056,20240815,195400,.,20241113,112934,20241113,125729,IWER12,IWER90
327799,ANES2024TimeSeries_20250808,PA,42,20240922,141238,20240922,153548,.,20241107,132256,20241220,145846,IWER10,IWER13
327856,ANES2024TimeSeries_20250808,TX,48,20240819,170004,20240819,182336,.,20241117,185455,20250117,105222,IWER08,IWER08
327994,ANES2024TimeSeries_20250808,MO,29,20240826,135806,20240826,153622,.,20250215,063105,20250215,080040,IWER24,IWER80
328123,ANES2024TimeSeries_20250808,WA,53,20241023,150738,20241104,230134,.,20241205,181114,20250112,153514,IWER58,IWER61
328163,ANES2024TimeSeries_20250808,CA,06,20240828,110022,20240828,123136,.,20250102,185639,20250103,170706,IWER06,IWER01
328240,ANES2024TimeSeries_20250808,CA,06,20241020,080013,20241020,093905,.,20241205,160123,20241205,175646,IWER80,IWER62
328450,ANES2024TimeSeries_20250808,VA,51,20240830,164812,20240830,185030,.,20241121,181104,20241121,201610,IWER43,IWER43
328506,ANES2024TimeSeries_20250808,CT,09,20240818,165524,20240818,181419,.,20241129,110318,20241129,123204,IWER47,IWER10
328537,ANES2024TimeSeries_20250808,IL,17,20240806,183733,20240806,195632,.,20241108,183652,20241108,203342,IWER45,IWER96
328663,ANES2024TimeSeries_20250808,IN,18,20241022,120657,20241022,133600,.,20241121,120151,20241121,134733,IWER67,IWER36
328683,ANES2024TimeSeries_20250808,UT,49,20240907,152555,20240907,170626,.,20241116,160401,20241116,171847,IWER34,IWER90
328812,ANES2024TimeSeries_20250808,UT,49,20240920,111755,20240920,141242,.,20241211,182449,20241212,154713,IWER34,IWER34
328824,ANES2024TimeSeries_20250808,IL,17,20240808,132904,20240808,145116,.,20250127,193153,20250127,210102,IWER45,IWER37
328840,ANES2024TimeSeries_20250808,AR,05,20241010,163622,20241010,174937,.,20241123,105709,20241123,122632,IWER65,IWER89
328904,ANES2024TimeSeries_20250808,CA,06,20240830,194947,20240902,131620,.,20250126,154353,20250126,172441,IWER08,IWER62
328984,ANES2024TimeSeries_20250808,MO,29,20241017,173017,20241021,174350,.,20241124,100300,20241124,111414,IWER89,IWER72
329059,ANES2024TimeSeries_20250808,IN,18,20241011,140122,20241011,154308,.,20241113,115633,20241113,133013,IWER78,IWER96
329136,ANES2024TimeSeries_20250808,IL,17,20241001,205645,20241001,231151,.,.,NA,.,NA,IWER54,-1. Inapplicable
329404,ANES2024TimeSeries_20250808,AR,05,20240904,155626,20240904,180148,.,20241121,163519,20241121,182641,IWER35,IWER35
329444,ANES2024TimeSeries_20250808,CA,06,20241101,115315,20241101,132157,.,.,NA,.,NA,IWER06,-1. Inapplicable
329522,ANES2024TimeSeries_20250808,GA,13,20240914,114944,20240914,133903,.,20241108,121151,20241108,140445,IWER52,IWER93
329659,ANES2024TimeSeries_20250808,CA,06,20241019,135359,20241019,151537,.,20241212,105441,20241212,121105,IWER06,IWER27
329714,ANES2024TimeSeries_20250808,IN,18,20241015,134903,20241015,152042,.,20241210,160754,20241210,173634,IWER03,IWER89
329721,ANES2024TimeSeries_20250808,MI,26,20241009,165432,20241009,182633,.,20241209,101707,20241209,115347,IWER69,IWER84
329726,ANES2024TimeSeries_20250808,NJ,34,20241101,175644,20241101,192739,.,20241115,181022,20241115,193305,IWER75,IWER75
329798,ANES2024TimeSeries_20250808,FL,12,20240824,134118,20240824,150438,.,20250129,181125,20250129,194125,IWER14,IWER07
329827,ANES2024TimeSeries_20250808,MN,27,20241021,183559,20241021,200659,.,20241117,135801,20241117,150650,IWER85,IWER45
329850,ANES2024TimeSeries_20250808,SC,45,20241002,131720,20241002,150245,.,.,NA,.,NA,IWER08,-1. Inapplicable
329893,ANES2024TimeSeries_20250808,UT,49,20241010,191133,20241010,213531,.,20241230,190304,20241230,210453,IWER34,IWER34
329896,ANES2024TimeSeries_20250808,TX,48,20240810,121215,20240810,134059,.,20241214,101235,20241214,113821,IWER07,IWER07
329992,ANES2024TimeSeries_20250808,TX,48,20241004,170208,20241009,161840,.,20241119,140105,20241119,143513,IWER09,IWER09
330021,ANES2024TimeSeries_20250808,NJ,34,20241005,120144,20241005,133553,.,20241109,120040,20241109,134613,IWER75,IWER97
330071,ANES2024TimeSeries_20250808,GA,13,20240910,100756,20240910,120128,.,20241120,101618,20241120,121956,IWER52,IWER52
330139,ANES2024TimeSeries_20250808,TN,47,20240914,091316,20240914,103525,.,20241204,120812,20241204,134008,IWER50,IWER94
330186,ANES2024TimeSeries_20250808,CA,06,20241102,153810,20241102,165832,.,20241203,093254,20241203,110525,IWER62,IWER62
330331,ANES2024TimeSeries_20250808,WI,55,20241029,175616,20241029,193220,.,20241208,195739,20241208,211826,IWER03,IWER76
330348,ANES2024TimeSeries_20250808,SC,45,20241003,111019,20241003,123716,.,20250213,093030,20250213,105451,IWER08,IWER80
330360,ANES2024TimeSeries_20250808,WA,53,20241105,100957,20241105,115114,.,20241207,085905,20241207,103549,IWER58,IWER61
330404,ANES2024TimeSeries_20250808,WA,53,20241101,184226,20241101,201011,.,20241202,160156,20241202,173104,IWER61,IWER100
330469,ANES2024TimeSeries_20250808,CA,06,20240829,121542,20240829,140117,.,20241107,130004,20241107,143105,IWER08,IWER91
330587,ANES2024TimeSeries_20250808,ND,38,20240829,115726,20240829,130818,.,20241120,130042,20241120,142555,IWER45,IWER94
330648,ANES2024TimeSeries_20250808,CA,06,20241012,141933,20241014,151113,.,20241203,111747,20241203,140546,IWER80,IWER80
330767,ANES2024TimeSeries_20250808,FL,12,20241020,145300,20241020,164655,.,20241113,153005,20241113,165928,IWER71,IWER58
330824,ANES2024TimeSeries_20250808,OR,41,20241007,095455,20241007,113701,.,20241204,180054,20241204,193619,IWER61,IWER76
330886,ANES2024TimeSeries_20250808,AR,05,20241023,184526,20241024,171829,.,20241119,142517,20241119,155459,IWER14,IWER35
330896,ANES2024TimeSeries_20250808,CT,09,20241020,123152,20241020,140501,.,20241210,100024,20241210,112014,IWER21,IWER95
330993,ANES2024TimeSeries_20250808,SC,45,20241002,111659,20241002,123257,.,20241118,102534,20241118,115528,IWER08,IWER14
330996,ANES2024TimeSeries_20250808,TN,47,20241030,121834,20241030,134520,.,20241125,174731,20241125,184815,IWER32,IWER91
331041,ANES2024TimeSeries_20250808,UT,49,20241019,111346,20241019,125020,.,20241203,100654,20241203,114942,IWER34,IWER34
331126,ANES2024TimeSeries_20250808,MD,24,20241021,112514,20241021,125126,.,20241125,143004,20241125,154737,IWER43,IWER90
331168,ANES2024TimeSeries_20250808,WI,55,20241030,184922,20241030,202738,.,20250103,183237,20250103,194604,IWER57,IWER10
331180,ANES2024TimeSeries_20250808,UT,49,20241008,124744,20241008,144714,.,20241210,175850,20241210,201641,IWER34,IWER101
331265,ANES2024TimeSeries_20250808,TN,47,20241016,180823,20241016,194250,.,20241203,140526,20241203,154421,IWER50,IWER50
331304,ANES2024TimeSeries_20250808,CA,06,20241008,133305,20241022,142413,.,20241203,163007,20241203,175851,IWER62,IWER92
331305,ANES2024TimeSeries_20250808,OH,39,20241012,111746,20241012,123440,.,20241215,130549,20241215,144901,IWER86,IWER84
331399,ANES2024TimeSeries_20250808,MO,29,20241104,174011,20241104,191010,.,20241226,151044,20241226,161151,IWER58,IWER80
331503,ANES2024TimeSeries_20250808,MI,26,20241007,171804,20241007,193656,.,20241108,160536,20241108,180455,IWER81,IWER94
331565,ANES2024TimeSeries_20250808,CT,09,20240903,183833,20240903,200049,.,20250214,170208,20250214,181509,IWER47,IWER37
331714,ANES2024TimeSeries_20250808,IL,17,20241020,172144,20241020,190313,.,20241213,160054,20241213,171343,IWER91,IWER03
331834,ANES2024TimeSeries_20250808,ND,38,20240825,115714,20240825,131200,.,20241127,131215,20241127,142328,IWER45,IWER58
331869,ANES2024TimeSeries_20250808,CA,06,20241031,173509,20241031,185427,.,20250116,200205,20250116,212748,IWER39,IWER10
331969,ANES2024TimeSeries_20250808,UT,49,20241103,152421,20241103,195611,.,20241124,185023,20241124,224435,IWER34,IWER34
331976,ANES2024TimeSeries_20250808,CA,06,20240918,193043,20240918,211609,.,20250108,191041,20250108,212204,IWER06,IWER01
332094,ANES2024TimeSeries_20250808,MN,27,20240928,125340,20240928,141707,.,20241117,154411,20241117,170731,IWER45,IWER45
332272,ANES2024TimeSeries_20250808,TX,48,20241015,150516,20241015,163309,.,20241121,105712,20241121,121206,IWER60,IWER93
332332,ANES2024TimeSeries_20250808,AR,05,20241014,100450,20241014,111510,.,.,NA,.,NA,IWER65,-1. Inapplicable
332433,ANES2024TimeSeries_20250808,MN,27,20240926,175318,20240926,190139,.,20241118,183348,20241118,194733,IWER45,IWER93
332642,ANES2024TimeSeries_20250808,PA,42,20240908,131341,20240908,143416,.,20250207,212222,20250207,225152,IWER10,IWER10
332687,ANES2024TimeSeries_20250808,TX,48,20240820,194647,20240820,211614,.,20250110,180642,20250110,194506,IWER12,IWER08
332721,ANES2024TimeSeries_20250808,NY,36,20241027,161112,20241027,172144,.,20241207,085536,20241207,102743,IWER10,IWER76
332751,ANES2024TimeSeries_20250808,CT,09,20240913,163911,20240913,181457,.,.,NA,.,NA,IWER47,-1. Inapplicable
332912,ANES2024TimeSeries_20250808,WA,53,20241028,120320,20241029,164456,.,20241124,163107,20241124,182325,IWER63,IWER92
332958,ANES2024TimeSeries_20250808,IL,17,20240810,140843,20240810,164126,.,20250115,150504,20250115,162959,IWER03,IWER34
333005,ANES2024TimeSeries_20250808,VA,51,20240829,155438,20240829,184040,.,20241115,114154,20241116,122621,IWER43,IWER43
333314,ANES2024TimeSeries_20250808,CA,06,20240823,121944,20241015,102840,.,.,NA,.,NA,IWER80,-1. Inapplicable
333335,ANES2024TimeSeries_20250808,MO,29,20241029,182325,20241029,202649,.,20250206,164137,20250206,180435,IWER01,IWER34
333344,ANES2024TimeSeries_20250808,UT,49,20240829,150646,20240829,164240,.,20241219,174032,20241219,190600,IWER34,IWER34
333458,ANES2024TimeSeries_20250808,MA,25,20240828,131347,20240828,153539,.,20250117,082939,20250117,100249,IWER19,IWER07
333673,ANES2024TimeSeries_20250808,TX,48,20240924,181431,20241019,103408,.,20241216,095418,20241216,114134,IWER59,IWER92
333687,ANES2024TimeSeries_20250808,WA,53,20241029,200120,20241029,225025,.,20241217,190747,20241217,204807,IWER34,IWER61
333718,ANES2024TimeSeries_20250808,MI,26,20240911,140830,20240911,154734,.,20241122,153846,20241122,170036,IWER51,IWER84
333756,ANES2024TimeSeries_20250808,OR,41,20241010,150015,20241010,172653,.,20241115,124647,20241115,143326,IWER61,IWER61
333773,ANES2024TimeSeries_20250808,AL,01,20240815,184007,20240815,201302,.,20241108,195723,20241108,214106,IWER32,IWER92
333861,ANES2024TimeSeries_20250808,SC,45,20241030,104604,20241103,130349,.,20241121,155526,20241121,174502,IWER10,IWER14
333889,ANES2024TimeSeries_20250808,CA,06,20241025,125320,20241025,143233,.,20241211,133612,20241216,153524,IWER06,IWER06
334064,ANES2024TimeSeries_20250808,AR,05,20241029,154117,20241029,172658,.,20241125,155824,20241125,173846,IWER14,IWER35
334077,ANES2024TimeSeries_20250808,ND,38,20240828,152407,20240828,172354,.,20241126,113748,20241126,133851,IWER45,IWER58
334153,ANES2024TimeSeries_20250808,ND,38,20240830,131128,20240830,142900,.,20241204,092045,20241204,103716,IWER45,IWER58
334509,ANES2024TimeSeries_20250808,SC,45,20241005,130411,20241005,145851,.,20241122,100740,20241122,113259,IWER58,IWER95
334573,ANES2024TimeSeries_20250808,PA,42,20241012,125059,20241012,141226,.,20241221,123659,20241221,140924,IWER10,IWER10
334591,ANES2024TimeSeries_20250808,SC,45,20240924,163602,20240924,180038,.,20241107,161237,20241107,171920,IWER51,IWER91
334700,ANES2024TimeSeries_20250808,CA,06,20240805,151531,20240805,162457,.,.,NA,.,NA,IWER02,-1. Inapplicable
334801,ANES2024TimeSeries_20250808,NJ,34,20240820,175545,20240821,164803,.,20250111,123432,20250111,140356,IWER29,IWER46
334817,ANES2024TimeSeries_20250808,MA,25,20241014,095730,20241014,114156,.,20241211,101930,20241211,121017,IWER32,IWER90
334823,ANES2024TimeSeries_20250808,MI,26,20240913,104039,20240913,121418,.,20241113,140507,20241113,154151,IWER51,IWER92
334906,ANES2024TimeSeries_20250808,SC,45,20240910,125336,20240910,144645,.,20241124,135903,20241124,152745,IWER14,IWER14
335043,ANES2024TimeSeries_20250808,TX,48,20241005,115726,20241005,130548,.,20250120,105823,20250120,121156,IWER59,IWER08
335208,ANES2024TimeSeries_20250808,UT,49,20240828,185448,20240828,211029,.,20241112,130120,20241112,150434,IWER34,IWER100
335285,ANES2024TimeSeries_20250808,TX,48,20240903,130926,20240903,143814,.,20241203,150946,20241203,165343,IWER07,IWER07
335322,ANES2024TimeSeries_20250808,ND,38,20240830,090648,20240830,103147,.,20241126,140125,20241126,151139,IWER45,IWER58
335388,ANES2024TimeSeries_20250808,CA,06,20241004,150742,20241004,163328,.,20241121,115504,20241121,132303,IWER27,IWER98
335438,ANES2024TimeSeries_20250808,MO,29,20240811,171032,20240811,183832,.,20250120,140024,20250120,152334,IWER42,IWER80
335445,ANES2024TimeSeries_20250808,OH,39,20240914,133716,20240914,150822,.,20241109,120238,20241109,134243,IWER86,IWER99
335580,ANES2024TimeSeries_20250808,OR,41,20241020,130348,20241020,143200,.,20250120,143536,20250120,160325,IWER61,IWER61
335760,ANES2024TimeSeries_20250808,KY,21,20241010,153417,20241010,190423,.,20241115,100216,20241123,150506,IWER76,IWER95
335788,ANES2024TimeSeries_20250808,SC,45,20241010,113132,20241010,150150,.,20241120,091953,20241120,105832,IWER08,IWER14
335830,ANES2024TimeSeries_20250808,WA,53,20240906,170437,20240906,180424,.,20241213,100706,20241213,111809,IWER63,IWER61
335946,ANES2024TimeSeries_20250808,MA,25,20241013,134508,20241013,150300,.,.,NA,.,NA,IWER32,-1. Inapplicable
336173,ANES2024TimeSeries_20250808,OR,41,20241008,084428,20241008,103050,.,20241120,120535,20241120,133751,IWER61,IWER92
336184,ANES2024TimeSeries_20250808,MO,29,20240826,110336,20240826,131320,.,20241125,090721,20241125,113655,IWER24,IWER24
336218,ANES2024TimeSeries_20250808,CO,08,20240927,171420,20240927,182459,.,20241119,180221,20241119,194843,IWER65,IWER101
336278,ANES2024TimeSeries_20250808,UT,49,20240915,192858,20240915,212137,.,20241203,212431,20241203,225634,IWER34,IWER76
336325,ANES2024TimeSeries_20250808,ND,38,20240825,145408,20240825,161502,.,20241125,165518,20241125,181447,IWER45,IWER58
336525,ANES2024TimeSeries_20250808,VA,51,20240815,174813,20240815,190401,.,20241210,125719,20241210,140809,IWER37,IWER36
336728,ANES2024TimeSeries_20250808,MA,25,20240906,130618,20240906,143357,.,20241211,110322,20241211,123917,IWER19,IWER32
336818,ANES2024TimeSeries_20250808,TX,48,20241103,141002,20241103,161438,.,20241208,141152,20241208,154738,IWER07,IWER93
336826,ANES2024TimeSeries_20250808,SC,45,20241005,091753,20241005,112048,.,20241116,103346,20241116,123942,IWER58,IWER77
336854,ANES2024TimeSeries_20250808,PA,42,20240820,123214,20240820,135156,.,20241116,154247,20241116,164926,IWER10,IWER10
336978,ANES2024TimeSeries_20250808,MO,29,20241014,173835,20241014,185758,.,20241230,115955,20241230,132703,IWER58,IWER80
337080,ANES2024TimeSeries_20250808,TN,47,20241029,085641,20241029,104235,.,20241118,142623,20250207,125925,IWER11,IWER80
337094,ANES2024TimeSeries_20250808,OR,41,20241016,161032,20241016,173222,.,20241124,113302,20241124,124742,IWER61,IWER61
337211,ANES2024TimeSeries_20250808,MI,26,20241015,114739,20241015,131232,.,20241120,173240,20241120,191006,IWER69,IWER84
337361,ANES2024TimeSeries_20250808,FL,12,20241030,190820,20241030,204908,.,20241201,100349,20241201,113410,IWER77,IWER59
337374,ANES2024TimeSeries_20250808,VA,51,20240811,115641,20240811,134711,.,20241206,105205,20241206,123821,IWER36,IWER36
337421,ANES2024TimeSeries_20250808,IL,17,20240808,154025,20240808,172359,.,20250110,105350,20250110,123157,IWER03,IWER34
337848,ANES2024TimeSeries_20250808,MO,29,20241016,183353,20241016,195435,.,20241201,160305,20241201,173436,IWER58,IWER93
338080,ANES2024TimeSeries_20250808,CA,06,20241004,130254,20241004,145306,.,20241122,140132,20241122,153949,IWER39,IWER98
338097,ANES2024TimeSeries_20250808,MD,24,20240807,172452,20240807,191411,.,20241122,101203,20241122,120355,IWER01,IWER01
338238,ANES2024TimeSeries_20250808,WI,55,20240826,160850,20240826,173006,.,20241112,105217,20241112,121037,IWER03,IWER95
338306,ANES2024TimeSeries_20250808,FL,12,20240811,154944,20240811,165957,.,20241207,150035,20241207,160040,IWER14,IWER71
338347,ANES2024TimeSeries_20250808,MA,25,20241012,160307,20241012,172217,.,20241125,180214,20241125,193122,IWER32,IWER94
338419,ANES2024TimeSeries_20250808,WA,53,20241103,143929,20241103,160430,.,20241208,152100,20241208,163456,IWER61,IWER76
338430,ANES2024TimeSeries_20250808,AL,01,20241026,131136,20241026,145108,.,20241217,180111,20241217,193736,IWER32,IWER32
338443,ANES2024TimeSeries_20250808,ND,38,20240831,180217,20240831,192306,.,20250115,141931,20250115,154025,IWER45,IWER11
338533,ANES2024TimeSeries_20250808,OH,39,20241008,141826,20241008,174017,.,20241108,160156,20241108,172644,IWER64,IWER93
338599,ANES2024TimeSeries_20250808,OH,39,20241020,150642,20241020,164401,.,20241218,173317,20241218,191829,IWER51,IWER84
338645,ANES2024TimeSeries_20250808,MD,24,20240902,111640,20240902,132012,.,20241213,110528,20241213,125452,IWER01,IWER01
338717,ANES2024TimeSeries_20250808,AL,01,20241008,134654,20241008,151500,.,20241112,141124,20241112,160053,IWER72,IWER92
338760,ANES2024TimeSeries_20250808,SC,45,20241002,090359,20241002,113135,.,20241127,100723,20241127,121339,IWER58,IWER77
338843,ANES2024TimeSeries_20250808,VA,51,20241002,112741,20241002,130357,.,20241117,140313,20241117,160158,IWER51,IWER43
338934,ANES2024TimeSeries_20250808,AZ,04,20241011,141205,20241011,153527,.,20241122,154846,20250129,131501,IWER11,IWER11
338937,ANES2024TimeSeries_20250808,MD,24,20240925,101920,20240925,121709,.,20250125,092114,20250125,111638,IWER01,IWER77
338939,ANES2024TimeSeries_20250808,CA,06,20240814,154025,20240814,164614,.,20250121,100042,20250121,112215,IWER39,IWER80
338976,ANES2024TimeSeries_20250808,CA,06,20241029,190108,20241029,205520,.,20241209,194510,20241209,212055,IWER62,IWER62
338980,ANES2024TimeSeries_20250808,AL,01,20241009,185301,20241009,201626,.,20241113,145811,20241113,164031,IWER72,IWER32
339072,ANES2024TimeSeries_20250808,MO,29,20241018,141603,20241018,155418,.,20241125,100144,20241125,113740,IWER58,IWER32
339168,ANES2024TimeSeries_20250808,CA,06,20240907,143248,20240907,154539,.,20241230,161848,20241230,174546,IWER08,IWER62
339331,ANES2024TimeSeries_20250808,IA,19,20241030,103522,20241030,120718,.,20241205,100219,20241205,112050,IWER85,IWER100
339335,ANES2024TimeSeries_20250808,WI,55,20240827,182504,20240827,194546,.,20250104,123150,20250104,140821,IWER03,IWER03
339452,ANES2024TimeSeries_20250808,NC,37,20240827,152702,20240827,170817,.,20241209,150818,20241209,164056,IWER49,IWER49
339478,ANES2024TimeSeries_20250808,GA,13,20241006,124502,20241006,142122,.,20241113,100350,20241113,112008,IWER52,IWER95
339480,ANES2024TimeSeries_20250808,GA,13,20241008,160502,20241008,172700,.,.,NA,.,NA,IWER52,-1. Inapplicable
339506,ANES2024TimeSeries_20250808,IA,19,20240909,170556,20240909,182800,.,20241125,175149,20241125,192945,IWER32,IWER92
339602,ANES2024TimeSeries_20250808,IN,18,20241019,195307,20241019,211818,.,20241203,175159,20241203,195345,IWER67,IWER76
339666,ANES2024TimeSeries_20250808,TN,47,20241017,161048,20241017,172353,.,20241203,170125,20241203,181937,IWER50,IWER89
339732,ANES2024TimeSeries_20250808,TX,48,20240904,183040,20240904,194746,.,20241112,180923,20241112,192418,IWER12,IWER12
339757,ANES2024TimeSeries_20250808,VA,51,20241013,150502,20241013,161947,.,.,NA,.,NA,IWER43,-1. Inapplicable
339808,ANES2024TimeSeries_20250808,TN,47,20240925,140555,20240925,151658,.,20250117,110955,20250117,120948,IWER50,IWER50
339850,ANES2024TimeSeries_20250808,OR,41,20241028,091313,20241028,104210,.,20241230,170033,20241230,183958,IWER61,IWER80
340121,ANES2024TimeSeries_20250808,MO,29,20241015,155956,20241015,180944,.,.,NA,.,NA,IWER24,-1. Inapplicable
340249,ANES2024TimeSeries_20250808,NY,36,20240915,130156,20240915,141059,.,20250215,080322,20250215,091823,IWER10,IWER10
340828,ANES2024TimeSeries_20250808,NY,36,20240811,152942,20240811,163600,.,20241206,164718,20241206,175939,IWER10,IWER10
340910,ANES2024TimeSeries_20250808,KY,21,20240919,182625,20240919,202049,.,20241124,145736,20241124,163441,IWER43,IWER93
340965,ANES2024TimeSeries_20250808,MI,26,20241004,172055,20241004,192206,.,20241114,130633,20241114,141449,IWER81,IWER91
341028,ANES2024TimeSeries_20250808,FL,12,20241104,184213,20241104,205447,.,20241119,102034,20241119,120552,IWER71,IWER58
341119,ANES2024TimeSeries_20250808,WA,53,20241029,125130,20241029,152314,.,20250128,155111,20250128,181150,IWER63,IWER34
341266,ANES2024TimeSeries_20250808,MD,24,20241029,101729,20241029,122205,.,20250107,141118,20250107,161736,IWER01,IWER84
341414,ANES2024TimeSeries_20250808,MD,24,20240928,122127,20240928,141653,.,20241202,101904,20241202,121133,IWER01,IWER01
341439,ANES2024TimeSeries_20250808,SC,45,20240920,112454,20240920,130032,.,20250103,141739,20250103,161611,IWER51,IWER77
341524,ANES2024TimeSeries_20250808,CA,06,20241025,180824,20241029,102244,.,20241201,162835,20241201,180349,IWER62,IWER92
341604,ANES2024TimeSeries_20250808,IL,17,20240806,163533,20240806,175338,.,20241206,100714,20241206,113446,IWER45,IWER03
341749,ANES2024TimeSeries_20250808,NY,36,20241028,174218,20241028,191951,.,20241217,150321,20241217,164933,IWER10,IWER97
341784,ANES2024TimeSeries_20250808,OR,41,20240915,161133,20240915,174427,.,20241123,100953,20241123,111839,IWER58,IWER61
341794,ANES2024TimeSeries_20250808,GA,13,20240814,102952,20240814,130147,.,20241115,193733,20241206,130218,IWER52,IWER52
341846,ANES2024TimeSeries_20250808,AR,05,20240906,111444,20240906,131815,.,20241126,112648,20241126,132836,IWER35,IWER35
341865,ANES2024TimeSeries_20250808,AZ,04,20240824,080901,20240824,094202,.,20241231,103931,20241231,114645,IWER25,IWER11
341904,ANES2024TimeSeries_20250808,UT,49,20241020,162543,20241020,180152,.,20241229,160503,20241229,175528,IWER34,IWER34
341906,ANES2024TimeSeries_20250808,MO,29,20241018,184853,20241018,203541,.,20241210,131232,20241210,143402,IWER58,IWER72
341916,ANES2024TimeSeries_20250808,MD,24,20241101,152627,20241101,170139,.,20241219,120433,20241219,134629,IWER43,IWER97
341986,ANES2024TimeSeries_20250808,VA,51,20241008,183933,20241008,195916,.,20250118,110046,20250118,123534,IWER43,IWER80
342160,ANES2024TimeSeries_20250808,FL,12,20241101,123613,20241104,141215,.,20241214,070629,20241214,093759,IWER58,IWER58
342163,ANES2024TimeSeries_20250808,WI,55,20240817,143820,20240817,160305,.,20241109,161333,20241109,171859,IWER03,IWER91
342520,ANES2024TimeSeries_20250808,TX,48,20240814,130811,20240814,143151,.,20241216,141420,20241216,153531,IWER07,IWER07
342539,ANES2024TimeSeries_20250808,MN,27,20240924,164727,20240924,181712,.,20241120,195658,20241120,212840,IWER45,IWER76
342690,ANES2024TimeSeries_20250808,AZ,04,20241003,150522,20241003,161248,.,20241113,165858,20241113,182819,IWER11,IWER96
342720,ANES2024TimeSeries_20250808,ND,38,20240902,130052,20240902,143744,.,.,NA,.,NA,IWER45,-1. Inapplicable
342721,ANES2024TimeSeries_20250808,MO,29,20241009,180905,20241009,194240,.,.,NA,.,NA,IWER58,-1. Inapplicable
342766,ANES2024TimeSeries_20250808,MO,29,20240810,150457,20240810,170005,.,.,NA,.,NA,IWER42,-1. Inapplicable
342810,ANES2024TimeSeries_20250808,TX,48,20240807,143044,20240807,155809,.,20250116,174644,20250116,185741,IWER08,IWER08
342842,ANES2024TimeSeries_20250808,KY,21,20240925,170520,20240925,181306,.,20241108,131226,20241108,142205,IWER43,IWER91
342862,ANES2024TimeSeries_20250808,IN,18,20241016,135709,20241016,152509,.,.,NA,.,NA,IWER03,-1. Inapplicable
343051,ANES2024TimeSeries_20250808,CA,06,20240926,095018,20240926,121504,.,20241211,100125,20241211,124854,IWER06,IWER06
343215,ANES2024TimeSeries_20250808,GA,13,20241020,161944,20241020,173834,.,20241219,200656,20241219,213426,IWER77,IWER92
343223,ANES2024TimeSeries_20250808,UT,49,20241007,193109,20241007,215347,.,20241108,140146,20241108,154905,IWER34,IWER100
343288,ANES2024TimeSeries_20250808,OH,39,20241016,163958,20241016,181131,.,20241205,105951,20241205,120729,IWER51,IWER95
343512,ANES2024TimeSeries_20250808,MN,27,20240925,094033,20240925,110923,.,20241122,140926,20241122,152528,IWER45,IWER11
343651,ANES2024TimeSeries_20250808,AL,01,20241008,191447,20241008,203021,.,.,NA,.,NA,IWER72,-1. Inapplicable
343703,ANES2024TimeSeries_20250808,NC,37,20240904,121117,20240904,133629,.,20241114,142401,20241114,155227,IWER49,IWER49
343797,ANES2024TimeSeries_20250808,TX,48,20240817,162438,20240817,175853,.,20241120,190402,20241120,202730,IWER08,IWER100
343863,ANES2024TimeSeries_20250808,FL,12,20240816,100858,20240816,115158,.,20241213,190545,20241213,212349,IWER16,IWER58
343884,ANES2024TimeSeries_20250808,MO,29,20240917,181256,20240917,201626,.,20241113,120319,20241113,134608,IWER24,IWER76
343894,ANES2024TimeSeries_20250808,IL,17,20240804,140849,20240804,154023,.,20241111,195910,20241111,210807,IWER45,IWER91
343910,ANES2024TimeSeries_20250808,OR,41,20240918,180847,20240918,194345,.,20241120,170332,20241120,182352,IWER58,IWER61
343932,ANES2024TimeSeries_20250808,MA,25,20241012,131104,20241012,143544,.,20241126,130055,20241126,142140,IWER32,IWER97
343994,ANES2024TimeSeries_20250808,GA,13,20240924,135908,20240924,153946,.,20241212,130323,20241212,143730,IWER52,IWER58
344010,ANES2024TimeSeries_20250808,CT,09,20240827,140354,20240827,152832,.,20250127,145933,20250127,160426,IWER47,IWER47
344206,ANES2024TimeSeries_20250808,CT,09,20240821,174322,20240821,192424,.,20241113,142119,20241113,155500,IWER47,IWER47
344207,ANES2024TimeSeries_20250808,IL,17,20241023,184832,20241023,204752,.,20241205,151959,20241205,165841,IWER84,IWER03
344251,ANES2024TimeSeries_20250808,IL,17,20240809,103824,20240809,125208,.,20241119,110149,20241119,124015,IWER54,IWER91
344295,ANES2024TimeSeries_20250808,CA,06,20241028,170724,20241028,190048,.,20241202,191234,20241202,203129,IWER62,IWER100
344307,ANES2024TimeSeries_20250808,UT,49,20240812,163328,20240812,183734,.,20241130,170348,20241130,185557,IWER34,IWER34
344332,ANES2024TimeSeries_20250808,VA,51,20240827,183350,20240827,194641,.,20241113,182539,20241113,194401,IWER43,IWER89
344488,ANES2024TimeSeries_20250808,NY,36,20240915,101012,20240915,114259,.,20241117,145805,20241117,163030,IWER46,IWER96
344543,ANES2024TimeSeries_20250808,CA,06,20240807,142034,20240807,163850,.,20241130,095829,20241130,130506,IWER27,IWER39
344826,ANES2024TimeSeries_20250808,MN,27,20240922,160130,20240922,173524,.,.,NA,.,NA,IWER45,-1. Inapplicable
344859,ANES2024TimeSeries_20250808,OH,39,20241013,134338,20241013,151610,.,20241114,150525,20241114,165049,IWER86,IWER96
344977,ANES2024TimeSeries_20250808,PA,42,20240819,111506,20240819,124244,.,20250216,140429,20250216,151521,IWER10,IWER10
345194,ANES2024TimeSeries_20250808,UT,49,20241006,103537,20241006,121927,.,20241208,121615,20241208,133529,IWER34,IWER34
345218,ANES2024TimeSeries_20250808,SC,45,20241026,160331,20241026,172228,.,20250210,070046,20250210,081416,IWER35,IWER80
345232,ANES2024TimeSeries_20250808,CA,06,20240917,182019,20241006,195122,.,20241212,184811,20250128,091452,IWER79,IWER80
345337,ANES2024TimeSeries_20250808,TN,47,20240829,185127,20240829,203419,.,20241204,160033,20241212,170404,IWER50,IWER50
345364,ANES2024TimeSeries_20250808,TN,47,20240816,164709,20240816,182737,.,20241205,080728,20241205,092338,IWER50,IWER50
345378,ANES2024TimeSeries_20250808,AZ,04,20240808,155011,20240808,173403,.,20250128,141023,20250128,152228,IWER25,IWER11
345491,ANES2024TimeSeries_20250808,PA,42,20240819,202034,20240819,213640,.,20241207,152754,20241207,164119,IWER10,IWER10
345550,ANES2024TimeSeries_20250808,NC,37,20240810,121537,20240810,141954,.,20241114,121438,20241114,141405,IWER49,IWER96
345578,ANES2024TimeSeries_20250808,DC,11,20241020,155148,20241020,173603,.,20241125,100701,20241125,113630,IWER01,IWER93
345802,ANES2024TimeSeries_20250808,WA,53,20241024,140550,20241024,160121,.,20241202,113445,20241202,130540,IWER63,IWER95
345806,ANES2024TimeSeries_20250808,VA,51,20240901,101115,20240901,115511,.,20241210,110642,20241210,123551,IWER43,IWER43
345831,ANES2024TimeSeries_20250808,TX,48,20240806,191421,20240806,205712,.,20241114,193236,20241114,212421,IWER44,IWER96
345922,ANES2024TimeSeries_20250808,WI,55,20240903,161040,20240903,173929,.,20250110,150204,20250110,164311,IWER03,IWER32
346005,ANES2024TimeSeries_20250808,CT,09,20240815,163257,20240815,180845,.,20250120,131553,20250120,151405,IWER47,IWER01
346089,ANES2024TimeSeries_20250808,CT,09,20241015,180806,20241015,194134,.,20241205,140245,20241205,153700,IWER47,IWER76
346091,ANES2024TimeSeries_20250808,MO,29,20241001,150456,20241001,174007,.,20250207,080059,20250207,134229,IWER24,IWER80
346093,ANES2024TimeSeries_20250808,TN,47,20241031,124603,20241031,142648,.,20241125,140603,20241125,154610,IWER32,IWER93
346116,ANES2024TimeSeries_20250808,MN,27,20240925,130410,20240925,145902,.,20241110,145213,20241110,164434,IWER45,IWER100
346251,ANES2024TimeSeries_20250808,WA,53,20240920,140011,20240920,152520,.,20250216,153242,20250216,170208,IWER13,IWER10
346443,ANES2024TimeSeries_20250808,KY,21,20240922,175006,20240922,192604,.,20241125,122428,20241125,133512,IWER43,IWER95
346515,ANES2024TimeSeries_20250808,VA,51,20240806,143213,20240806,155039,.,20241119,120439,20241119,132349,IWER43,IWER43
346628,ANES2024TimeSeries_20250808,OR,41,20240917,153656,20240917,172515,.,20241114,183523,20241216,162340,IWER58,IWER93
346629,ANES2024TimeSeries_20250808,IA,19,20240909,100337,20240909,113346,.,20241115,111630,20241115,124915,IWER32,IWER76
346786,ANES2024TimeSeries_20250808,GA,13,20241024,135126,20241024,153221,.,20241228,091054,20241228,103326,IWER77,IWER11
346848,ANES2024TimeSeries_20250808,CO,08,20240819,113007,20240819,125624,.,20241118,115349,20241118,131455,IWER51,IWER95
346911,ANES2024TimeSeries_20250808,WA,53,20241019,130008,20241019,160318,.,20241212,104145,20241212,130330,IWER63,IWER61
347066,ANES2024TimeSeries_20250808,TX,48,20240929,135718,20240929,155238,.,20241113,111245,20241114,154730,IWER60,IWER76
347261,ANES2024TimeSeries_20250808,CA,06,20240816,145107,20240816,155801,.,20241108,145943,20241108,161128,IWER39,IWER91
347406,ANES2024TimeSeries_20250808,NY,36,20240914,153343,20240914,164542,.,20241107,091818,20241107,143913,IWER10,IWER76
347472,ANES2024TimeSeries_20250808,TX,48,20241013,184837,20241013,202521,.,20241206,184310,20241206,204323,IWER12,IWER101
347580,ANES2024TimeSeries_20250808,MO,29,20241015,120655,20241015,134439,.,20241214,103107,20241214,114230,IWER58,IWER72
347591,ANES2024TimeSeries_20250808,GA,13,20240819,155155,20240819,181219,.,.,NA,.,NA,IWER52,-1. Inapplicable
347601,ANES2024TimeSeries_20250808,NY,36,20241019,172807,20241019,182421,.,20241130,135549,20241130,152112,IWER10,IWER93
347603,ANES2024TimeSeries_20250808,AZ,04,20240914,131131,20240914,143908,.,20241119,140014,20241119,153413,IWER25,IWER25
347710,ANES2024TimeSeries_20250808,NY,36,20240807,181214,20240807,194310,.,20241228,145105,20241230,185237,IWER28,IWER46
347759,ANES2024TimeSeries_20250808,WA,53,20241023,165502,20241031,145541,.,20241212,141954,20241212,153957,IWER80,IWER61
347801,ANES2024TimeSeries_20250808,KY,21,20240830,161559,20240830,173432,.,20241208,102912,20241208,114949,IWER50,IWER50
348005,ANES2024TimeSeries_20250808,TX,48,20240912,170218,20240912,184004,.,20241113,175039,20241113,192858,IWER12,IWER12
348052,ANES2024TimeSeries_20250808,MI,26,20240808,144011,20240808,165320,.,20241208,150136,20241208,164503,IWER31,IWER84
348060,ANES2024TimeSeries_20250808,AR,05,20241027,140544,20241027,153442,.,20241125,181917,20241125,193259,IWER14,IWER35
348423,ANES2024TimeSeries_20250808,WA,53,20241031,093623,20241031,111940,.,20241219,092046,20241219,111646,IWER61,IWER61
348654,ANES2024TimeSeries_20250808,TN,47,20241007,182634,20241007,195557,.,.,NA,.,NA,IWER50,-1. Inapplicable
348758,ANES2024TimeSeries_20250808,NY,36,20240812,142502,20240812,153914,.,20241112,160110,20241112,171522,IWER10,IWER100
348761,ANES2024TimeSeries_20250808,TX,48,20241022,131254,20241022,143147,.,20241211,120214,20241211,134420,IWER44,IWER94
348914,ANES2024TimeSeries_20250808,MO,29,20241016,161759,20241016,175732,.,20241127,160735,20241127,172209,IWER58,IWER90
348962,ANES2024TimeSeries_20250808,MO,29,20240831,085752,20240831,113535,.,20241211,170307,20241211,180853,IWER42,IWER72
349098,ANES2024TimeSeries_20250808,CA,06,20241011,165830,20241011,181616,.,20241210,160833,20241210,172251,IWER80,IWER62
349141,ANES2024TimeSeries_20250808,OR,41,20241001,092254,20241001,120641,.,20241115,091411,20241115,113311,IWER61,IWER61
349153,ANES2024TimeSeries_20250808,VA,51,20240830,113134,20240830,124344,.,.,NA,.,NA,IWER43,-1. Inapplicable
349275,ANES2024TimeSeries_20250808,IL,17,20241013,122813,20241013,133804,.,20241125,131835,20241214,114640,IWER53,IWER10
349373,ANES2024TimeSeries_20250808,TX,48,20241012,105013,20241012,120444,.,.,NA,.,NA,IWER59,-1. Inapplicable
349381,ANES2024TimeSeries_20250808,OR,41,20241011,180538,20241011,202005,.,20241124,171848,20241124,190020,IWER61,IWER61
349414,ANES2024TimeSeries_20250808,AR,05,20240819,123438,20240819,143402,.,20250117,132012,20250117,144806,IWER35,IWER35
349479,ANES2024TimeSeries_20250808,ND,38,20241022,095951,20241022,124552,.,20241223,144358,20241223,163024,IWER45,IWER10
349491,ANES2024TimeSeries_20250808,OH,39,20240915,152906,20240915,172810,.,20241116,160144,20241116,175731,IWER86,IWER97
349670,ANES2024TimeSeries_20250808,MO,29,20241024,150726,20241024,171714,.,20250122,090218,20250122,110650,IWER24,IWER34
349733,ANES2024TimeSeries_20250808,MA,25,20240812,153615,20240812,204307,.,.,NA,.,NA,IWER19,-1. Inapplicable
349767,ANES2024TimeSeries_20250808,MO,29,20240810,170919,20240810,182900,.,.,NA,.,NA,IWER20,-1. Inapplicable
349864,ANES2024TimeSeries_20250808,IL,17,20241029,153543,20241029,175040,.,20241214,121744,20241214,143554,IWER84,IWER54
350000,ANES2024TimeSeries_20250808,IL,17,20241017,143123,20241017,154755,.,20241125,105619,20241125,122043,IWER53,IWER76
350030,ANES2024TimeSeries_20250808,NJ,34,20241004,171004,20241004,183218,.,20241108,141658,20241108,154854,IWER75,IWER76
350183,ANES2024TimeSeries_20250808,MO,29,20240812,163733,20240812,182636,.,20241217,103441,20241217,121124,IWER20,IWER72
350302,ANES2024TimeSeries_20250808,FL,12,20241103,174952,20241103,191211,.,20250217,113104,20250217,124738,IWER58,IWER80
350327,ANES2024TimeSeries_20250808,WA,53,20241017,100451,20241028,185437,.,.,NA,.,NA,IWER34,-1. Inapplicable
350387,ANES2024TimeSeries_20250808,FL,12,20240815,090759,20240815,103703,.,20241216,140355,20241216,154318,IWER16,IWER43
350406,ANES2024TimeSeries_20250808,IL,17,20240804,181326,20240804,194151,.,20241218,170202,20241218,184221,IWER45,IWER32
350724,ANES2024TimeSeries_20250808,IA,19,20241010,131320,20241010,155135,.,20241124,114841,20241124,140428,IWER85,IWER85
350747,ANES2024TimeSeries_20250808,CA,06,20241018,110956,20241018,123241,.,20250208,100220,20250208,113358,IWER06,IWER36
350868,ANES2024TimeSeries_20250808,MA,25,20241011,121950,20241011,141120,.,20241210,100234,20241210,114151,IWER32,IWER92
350963,ANES2024TimeSeries_20250808,AR,05,20240816,120612,20240816,140702,.,.,NA,.,NA,IWER35,-1. Inapplicable
350980,ANES2024TimeSeries_20250808,MI,26,20241003,091234,20241014,194428,.,20241123,161456,20241123,174748,IWER69,IWER84
351012,ANES2024TimeSeries_20250808,SC,45,20241008,154126,20241008,171649,.,20241118,130352,20241118,144405,IWER08,IWER14
351238,ANES2024TimeSeries_20250808,OH,39,20241021,110414,20241021,123502,.,20241216,124125,20241216,140843,IWER51,IWER84
351535,ANES2024TimeSeries_20250808,CA,06,20241028,140658,20241028,155603,.,20241202,125908,20241202,143352,IWER62,IWER76
351650,ANES2024TimeSeries_20250808,CO,08,20241021,113425,20241021,130349,.,20250116,141053,20250117,145404,IWER72,IWER11
351784,ANES2024TimeSeries_20250808,WA,53,20241031,142913,20241102,113206,.,20241213,131100,20241213,143137,IWER80,IWER61
351859,ANES2024TimeSeries_20250808,CT,09,20240825,130512,20240825,141534,.,20241215,135451,20241215,151120,IWER47,IWER92
352003,ANES2024TimeSeries_20250808,WA,53,20241020,090811,20241020,104109,.,20241215,080800,20241215,092218,IWER63,IWER61
352166,ANES2024TimeSeries_20250808,UT,49,20240917,085046,20240917,111948,.,20241210,083729,20241210,105334,IWER34,IWER34
352264,ANES2024TimeSeries_20250808,NY,36,20241030,140207,20241030,152341,.,20250124,170443,20250124,183550,IWER29,IWER77
352275,ANES2024TimeSeries_20250808,CA,06,20240928,181319,20240928,200719,.,20241115,180148,20241115,195853,IWER62,IWER101
352409,ANES2024TimeSeries_20250808,CT,09,20240918,182005,20240918,193532,.,20250119,115653,20250119,132207,IWER47,IWER47
352423,ANES2024TimeSeries_20250808,UT,49,20240808,181147,20240808,195111,.,20241107,210547,20241107,223604,IWER34,IWER96
352461,ANES2024TimeSeries_20250808,IA,19,20241008,180727,20241008,200708,.,20241122,164037,20241122,181657,IWER14,IWER85
352538,ANES2024TimeSeries_20250808,TX,48,20240921,151014,20240921,165244,.,.,NA,.,NA,IWER56,-1. Inapplicable
352620,ANES2024TimeSeries_20250808,GA,13,20240825,125505,20240825,143048,.,20241230,143920,20241230,162857,IWER52,IWER11
352901,ANES2024TimeSeries_20250808,TX,48,20241013,120756,20241013,132843,.,20241111,110235,20241111,121314,IWER59,IWER91
352915,ANES2024TimeSeries_20250808,CT,09,20241103,113153,20241103,130934,.,20241215,110622,20241215,123527,IWER47,IWER47
352953,ANES2024TimeSeries_20250808,MO,29,20240809,171507,20240809,183619,.,20241114,160949,20241114,173439,IWER20,IWER89
353269,ANES2024TimeSeries_20250808,NY,36,20241005,125901,20241005,142203,.,20241110,110403,20241110,123023,IWER10,IWER96
353415,ANES2024TimeSeries_20250808,UT,49,20240815,193746,20240815,211117,.,20241218,184339,20241218,201429,IWER34,IWER34
353659,ANES2024TimeSeries_20250808,AL,01,20241010,145605,20241011,101820,.,20241115,160445,20241115,175348,IWER72,IWER32
353756,ANES2024TimeSeries_20250808,CA,06,20240906,110122,20240906,125336,.,20241218,095351,20241218,120210,IWER06,IWER06
353983,ANES2024TimeSeries_20250808,TX,48,20240811,141034,20240811,153934,.,20241109,145916,20241109,163425,IWER09,IWER99
354122,ANES2024TimeSeries_20250808,TN,47,20240930,170509,20240930,183326,.,20250104,135919,20250104,151217,IWER50,IWER50
354149,ANES2024TimeSeries_20250808,AR,05,20241011,120444,20241011,130825,.,20250208,110605,20250208,122813,IWER65,IWER35
354233,ANES2024TimeSeries_20250808,WI,55,20240905,150757,20240905,164107,.,20241113,162959,20241113,181448,IWER03,IWER76
354361,ANES2024TimeSeries_20250808,OR,41,20240922,180546,20240922,194740,.,20241206,185601,20241206,204833,IWER58,IWER61
354499,ANES2024TimeSeries_20250808,NY,36,20240825,161321,20240825,173627,.,20241207,182048,20241207,192912,IWER10,IWER10
354560,ANES2024TimeSeries_20250808,WI,55,20240813,141934,20240813,160853,.,20241114,140833,20241114,160630,IWER03,IWER97
354599,ANES2024TimeSeries_20250808,VA,51,20240811,143619,20240811,161719,.,20241112,100030,20241112,111035,IWER36,IWER91
354679,ANES2024TimeSeries_20250808,FL,12,20241004,180201,20241004,203652,.,20241213,150834,20241213,173758,IWER16,IWER58
354834,ANES2024TimeSeries_20250808,UT,49,20241030,120124,20241030,135405,.,20241126,190524,20241126,204132,IWER36,IWER34
354914,ANES2024TimeSeries_20250808,CT,09,20241030,134736,20241030,153641,.,20241203,095611,20241203,112138,IWER47,IWER95
354995,ANES2024TimeSeries_20250808,MI,26,20240807,170038,20240807,182631,.,20241219,130539,20241219,143108,IWER31,IWER84
355008,ANES2024TimeSeries_20250808,TX,48,20240908,164145,20240908,183522,.,20250115,090519,20250115,104941,IWER12,IWER08
355224,ANES2024TimeSeries_20250808,SC,45,20241008,140816,20241008,152820,.,20250117,090244,20250117,103119,IWER08,IWER10
355272,ANES2024TimeSeries_20250808,MO,29,20240811,142113,20240811,154628,.,20241218,130418,20241218,141422,IWER20,IWER72
355323,ANES2024TimeSeries_20250808,TX,48,20241018,101252,20241020,132534,.,20241201,131202,20241201,144841,IWER60,IWER43
355337,ANES2024TimeSeries_20250808,NY,36,20241019,125519,20241019,141106,.,20241130,125314,20241130,141658,IWER10,IWER76
355622,ANES2024TimeSeries_20250808,SC,45,20241006,121113,20241006,132213,.,.,NA,.,NA,IWER08,-1. Inapplicable
355699,ANES2024TimeSeries_20250808,MD,24,20240814,132738,20240814,151147,.,20241115,100952,20241115,120030,IWER01,IWER01
355942,ANES2024TimeSeries_20250808,IA,19,20241027,163842,20241027,181035,.,20241124,151856,20241124,184247,IWER85,IWER85
355971,ANES2024TimeSeries_20250808,CT,09,20240916,180344,20240916,195215,.,20241123,100754,20241123,115705,IWER47,IWER93
355994,ANES2024TimeSeries_20250808,CA,06,20241002,183614,20241103,182731,.,20241216,145758,20241216,161059,IWER79,IWER92
356134,ANES2024TimeSeries_20250808,CA,06,20240909,140123,20240909,152112,.,20250113,150232,20250113,164606,IWER08,IWER62
356222,ANES2024TimeSeries_20250808,GA,13,20241022,170537,20241022,183012,.,20241211,120410,20241211,131928,IWER77,IWER76
356344,ANES2024TimeSeries_20250808,NY,36,20240912,174614,20240912,190719,.,.,NA,.,NA,IWER46,-1. Inapplicable
356695,ANES2024TimeSeries_20250808,MO,29,20241024,203743,20241024,221248,.,20241209,130500,20241209,143730,IWER58,IWER76
356722,ANES2024TimeSeries_20250808,WA,53,20241102,130511,20241102,150913,.,20250110,130328,20250110,145225,IWER61,IWER61
356884,ANES2024TimeSeries_20250808,TX,48,20240922,135930,20240922,170742,.,20241111,132150,20241111,150105,IWER07,IWER76
356927,ANES2024TimeSeries_20250808,UT,49,20240822,195854,20240822,215226,.,20241114,223542,20241115,004501,IWER34,IWER101
356932,ANES2024TimeSeries_20250808,TX,48,20241101,132604,20241101,135241,.,20241122,110313,20241122,112522,IWER09,IWER09
357011,ANES2024TimeSeries_20250808,CA,06,20240819,085600,20240819,103241,.,20241114,192807,20241114,202555,IWER27,IWER91
357072,ANES2024TimeSeries_20250808,IA,19,20240917,170424,20240917,182308,.,20241115,160127,20241115,172148,IWER32,IWER94
357171,ANES2024TimeSeries_20250808,NY,36,20241030,130327,20241030,141315,.,.,NA,.,NA,IWER10,-1. Inapplicable
357596,ANES2024TimeSeries_20250808,MO,29,20241023,120921,20241023,142435,.,20241204,120001,20241204,205014,IWER58,IWER76
357625,ANES2024TimeSeries_20250808,CT,09,20240830,181235,20240830,194010,.,20241230,151148,20241230,162349,IWER47,IWER47
357680,ANES2024TimeSeries_20250808,WA,53,20240820,105954,20241012,150741,.,20241116,130355,20241116,143916,IWER70,IWER93
357747,ANES2024TimeSeries_20250808,TN,47,20240912,120858,20240912,143559,.,20241107,130043,20241107,150320,IWER50,IWER90
357891,ANES2024TimeSeries_20250808,OH,39,20241011,150600,20241011,163643,.,20241114,165823,20241114,180022,IWER86,IWER91
357911,ANES2024TimeSeries_20250808,CA,06,20240813,150415,20240813,161541,.,20241121,202627,20241121,214718,IWER06,IWER76
358037,ANES2024TimeSeries_20250808,CO,08,20241021,202755,20241021,212800,.,20241205,185037,20241205,200333,IWER72,IWER58
358067,ANES2024TimeSeries_20250808,IN,18,20241019,133249,20241019,151037,.,20241120,080844,20241120,093257,IWER67,IWER03
358072,ANES2024TimeSeries_20250808,KY,21,20240920,193847,20240920,212539,.,20250207,162538,20250207,180208,IWER43,IWER50
358094,ANES2024TimeSeries_20250808,MO,29,20240917,100541,20240917,123422,.,20241120,140956,20241120,165613,IWER24,IWER24
358456,ANES2024TimeSeries_20250808,MN,27,20240927,123113,20240927,135428,.,.,NA,.,NA,IWER45,-1. Inapplicable
358575,ANES2024TimeSeries_20250808,MA,25,20240930,131342,20240930,143941,.,20241111,173109,20241111,185624,IWER32,IWER93
358578,ANES2024TimeSeries_20250808,CT,09,20241101,200652,20241101,213751,.,20241217,190402,20241217,211429,IWER21,IWER47
358730,ANES2024TimeSeries_20250808,NY,36,20240816,090506,20240816,110503,.,20241115,090307,20241115,101024,IWER46,IWER91
358765,ANES2024TimeSeries_20250808,UT,49,20240925,160512,20240925,184026,.,20241124,150426,20241124,172529,IWER34,IWER34
358767,ANES2024TimeSeries_20250808,IA,19,20241014,165603,20241014,184746,.,.,NA,.,NA,IWER14,-1. Inapplicable
358778,ANES2024TimeSeries_20250808,MO,29,20241018,164153,20241018,180107,.,20241130,115612,20241130,132313,IWER58,IWER100
358780,ANES2024TimeSeries_20250808,CA,06,20241001,182011,20241013,113140,.,.,NA,.,NA,IWER39,-1. Inapplicable
358797,ANES2024TimeSeries_20250808,OR,41,20240918,200531,20240918,212831,.,20241121,160113,20241121,172157,IWER58,IWER98
358891,ANES2024TimeSeries_20250808,IN,18,20240928,111455,20240928,124224,.,20241213,101718,20241213,113511,IWER03,IWER45
358920,ANES2024TimeSeries_20250808,VA,51,20240807,103622,20240807,120412,.,20250119,151710,20250119,164649,IWER43,IWER37
359041,ANES2024TimeSeries_20250808,SC,45,20241006,103412,20241006,114837,.,20241123,092811,20241123,104059,IWER08,IWER14
359053,ANES2024TimeSeries_20250808,MO,29,20241025,143713,20241025,160703,.,20241123,095955,20241123,112033,IWER58,IWER72
359131,ANES2024TimeSeries_20250808,ND,38,20241019,090018,20241019,102531,.,20250214,080144,20250215,103356,IWER45,IWER80
359188,ANES2024TimeSeries_20250808,UT,49,20240916,181700,20240916,205440,.,20241121,160216,20241121,175320,IWER34,IWER76
359197,ANES2024TimeSeries_20250808,FL,12,20241031,150925,20241031,165203,.,20241211,163141,20241211,183746,IWER77,IWER58
359280,ANES2024TimeSeries_20250808,CA,06,20241028,170900,20241028,182109,.,20241206,170322,20241208,180559,IWER11,IWER62
359281,ANES2024TimeSeries_20250808,FL,12,20241105,121421,20241105,140442,.,20241127,153051,20241203,160749,IWER58,IWER58
359299,ANES2024TimeSeries_20250808,TX,48,20240808,101704,20240808,114955,.,20241231,132602,20241231,151844,IWER08,IWER59
359322,ANES2024TimeSeries_20250808,TX,48,20240906,180434,20240906,195547,.,20241219,120550,20241219,132805,IWER09,IWER07
359345,ANES2024TimeSeries_20250808,SC,45,20241011,171047,20241012,131053,.,20241118,170244,20241208,103046,IWER08,IWER80
359361,ANES2024TimeSeries_20250808,GA,13,20240925,100529,20240925,113036,.,20241212,120658,20241212,132526,IWER52,IWER10
359614,ANES2024TimeSeries_20250808,KY,21,20240925,111039,20240925,123121,.,20241209,103403,20241209,115605,IWER43,IWER50
359646,ANES2024TimeSeries_20250808,CA,06,20241019,090342,20241019,104550,.,20241210,180229,20241210,204259,IWER80,IWER62
359760,ANES2024TimeSeries_20250808,CT,09,20241025,173425,20241025,191252,.,20241217,181747,20241217,201340,IWER47,IWER101
359773,ANES2024TimeSeries_20250808,TX,48,20240924,103331,20240924,114712,.,.,NA,.,NA,IWER07,-1. Inapplicable
359839,ANES2024TimeSeries_20250808,OR,41,20240921,165028,20240921,190001,.,20241124,170709,20241124,185519,IWER58,IWER93
359848,ANES2024TimeSeries_20250808,NJ,34,20241017,131031,20241017,143824,.,20241202,123138,20241202,144600,IWER75,IWER101
359882,ANES2024TimeSeries_20250808,CA,06,20240906,154620,20240906,173935,.,20241213,155425,20241213,173106,IWER27,IWER27
359989,ANES2024TimeSeries_20250808,OR,41,20240922,090323,20240922,105525,.,20241119,141030,20241119,154346,IWER58,IWER61
360129,ANES2024TimeSeries_20250808,OR,41,20241026,094952,20241026,113834,.,20241213,140052,20241213,151919,IWER61,IWER90
360194,ANES2024TimeSeries_20250808,MA,25,20240808,163505,20240808,220041,.,20241208,111503,20241208,132446,IWER19,IWER32
360275,ANES2024TimeSeries_20250808,TN,47,20240911,170658,20240911,181931,.,20241120,172732,20241120,183328,IWER50,IWER50
360494,ANES2024TimeSeries_20250808,KY,21,20241019,100720,20241019,120653,.,.,NA,.,NA,IWER76,-1. Inapplicable
360536,ANES2024TimeSeries_20250808,AL,01,20241009,140417,20241009,153630,.,20241113,160339,20241113,174504,IWER72,IWER100
360636,ANES2024TimeSeries_20250808,CA,06,20240822,112201,20240822,132446,.,20241125,130048,20241125,144558,IWER06,IWER76
360975,ANES2024TimeSeries_20250808,SC,45,20240914,095503,20240914,112414,.,20241120,163503,20241120,175722,IWER14,IWER14
360976,ANES2024TimeSeries_20250808,TX,48,20241103,100202,20241103,115746,.,20241117,085131,20241117,100730,IWER36,IWER08
360982,ANES2024TimeSeries_20250808,PA,42,20240908,185118,20240908,200217,.,20241215,190402,20241215,201613,IWER10,IWER10
360996,ANES2024TimeSeries_20250808,TX,48,20240812,200414,20240813,141303,.,.,NA,.,NA,IWER12,-1. Inapplicable
361115,ANES2024TimeSeries_20250808,TX,48,20241103,142431,20241103,153827,.,20241214,120128,20241214,132019,IWER44,IWER89
361162,ANES2024TimeSeries_20250808,AL,01,20241008,164424,20241008,183046,.,20241113,094024,20241113,114108,IWER72,IWER32
361563,ANES2024TimeSeries_20250808,FL,12,20240826,165225,20240826,181613,.,20241114,172506,20241114,182732,IWER14,IWER58
361668,ANES2024TimeSeries_20250808,TX,48,20241105,163539,20241105,183343,.,20241121,112023,20241121,130148,IWER21,IWER08
361702,ANES2024TimeSeries_20250808,FL,12,20240807,170403,20240807,184300,.,20241118,100413,20241118,113948,IWER14,IWER100
361718,ANES2024TimeSeries_20250808,MN,27,20240921,171143,20240921,190432,.,20241117,095814,20241117,114039,IWER45,IWER45
361853,ANES2024TimeSeries_20250808,PA,42,20240907,193934,20240907,205824,.,20241115,165502,20241115,182130,IWER10,IWER92
361932,ANES2024TimeSeries_20250808,CA,06,20240821,164810,20240828,105030,.,20241217,175922,20250129,104751,IWER39,IWER80
362090,ANES2024TimeSeries_20250808,WI,55,20240904,181909,20240904,193953,.,.,NA,.,NA,IWER03,-1. Inapplicable
362168,ANES2024TimeSeries_20250808,GA,13,20241021,094158,20241021,111631,.,20241203,093750,20241203,110115,IWER77,IWER92
362218,ANES2024TimeSeries_20250808,DC,11,20241104,171407,20241104,195359,.,20241127,110120,20241127,130215,IWER84,IWER37
362312,ANES2024TimeSeries_20250808,SC,45,20240906,135146,20240906,152325,.,20241120,120018,20241120,131831,IWER14,IWER14
362457,ANES2024TimeSeries_20250808,TX,48,20241024,175917,20241024,192156,.,20241211,180431,20241211,191934,IWER12,IWER12
362604,ANES2024TimeSeries_20250808,KY,21,20241030,120053,20241030,134942,.,20241209,105917,20241209,125621,IWER80,IWER28
362661,ANES2024TimeSeries_20250808,MN,27,20240921,104018,20240921,122648,.,20241117,141217,20241117,165521,IWER45,IWER101
362679,ANES2024TimeSeries_20250808,IL,17,20240806,114932,20240806,130700,.,20241204,120122,20241204,131456,IWER53,IWER53
362782,ANES2024TimeSeries_20250808,MO,29,20241009,131236,20241009,160657,.,20241214,130112,20241214,143219,IWER58,IWER72
362831,ANES2024TimeSeries_20250808,AL,01,20240810,140234,20240810,153038,.,20241121,095620,20241121,110721,IWER32,IWER90
362840,ANES2024TimeSeries_20250808,MO,29,20240809,142216,20240809,155529,.,20241228,070107,20241228,082039,IWER42,IWER80
362848,ANES2024TimeSeries_20250808,PA,42,20240922,161740,20240922,175539,.,.,NA,.,NA,IWER10,-1. Inapplicable
362901,ANES2024TimeSeries_20250808,SC,45,20241004,114945,20241004,131523,.,20241119,130119,20241119,142121,IWER08,IWER14
362971,ANES2024TimeSeries_20250808,AL,01,20240811,191925,20240813,202845,.,.,NA,.,NA,IWER32,-1. Inapplicable
362976,ANES2024TimeSeries_20250808,OR,41,20240915,184412,20240915,201610,.,20241112,115439,20241112,132733,IWER58,IWER96
362981,ANES2024TimeSeries_20250808,IL,17,20240925,122649,20240925,140627,.,20250120,140100,20250120,153249,IWER57,IWER37
363094,ANES2024TimeSeries_20250808,AL,01,20240818,155918,20240818,172119,.,.,NA,.,NA,IWER32,-1. Inapplicable
363127,ANES2024TimeSeries_20250808,UT,49,20241006,133039,20241006,152034,.,20241108,142336,20241108,161040,IWER34,IWER97
363438,ANES2024TimeSeries_20250808,MA,25,20241006,130004,20241006,142622,.,20241107,183452,20241107,201135,IWER32,IWER93
363455,ANES2024TimeSeries_20250808,WA,53,20241102,100943,20241102,114115,.,20241207,130736,20241207,141555,IWER61,IWER95
363507,ANES2024TimeSeries_20250808,OR,41,20241003,190036,20241003,201605,.,20241117,181540,20241117,192800,IWER61,IWER61
363630,ANES2024TimeSeries_20250808,UT,49,20240919,174110,20240919,191731,.,20241211,182748,20241211,195911,IWER34,IWER34
363670,ANES2024TimeSeries_20250808,PA,42,20240921,142637,20240921,155149,.,20241108,130715,20241108,142553,IWER10,IWER90
363684,ANES2024TimeSeries_20250808,MO,29,20241021,090440,20241021,104602,.,20241127,100103,20241127,111412,IWER58,IWER72
363801,ANES2024TimeSeries_20250808,FL,12,20241103,112941,20241103,133553,.,20241207,113326,20241207,130144,IWER71,IWER71
363934,ANES2024TimeSeries_20250808,AZ,04,20240923,182904,20240923,194204,.,20241110,130342,20241110,142853,IWER11,IWER76
363979,ANES2024TimeSeries_20250808,IA,19,20240915,140913,20241010,163410,.,20241207,153935,20241207,165916,IWER14,IWER85
364230,ANES2024TimeSeries_20250808,AR,05,20240923,160836,20240923,175511,.,20241124,120600,20241124,133529,IWER35,IWER35
364258,ANES2024TimeSeries_20250808,FL,12,20240929,173040,20240929,190251,.,20241116,124724,20241116,141528,IWER71,IWER58
364370,ANES2024TimeSeries_20250808,IA,19,20241014,120721,20241014,135421,.,20250117,122923,20250117,142116,IWER14,IWER85
364636,ANES2024TimeSeries_20250808,MO,29,20241021,174348,20241021,190933,.,20241130,145750,20241130,163206,IWER58,IWER94
364677,ANES2024TimeSeries_20250808,CA,06,20240828,160821,20240828,172609,.,20241108,183449,20241108,195216,IWER08,IWER93
364684,ANES2024TimeSeries_20250808,CT,09,20241011,160437,20241011,173714,.,20241217,114149,20241217,130228,IWER35,IWER10
364884,ANES2024TimeSeries_20250808,MO,29,20241022,192207,20241022,204229,.,20241213,160323,20241213,172922,IWER58,IWER92
365029,ANES2024TimeSeries_20250808,TX,48,20240815,183200,20240815,200204,.,20250118,091707,20250118,100624,IWER08,IWER08
365070,ANES2024TimeSeries_20250808,CA,06,20240926,124006,20240926,141425,.,20250103,135905,20250103,154636,IWER06,IWER01
365110,ANES2024TimeSeries_20250808,WA,53,20240822,135434,20241025,195107,.,20241216,134801,20241216,150420,IWER34,IWER61
365117,ANES2024TimeSeries_20250808,WA,53,20241016,161316,20241017,154536,.,20241217,134353,20241217,153108,IWER70,IWER61
365170,ANES2024TimeSeries_20250808,AL,01,20241029,100610,20241029,123210,.,20241218,105712,20241218,131411,IWER32,IWER92
365212,ANES2024TimeSeries_20250808,CA,06,20241030,180719,20241030,200216,.,20241125,221242,20241125,235240,IWER39,IWER98
365449,ANES2024TimeSeries_20250808,WI,55,20240814,143801,20240814,160728,.,20241114,165614,20241114,183523,IWER03,IWER76
365496,ANES2024TimeSeries_20250808,TX,48,20240808,170312,20240808,182341,.,20241216,110317,20241216,125230,IWER08,IWER32
365558,ANES2024TimeSeries_20250808,OR,41,20240920,184736,20240920,202427,.,20241121,124652,20241121,142057,IWER58,IWER61
365669,ANES2024TimeSeries_20250808,SC,45,20240913,095618,20240913,114154,.,20250219,070103,20250219,082140,IWER14,IWER80
365679,ANES2024TimeSeries_20250808,FL,12,20240929,140325,20240929,163316,.,20241119,185822,20241119,203343,IWER71,IWER58
365722,ANES2024TimeSeries_20250808,IL,17,20240807,175641,20240807,190441,.,20241227,090004,20241227,102551,IWER45,IWER80
365805,ANES2024TimeSeries_20250808,CT,09,20240829,170708,20240829,192557,.,20241118,165652,20241118,183654,IWER47,IWER99
365943,ANES2024TimeSeries_20250808,IN,18,20240914,143534,20240914,162706,.,20241113,195800,20241113,211551,IWER03,IWER91
366126,ANES2024TimeSeries_20250808,FL,12,20240904,141533,20240904,161000,.,20250120,070224,20250120,082832,IWER16,IWER80
366241,ANES2024TimeSeries_20250808,TX,48,20240817,122638,20240817,135815,.,20241214,143006,20241214,155514,IWER07,IWER07
366256,ANES2024TimeSeries_20250808,CO,08,20241105,160115,20241105,174240,.,20241204,152009,20241204,163242,IWER24,IWER58
366272,ANES2024TimeSeries_20250808,CA,06,20240812,151237,20240812,162919,.,20241115,182938,20250122,152701,IWER39,IWER80
366281,ANES2024TimeSeries_20250808,IN,18,20241009,111343,20241009,131218,.,.,NA,.,NA,IWER78,-1. Inapplicable
366332,ANES2024TimeSeries_20250808,CO,08,20240819,174243,20240819,192439,.,20241209,092005,20241209,104725,IWER51,IWER58
366461,ANES2024TimeSeries_20250808,AZ,04,20241031,130633,20241031,142145,.,20250122,130246,20250122,143244,IWER11,IWER34
366544,ANES2024TimeSeries_20250808,OH,39,20241031,183300,20241031,202716,.,20250119,153414,20250119,171842,IWER51,IWER84
366692,ANES2024TimeSeries_20250808,CO,08,20240929,162130,20240929,180535,.,20241129,140309,20241129,151309,IWER65,IWER58
366799,ANES2024TimeSeries_20250808,AR,05,20241026,165525,20241026,182938,.,20241119,182117,20241119,193911,IWER14,IWER35
366836,ANES2024TimeSeries_20250808,MO,29,20241023,163155,20241023,182922,.,20241213,115941,20241213,133457,IWER58,IWER97
366951,ANES2024TimeSeries_20250808,CT,09,20240924,104408,20240924,121258,.,.,NA,.,NA,IWER47,-1. Inapplicable
367150,ANES2024TimeSeries_20250808,WA,53,20240821,131147,20241019,120011,.,20241208,105158,20241208,125250,IWER70,IWER61
367239,ANES2024TimeSeries_20250808,OH,39,20240920,125042,20240920,141729,.,20250202,121735,20250202,135113,IWER86,IWER34
367246,ANES2024TimeSeries_20250808,TX,48,20240921,162911,20240921,175855,.,20250120,134943,20250120,153506,IWER07,IWER08
367344,ANES2024TimeSeries_20250808,IN,18,20241022,162548,20241022,175246,.,20250103,090356,20250103,104052,IWER67,IWER32
367473,ANES2024TimeSeries_20250808,TN,47,20240919,100954,20240919,114053,.,20241121,111256,20241121,124822,IWER50,IWER76
367614,ANES2024TimeSeries_20250808,MD,24,20241105,145520,20241105,161907,.,20241206,180051,20241206,193957,IWER43,IWER36
367650,ANES2024TimeSeries_20250808,UT,49,20241023,151304,20241023,163500,.,20241125,154023,20241125,170503,IWER34,IWER34
367771,ANES2024TimeSeries_20250808,IN,18,20241023,170858,20241023,185759,.,20250119,174703,20250119,191903,IWER78,IWER32
367791,ANES2024TimeSeries_20250808,AL,01,20240808,095927,20240808,113317,.,20250202,140633,20250202,154007,IWER32,IWER61
367930,ANES2024TimeSeries_20250808,CA,06,20240913,153012,20240913,171250,.,20241217,181201,20250122,195350,IWER39,IWER80
367960,ANES2024TimeSeries_20250808,SC,45,20241001,150532,20241001,163442,.,20250109,110521,20250109,123625,IWER58,IWER77
368013,ANES2024TimeSeries_20250808,AR,05,20241013,153958,20241013,171812,.,20250119,120432,20250119,134728,IWER65,IWER35
368057,ANES2024TimeSeries_20250808,CO,08,20240819,133527,20240819,151644,.,20241206,090847,20241206,110347,IWER51,IWER58
368110,ANES2024TimeSeries_20250808,IA,19,20240914,083552,20240914,100139,.,20241118,185418,20241118,201633,IWER32,IWER99
368251,ANES2024TimeSeries_20250808,CA,06,20240905,174049,20240905,190427,.,.,NA,.,NA,IWER39,-1. Inapplicable
368346,ANES2024TimeSeries_20250808,NY,36,20241103,105812,20241103,122116,.,20241212,180405,20241212,192904,IWER10,IWER10
368392,ANES2024TimeSeries_20250808,TX,48,20240912,115606,20241026,160231,.,20250118,113614,20250119,122013,IWER59,IWER84
368554,ANES2024TimeSeries_20250808,NJ,34,20241009,171739,20241009,184728,.,20241219,110056,20241219,122534,IWER75,IWER95
368739,ANES2024TimeSeries_20250808,MA,25,20241007,091852,20241007,112705,.,20241127,090441,20241127,105333,IWER32,IWER92
368744,ANES2024TimeSeries_20250808,VA,51,20240806,104811,20240806,194551,.,20241114,191654,20241114,215241,IWER43,IWER76
368774,ANES2024TimeSeries_20250808,KY,21,20240924,165240,20240924,180209,.,20241127,195756,20241127,211730,IWER43,IWER72
368836,ANES2024TimeSeries_20250808,WA,53,20241018,121448,20241018,135633,.,20241125,220049,20241125,230431,IWER70,IWER91
369154,ANES2024TimeSeries_20250808,MO,29,20241021,132657,20241021,152202,.,20250120,091311,20250203,100540,IWER58,IWER80
369260,ANES2024TimeSeries_20250808,CT,09,20240910,170031,20240910,182609,.,20241119,170133,20241119,182025,IWER47,IWER100
369437,ANES2024TimeSeries_20250808,ND,38,20240902,100120,20240902,110241,.,.,NA,.,NA,IWER45,-1. Inapplicable
369742,ANES2024TimeSeries_20250808,TX,48,20240808,101216,20240808,120208,.,20241108,111422,20241108,131112,IWER07,IWER95
369793,ANES2024TimeSeries_20250808,WA,53,20241101,124129,20241101,141427,.,20241121,150116,20241121,161850,IWER80,IWER80
369794,ANES2024TimeSeries_20250808,KY,21,20240830,183616,20240830,200048,.,20241214,090536,20241214,103306,IWER50,IWER50
370232,ANES2024TimeSeries_20250808,PA,42,20241101,085936,20241101,102656,.,20241117,120536,20241117,132626,IWER80,IWER10
370274,ANES2024TimeSeries_20250808,FL,12,20240826,135844,20240826,155723,.,20241114,130731,20241114,144233,IWER14,IWER58
370292,ANES2024TimeSeries_20250808,GA,13,20241030,181432,20241030,193038,.,.,NA,.,NA,IWER52,-1. Inapplicable
370629,ANES2024TimeSeries_20250808,NY,36,20240810,121810,20240810,141716,.,20241112,190303,20241112,220430,IWER10,IWER101
370665,ANES2024TimeSeries_20250808,GA,13,20240926,181452,20240926,202130,.,20241113,183128,20241113,201734,IWER52,IWER92
370734,ANES2024TimeSeries_20250808,CT,09,20240808,153845,20240808,175954,.,20241120,131326,20241120,153859,IWER47,IWER47
370887,ANES2024TimeSeries_20250808,TN,47,20240826,180127,20240826,194736,.,20241119,110201,20241119,125403,IWER50,IWER76
370912,ANES2024TimeSeries_20250808,IA,19,20240905,160312,20240905,172706,.,20250104,185128,20250104,203431,IWER32,IWER85
370996,ANES2024TimeSeries_20250808,GA,13,20240821,091051,20240821,103521,.,20241204,100145,20241204,113136,IWER52,IWER52
371192,ANES2024TimeSeries_20250808,NY,36,20240905,160834,20240906,162004,.,20241204,170128,20241204,184611,IWER46,IWER46
371197,ANES2024TimeSeries_20250808,GA,13,20241018,131601,20241018,145910,.,20241206,100703,20241206,112939,IWER52,IWER90
371396,ANES2024TimeSeries_20250808,DC,11,20241101,110841,20241101,130139,.,20241206,070045,20241206,083512,IWER10,IWER80
371499,ANES2024TimeSeries_20250808,OH,39,20241020,113019,20241020,130136,.,20241209,140015,20241209,152048,IWER51,IWER90
371522,ANES2024TimeSeries_20250808,OR,41,20241026,124409,20241026,140333,.,20241119,164707,20241119,180500,IWER61,IWER61
371599,ANES2024TimeSeries_20250808,IN,18,20241018,163013,20241018,184834,.,20241217,101741,20241217,121237,IWER78,IWER76
371601,ANES2024TimeSeries_20250808,KY,21,20241011,172938,20241011,184954,.,20241115,125611,20241115,134910,IWER76,IWER91
371622,ANES2024TimeSeries_20250808,AL,01,20240820,183814,20240820,195414,.,20250211,172323,20250211,184323,IWER32,IWER10
371696,ANES2024TimeSeries_20250808,MD,24,20241028,134636,20241028,152727,.,.,NA,.,NA,IWER43,-1. Inapplicable
371716,ANES2024TimeSeries_20250808,AR,05,20241012,102238,20241012,114013,.,20241115,135758,20241115,154714,IWER65,IWER76
371794,ANES2024TimeSeries_20250808,MO,29,20241102,092226,20241102,114901,.,20241125,162817,20241125,181155,IWER24,IWER93
371799,ANES2024TimeSeries_20250808,CA,06,20240810,144640,20240810,161752,.,20241116,100219,20241116,113732,IWER27,IWER76
371822,ANES2024TimeSeries_20250808,OH,39,20241019,110725,20241019,121653,.,20250124,150507,20250124,162523,IWER51,IWER34
371875,ANES2024TimeSeries_20250808,AZ,04,20240821,131051,20240821,145442,.,20241114,150811,20241114,163242,IWER11,IWER91
371898,ANES2024TimeSeries_20250808,MA,25,20240905,143859,20240905,160959,.,20250211,090113,20250211,102504,IWER19,IWER07
372112,ANES2024TimeSeries_20250808,DC,11,20241011,125559,20241011,143601,.,20241115,120618,20241115,135011,IWER36,IWER92
372240,ANES2024TimeSeries_20250808,PA,42,20240819,142534,20240819,170022,.,20241214,134053,20241214,160023,IWER10,IWER10
372513,ANES2024TimeSeries_20250808,WA,53,20241103,090526,20241103,102545,.,20241130,125841,20241130,145350,IWER61,IWER101
372561,ANES2024TimeSeries_20250808,TX,48,20240901,120045,20240901,131426,.,.,NA,.,NA,IWER07,-1. Inapplicable
372625,ANES2024TimeSeries_20250808,OR,41,20240917,110830,20240917,211050,.,20241210,213921,20241210,230001,IWER58,IWER10
372752,ANES2024TimeSeries_20250808,GA,13,20241004,100728,20241004,114023,.,.,NA,.,NA,IWER52,-1. Inapplicable
372767,ANES2024TimeSeries_20250808,TN,47,20241016,161428,20241017,144229,.,20241113,173155,20241113,185820,IWER50,IWER99
372998,ANES2024TimeSeries_20250808,NY,36,20240924,180839,20240924,201002,.,20241125,101021,20241125,120406,IWER46,IWER58
373244,ANES2024TimeSeries_20250808,VA,51,20241103,163544,20241103,180240,.,20241124,163059,20241124,180318,IWER43,IWER76
373259,ANES2024TimeSeries_20250808,MN,27,20240924,134810,20240924,154614,.,20241112,120053,20241112,142340,IWER45,IWER90
373349,ANES2024TimeSeries_20250808,MI,26,20241015,145544,20241015,161827,.,20241123,101017,20241123,112308,IWER69,IWER84
373353,ANES2024TimeSeries_20250808,GA,13,20240907,103434,20240907,130247,.,20250117,161147,20250117,174647,IWER52,IWER11
373501,ANES2024TimeSeries_20250808,FL,12,20240809,152418,20240809,170214,.,20241115,132126,20241115,150135,IWER14,IWER58
373611,ANES2024TimeSeries_20250808,SC,45,20241026,110358,20241026,122930,.,20241125,105829,20241125,122018,IWER88,IWER14
373614,ANES2024TimeSeries_20250808,TN,47,20241013,172557,20241013,183214,.,20241115,125615,20241115,142114,IWER50,IWER94
373659,ANES2024TimeSeries_20250808,KY,21,20240918,140056,20240918,155543,.,20241229,151419,20241229,171911,IWER43,IWER50
373709,ANES2024TimeSeries_20250808,IL,17,20241023,160531,20241023,173319,.,20241207,100551,20241207,112432,IWER84,IWER03
373727,ANES2024TimeSeries_20250808,TX,48,20241018,172756,20241018,190018,.,20241207,110830,20241207,123444,IWER59,IWER89
373749,ANES2024TimeSeries_20250808,MN,27,20240920,165009,20240920,183118,.,20241111,145529,20241111,160910,IWER45,IWER91
373800,ANES2024TimeSeries_20250808,OR,41,20241013,151042,20241013,165735,.,20241125,162104,20241125,174146,IWER61,IWER76
373845,ANES2024TimeSeries_20250808,NJ,34,20241014,080001,20241014,094611,.,20241227,171146,20241227,191440,IWER75,IWER84
373925,ANES2024TimeSeries_20250808,MN,27,20240929,151722,20240929,163551,.,20241119,174526,20241119,190552,IWER45,IWER45
373980,ANES2024TimeSeries_20250808,VA,51,20241022,184217,20241022,203033,.,20241120,173146,20241120,195616,IWER87,IWER36
374163,ANES2024TimeSeries_20250808,UT,49,20240805,153245,20240805,182419,.,20241108,205928,20241118,210303,IWER34,IWER34
374249,ANES2024TimeSeries_20250808,MO,29,20240928,102642,20240928,130612,.,20250120,160351,20250120,174818,IWER24,IWER77
374370,ANES2024TimeSeries_20250808,WI,55,20241028,160717,20241028,185641,.,20241125,120710,20241125,133743,IWER03,IWER93
374555,ANES2024TimeSeries_20250808,TX,48,20240813,193709,20240813,212127,.,.,NA,.,NA,IWER44,-1. Inapplicable
374556,ANES2024TimeSeries_20250808,MA,25,20241009,163541,20241013,114012,.,20241212,160351,20241212,171248,IWER32,IWER89
374629,ANES2024TimeSeries_20250808,MN,27,20240926,115516,20240926,133009,.,.,NA,.,NA,IWER45,-1. Inapplicable
374749,ANES2024TimeSeries_20250808,MD,24,20240810,122844,20240810,140926,.,20241126,102157,20241126,115119,IWER01,IWER97
374805,ANES2024TimeSeries_20250808,IN,18,20241023,190050,20241023,204300,.,20241227,175902,20241227,194400,IWER67,IWER08
374823,ANES2024TimeSeries_20250808,TX,48,20241006,124802,20241006,140457,.,.,NA,.,NA,IWER59,-1. Inapplicable
374873,ANES2024TimeSeries_20250808,PA,42,20240820,184907,20240820,200908,.,20241116,182211,20241116,193739,IWER10,IWER10
374897,ANES2024TimeSeries_20250808,MD,24,20241019,135027,20241019,154527,.,20241119,115953,20241119,142703,IWER37,IWER01
374958,ANES2024TimeSeries_20250808,OR,41,20241004,110421,20241004,123155,.,20241122,140230,20241122,152234,IWER61,IWER90
375143,ANES2024TimeSeries_20250808,AL,01,20241005,153837,20241005,172853,.,.,NA,.,NA,IWER72,-1. Inapplicable
375310,ANES2024TimeSeries_20250808,FL,12,20241015,160911,20241015,171952,.,20241214,110443,20241214,123218,IWER16,IWER58
375394,ANES2024TimeSeries_20250808,OR,41,20240918,115015,20240918,133031,.,20250122,090949,20250122,103424,IWER61,IWER61
375448,ANES2024TimeSeries_20250808,IN,18,20240912,173855,20240912,190510,.,20241210,181859,20241210,194207,IWER03,IWER45
375523,ANES2024TimeSeries_20250808,CT,09,20240824,150259,20240824,172955,.,20241126,154917,20241221,125128,IWER21,IWER47
375575,ANES2024TimeSeries_20250808,MO,29,20241020,162603,20241020,174419,.,20241217,172820,20241217,181958,IWER58,IWER72
375581,ANES2024TimeSeries_20250808,TN,47,20240809,173348,20240809,190239,.,20241125,140153,20241125,150850,IWER50,IWER50
375641,ANES2024TimeSeries_20250808,MA,25,20240831,174128,20240831,193442,.,20241116,110536,20241116,132035,IWER19,IWER84
375738,ANES2024TimeSeries_20250808,IN,18,20241020,190018,20241020,202837,.,.,NA,.,NA,IWER67,-1. Inapplicable
375820,ANES2024TimeSeries_20250808,TX,48,20240810,175726,20240810,195435,.,20241129,162517,20241129,181600,IWER12,IWER12
375874,ANES2024TimeSeries_20250808,TX,48,20241022,100955,20241022,113555,.,20241116,095355,20241116,112714,IWER07,IWER07
375911,ANES2024TimeSeries_20250808,IL,17,20240806,140414,20241029,124055,.,20241203,155839,20241203,172129,IWER84,IWER100
375989,ANES2024TimeSeries_20250808,MO,29,20241016,135130,20241016,151144,.,20241204,121229,20241204,134348,IWER58,IWER58
375993,ANES2024TimeSeries_20250808,UT,49,20240821,185844,20240821,210521,.,20250125,182445,20250125,203116,IWER34,IWER34
376054,ANES2024TimeSeries_20250808,OR,41,20241027,140256,20241027,152628,.,20241121,180459,20241121,191438,IWER80,IWER61
376075,ANES2024TimeSeries_20250808,IL,17,20241025,151924,20241025,164623,.,20241205,122912,20241205,134121,IWER84,IWER03
376115,ANES2024TimeSeries_20250808,IA,19,20240915,114235,20240915,130714,.,20241116,130039,20241116,140601,IWER32,IWER91
376234,ANES2024TimeSeries_20250808,MA,25,20241028,190742,20241028,210512,.,20241116,173243,20241116,191306,IWER87,IWER11
376331,ANES2024TimeSeries_20250808,AL,01,20240817,160238,20240817,175030,.,.,NA,.,NA,IWER32,-1. Inapplicable
376387,ANES2024TimeSeries_20250808,AR,05,20241012,142858,20241012,153241,.,20241123,140542,20241123,151754,IWER65,IWER35
376398,ANES2024TimeSeries_20250808,MN,27,20240926,135340,20240926,155947,.,20241116,131140,20241116,151336,IWER45,IWER45
376557,ANES2024TimeSeries_20250808,CA,06,20240905,211305,20240905,224101,.,20250130,145245,20250130,162253,IWER02,IWER80
376652,ANES2024TimeSeries_20250808,CO,08,20241022,192529,20241022,203211,.,20241219,200612,20241219,214903,IWER72,IWER76
376802,ANES2024TimeSeries_20250808,CT,09,20240928,150035,20240928,165714,.,20241228,180744,20241228,201919,IWER47,IWER47
376902,ANES2024TimeSeries_20250808,GA,13,20241019,143448,20241021,201137,.,20241204,182613,20241204,194636,IWER77,IWER92
376978,ANES2024TimeSeries_20250808,TX,48,20240924,122946,20240924,135116,.,20241202,110909,20241202,123506,IWER12,IWER12
377074,ANES2024TimeSeries_20250808,UT,49,20241020,135405,20241020,151924,.,20241205,193923,20241205,205407,IWER34,IWER34
377251,ANES2024TimeSeries_20250808,IL,17,20241011,124231,20241011,140931,.,20241202,165900,20241202,175943,IWER03,IWER91
377258,ANES2024TimeSeries_20250808,OR,41,20240926,133045,20240926,150514,.,.,NA,.,NA,IWER61,-1. Inapplicable
377268,ANES2024TimeSeries_20250808,TX,48,20241024,160912,20241024,171204,.,20241122,205744,20241122,220357,IWER08,IWER08
377378,ANES2024TimeSeries_20250808,CT,09,20241006,171014,20241006,182651,.,.,NA,.,NA,IWER47,-1. Inapplicable
377421,ANES2024TimeSeries_20250808,TX,48,20240930,120615,20240930,132423,.,20241119,130749,20241119,142721,IWER07,IWER07
377462,ANES2024TimeSeries_20250808,IN,18,20240922,161304,20240922,170625,.,.,NA,.,NA,IWER64,-1. Inapplicable
377758,ANES2024TimeSeries_20250808,IA,19,20241006,134409,20241006,154753,.,.,NA,.,NA,IWER85,-1. Inapplicable
377798,ANES2024TimeSeries_20250808,SC,45,20240915,100756,20240915,122135,.,20241122,145949,20241122,164646,IWER14,IWER14
377819,ANES2024TimeSeries_20250808,TX,48,20240816,161143,20240816,175330,.,20241115,153237,20241115,172154,IWER12,IWER89
377972,ANES2024TimeSeries_20250808,MI,26,20241016,144855,20241017,153758,.,.,NA,.,NA,IWER69,-1. Inapplicable
377978,ANES2024TimeSeries_20250808,CA,06,20240809,171222,20240809,184359,.,20241120,110704,20241120,130004,IWER39,IWER39
377981,ANES2024TimeSeries_20250808,GA,13,20240815,125400,20240815,142809,.,20241125,100540,20241125,124330,IWER52,IWER52
377993,ANES2024TimeSeries_20250808,CO,08,20240927,090632,20240927,104436,.,.,NA,.,NA,IWER65,-1. Inapplicable
378058,ANES2024TimeSeries_20250808,MA,25,20241008,170344,20241008,182916,.,20241109,140045,20241109,150330,IWER32,IWER91
378378,ANES2024TimeSeries_20250808,CT,09,20240811,150245,20240811,160857,.,.,NA,.,NA,IWER47,-1. Inapplicable
378402,ANES2024TimeSeries_20250808,AL,01,20241007,151948,20241028,162719,.,20250118,103404,20250118,121100,IWER32,IWER32
378425,ANES2024TimeSeries_20250808,KY,21,20240813,195944,20240813,212346,.,20250118,133630,20250118,144648,IWER50,IWER50
378549,ANES2024TimeSeries_20250808,TX,48,20241020,150406,20241020,163144,.,20241124,125654,20241124,142228,IWER07,IWER07
378604,ANES2024TimeSeries_20250808,IA,19,20241006,175202,20241006,192022,.,20250211,170117,20250211,182459,IWER85,IWER80
378683,ANES2024TimeSeries_20250808,MD,24,20241018,163618,20241021,144613,.,20241211,130011,20241211,144733,IWER43,IWER01
378893,ANES2024TimeSeries_20250808,AZ,04,20241031,153359,20241031,164946,.,20241212,142417,20241212,153703,IWER25,IWER11
378918,ANES2024TimeSeries_20250808,CA,06,20240824,155725,20240824,170631,.,20241115,181241,20250117,122558,IWER39,IWER80
378977,ANES2024TimeSeries_20250808,SC,45,20241004,163810,20241004,182311,.,20241127,161703,20241127,175127,IWER58,IWER77
378992,ANES2024TimeSeries_20250808,GA,13,20241004,163650,20241004,181511,.,20241206,110609,20241206,125707,IWER52,IWER97
379055,ANES2024TimeSeries_20250808,CA,06,20241018,141359,20241018,154557,.,20241125,135641,20241125,151802,IWER06,IWER95
379149,ANES2024TimeSeries_20250808,IL,17,20240813,110548,20240813,125021,.,20241209,131525,20241209,142620,IWER53,IWER53
379171,ANES2024TimeSeries_20250808,TN,47,20241029,170118,20241029,182437,.,20241119,161831,20241119,175314,IWER50,IWER50
379202,ANES2024TimeSeries_20250808,OR,41,20241011,143739,20241015,091224,.,20241116,132651,20241116,151553,IWER61,IWER61
379245,ANES2024TimeSeries_20250808,NY,36,20240814,150318,20240814,162901,.,20241121,100248,20241121,114104,IWER28,IWER46
379384,ANES2024TimeSeries_20250808,OR,41,20240923,180731,20240923,201119,.,20241119,220457,20241119,235326,IWER61,IWER92
379495,ANES2024TimeSeries_20250808,NY,36,20241006,164814,20241006,181551,.,.,NA,.,NA,IWER10,-1. Inapplicable
379572,ANES2024TimeSeries_20250808,CT,09,20240909,182850,20240909,201650,.,20241111,183154,20241111,201821,IWER47,IWER99
379636,ANES2024TimeSeries_20250808,TN,47,20241102,101418,20241102,114108,.,20241207,120107,20241207,132843,IWER11,IWER32
379855,ANES2024TimeSeries_20250808,IN,18,20241016,163611,20241016,181523,.,20241127,140722,20241127,154549,IWER03,IWER03
379936,ANES2024TimeSeries_20250808,WA,53,20241028,182429,20241028,204659,.,20241213,151905,20241213,165236,IWER63,IWER61
379947,ANES2024TimeSeries_20250808,CA,06,20240810,112647,20240810,125709,.,20241108,150620,20241108,174814,IWER27,IWER101
380037,ANES2024TimeSeries_20250808,AL,01,20241009,160625,20241009,180745,.,.,NA,.,NA,IWER72,-1. Inapplicable
380067,ANES2024TimeSeries_20250808,SC,45,20241005,103731,20241005,113829,.,20241207,201019,20241207,212350,IWER08,IWER10
380124,ANES2024TimeSeries_20250808,UT,49,20240913,190902,20240913,203844,.,20241109,160624,20241109,175950,IWER34,IWER92
380185,ANES2024TimeSeries_20250808,SC,45,20241010,112858,20241010,131703,.,20241121,095836,20241121,112711,IWER08,IWER14
380399,ANES2024TimeSeries_20250808,IA,19,20240905,131953,20240905,143601,.,20241209,123133,20250111,143920,IWER32,IWER85
380508,ANES2024TimeSeries_20250808,CA,06,20240901,165747,20240901,183621,.,20250131,160553,20250131,182208,IWER08,IWER34
380685,ANES2024TimeSeries_20250808,CO,08,20240822,201117,20240822,213410,.,20241109,110035,20241109,121018,IWER51,IWER91
380687,ANES2024TimeSeries_20250808,AL,01,20240809,114834,20240809,133036,.,20241119,100209,20241119,112112,IWER32,IWER32
380736,ANES2024TimeSeries_20250808,TX,48,20240809,095415,20240811,101721,.,20250116,140142,20250116,153501,IWER08,IWER08
380791,ANES2024TimeSeries_20250808,FL,12,20240807,130513,20240807,145739,.,20241118,094241,20241118,113228,IWER14,IWER58
380885,ANES2024TimeSeries_20250808,CA,06,20241030,153052,20241030,163050,.,20241122,120052,20241122,131500,IWER06,IWER76
381027,ANES2024TimeSeries_20250808,OR,41,20240916,164322,20240916,180147,.,.,NA,.,NA,IWER61,-1. Inapplicable
381048,ANES2024TimeSeries_20250808,NJ,34,20241020,142752,20241020,154805,.,.,NA,.,NA,IWER75,-1. Inapplicable
381190,ANES2024TimeSeries_20250808,MO,29,20241022,171321,20241022,190605,.,.,NA,.,NA,IWER58,-1. Inapplicable
381267,ANES2024TimeSeries_20250808,WI,55,20240903,111919,20240903,124816,.,20241119,150002,20241125,143112,IWER03,IWER97
381281,ANES2024TimeSeries_20250808,GA,13,20240923,170540,20240923,185418,.,20241112,165528,20241112,183350,IWER52,IWER76
381286,ANES2024TimeSeries_20250808,OR,41,20240914,141017,20240914,155251,.,20241121,091104,20241121,103749,IWER58,IWER61
381341,ANES2024TimeSeries_20250808,VA,51,20240910,110709,20240910,131124,.,20241217,111756,20241217,132253,IWER36,IWER36
381416,ANES2024TimeSeries_20250808,TX,48,20240923,123700,20240923,135059,.,20250118,162957,20250118,172202,IWER07,IWER08
381884,ANES2024TimeSeries_20250808,AL,01,20240819,172543,20240822,132509,.,20250109,190925,20250109,203500,IWER32,IWER32
381908,ANES2024TimeSeries_20250808,NJ,34,20241030,095640,20241030,115228,.,20241210,100300,20241210,114326,IWER75,IWER90
382062,ANES2024TimeSeries_20250808,IL,17,20241105,143434,20241105,154956,.,20241211,133221,20241211,145035,IWER10,IWER03
382113,ANES2024TimeSeries_20250808,TX,48,20240906,201723,20240906,215851,.,.,NA,.,NA,IWER44,-1. Inapplicable
382410,ANES2024TimeSeries_20250808,NY,36,20240809,095921,20240809,120549,.,20250104,095439,20250104,112941,IWER46,IWER46
382412,ANES2024TimeSeries_20250808,WA,53,20241025,142028,20241025,164456,.,20241211,171632,20241211,191811,IWER80,IWER61
382516,ANES2024TimeSeries_20250808,VA,51,20240806,162221,20240806,174249,.,.,NA,.,NA,IWER43,-1. Inapplicable
382868,ANES2024TimeSeries_20250808,TX,48,20241023,115409,20241023,132641,.,20241121,121338,20241121,135429,IWER07,IWER07
382956,ANES2024TimeSeries_20250808,TX,48,20241011,162223,20241011,173726,.,.,NA,.,NA,IWER59,-1. Inapplicable
382985,ANES2024TimeSeries_20250808,AR,05,20241014,140317,20241014,152156,.,20250119,160806,20250119,173509,IWER65,IWER35
383038,ANES2024TimeSeries_20250808,IL,17,20240805,161318,20240806,094542,.,.,NA,.,NA,IWER45,-1. Inapplicable
383086,ANES2024TimeSeries_20250808,AZ,04,20240810,114158,20240810,135625,.,20241113,121158,20241113,135921,IWER11,IWER95
383155,ANES2024TimeSeries_20250808,CT,09,20241002,134252,20241002,150942,.,20241122,085741,20241122,101002,IWER47,IWER90
383276,ANES2024TimeSeries_20250808,FL,12,20240822,121634,20240822,142407,.,20241118,140918,20241118,155827,IWER14,IWER58
383295,ANES2024TimeSeries_20250808,TX,48,20241020,110006,20241020,122708,.,20241209,140245,20250119,141756,IWER59,IWER08
383424,ANES2024TimeSeries_20250808,GA,13,20240831,160509,20240831,174234,.,20241109,100516,20241109,112307,IWER52,IWER76
383480,ANES2024TimeSeries_20250808,NJ,34,20241013,183042,20241013,195745,.,20241126,100303,20241126,114533,IWER75,IWER76
383739,ANES2024TimeSeries_20250808,TX,48,20241103,171952,20241104,184358,.,20241119,180254,20241119,193939,IWER87,IWER12
383760,ANES2024TimeSeries_20250808,OR,41,20241024,150923,20241024,165434,.,.,NA,.,NA,IWER61,-1. Inapplicable
383810,ANES2024TimeSeries_20250808,ND,38,20240829,185920,20240829,202403,.,20241113,201253,20241113,215320,IWER45,IWER96
383818,ANES2024TimeSeries_20250808,AR,05,20241028,150026,20241028,162707,.,20241124,142241,20241124,152545,IWER14,IWER35
383828,ANES2024TimeSeries_20250808,WI,55,20240819,100347,20240819,113846,.,20241120,095436,20241120,110134,IWER03,IWER91
383921,ANES2024TimeSeries_20250808,ND,38,20240827,172950,20240827,184608,.,20241122,142749,20241122,154723,IWER45,IWER76
384006,ANES2024TimeSeries_20250808,TN,47,20241002,174404,20241002,190908,.,20241126,135010,20241126,152612,IWER50,IWER76
384053,ANES2024TimeSeries_20250808,NJ,34,20241017,112542,20241025,122157,.,20241205,102224,20241209,102209,IWER75,IWER10
384086,ANES2024TimeSeries_20250808,TX,48,20241026,154953,20241026,173310,.,20241123,102246,20241123,120807,IWER08,IWER08
384336,ANES2024TimeSeries_20250808,CA,06,20241003,131928,20241003,143620,.,20241111,125842,20241111,143240,IWER79,IWER96
384367,ANES2024TimeSeries_20250808,IA,19,20241102,100309,20241102,120834,.,20241123,133127,20241123,151539,IWER01,IWER85
384484,ANES2024TimeSeries_20250808,SC,45,20240907,145547,20240907,162607,.,20241123,115821,20241123,132125,IWER14,IWER14
384490,ANES2024TimeSeries_20250808,TX,48,20241028,154148,20241028,164306,.,20241123,161758,20241123,172712,IWER08,IWER08
384505,ANES2024TimeSeries_20250808,AL,01,20240814,170030,20240814,184043,.,.,NA,.,NA,IWER32,-1. Inapplicable
384581,ANES2024TimeSeries_20250808,VA,51,20241013,115850,20241013,133505,.,.,NA,.,NA,IWER36,-1. Inapplicable
384582,ANES2024TimeSeries_20250808,NY,36,20241104,130313,20241104,143538,.,20241211,130405,20241211,142721,IWER10,IWER10
384766,ANES2024TimeSeries_20250808,KY,21,20240813,153935,20240813,170735,.,20250113,121249,20250113,134003,IWER50,IWER50
384891,ANES2024TimeSeries_20250808,TX,48,20241025,174327,20241025,192449,.,20241207,141943,20241228,182550,IWER59,IWER07
385243,ANES2024TimeSeries_20250808,WA,53,20241024,130811,20241102,184531,.,20250125,145034,20250125,171517,IWER80,IWER61
385696,ANES2024TimeSeries_20250808,OR,41,20240918,093940,20240918,115314,.,20241122,102537,20241122,153153,IWER58,IWER61
385749,ANES2024TimeSeries_20250808,NY,36,20240826,133829,20240826,145914,.,20241122,110232,20241122,122018,IWER10,IWER90
385837,ANES2024TimeSeries_20250808,TX,48,20241030,122327,20241030,133725,.,20250122,084128,20250122,092758,IWER08,IWER08
385932,ANES2024TimeSeries_20250808,TX,48,20241004,130422,20241004,144720,.,20241216,204445,20241216,222551,IWER09,IWER98
385966,ANES2024TimeSeries_20250808,AR,05,20240817,183629,20240817,201555,.,20241124,165814,20241124,181717,IWER35,IWER35
386140,ANES2024TimeSeries_20250808,MN,27,20240923,143700,20240923,164026,.,20241120,150348,20241120,163632,IWER45,IWER45
386298,ANES2024TimeSeries_20250808,AL,01,20240812,160350,20240812,183128,.,20241116,101343,20241116,121038,IWER32,IWER32
386678,ANES2024TimeSeries_20250808,UT,49,20240809,194603,20240809,220536,.,20241121,134046,20241121,154214,IWER34,IWER34
386951,ANES2024TimeSeries_20250808,SC,45,20240908,115508,20240908,133855,.,20241122,110135,20241122,122839,IWER14,IWER14
387027,ANES2024TimeSeries_20250808,OR,41,20241025,120742,20241025,133630,.,20241212,190137,20241212,204922,IWER61,IWER32
387170,ANES2024TimeSeries_20250808,IL,17,20241023,183047,20241023,194257,.,20241204,183529,20241204,194025,IWER53,IWER53
387508,ANES2024TimeSeries_20250808,NY,36,20241027,163623,20241027,180815,.,20241206,100142,20241206,113059,IWER29,IWER92
387538,ANES2024TimeSeries_20250808,TX,48,20240824,172254,20240824,190602,.,20241216,101830,20241216,115152,IWER12,IWER12
387656,ANES2024TimeSeries_20250808,SC,45,20240917,135846,20240917,155157,.,20241120,140928,20241120,154310,IWER14,IWER14
387657,ANES2024TimeSeries_20250808,CT,09,20240928,110342,20240928,124225,.,20241216,121410,20241216,134444,IWER47,IWER92
387726,ANES2024TimeSeries_20250808,UT,49,20241004,180446,20241004,201232,.,20241107,144031,20241107,163303,IWER34,IWER93
387728,ANES2024TimeSeries_20250808,WA,53,20241101,115229,20241102,163535,.,.,NA,.,NA,IWER80,-1. Inapplicable
387859,ANES2024TimeSeries_20250808,OR,41,20241014,204139,20241014,221146,.,20241216,150237,20241216,162945,IWER58,IWER32
387887,ANES2024TimeSeries_20250808,TX,48,20240811,182857,20240811,200702,.,20241215,145739,20241215,162616,IWER44,IWER32
387918,ANES2024TimeSeries_20250808,FL,12,20241006,134142,20241006,152632,.,20241116,091636,20241116,105216,IWER71,IWER58
387978,ANES2024TimeSeries_20250808,PA,42,20241012,151958,20241012,164044,.,20241130,100152,20241130,111650,IWER10,IWER90
387997,ANES2024TimeSeries_20250808,MN,27,20240929,123649,20240930,113847,.,20241118,105920,20241118,124437,IWER45,IWER45
388014,ANES2024TimeSeries_20250808,DC,11,20241031,173627,20241031,184509,.,20241127,080817,20241127,091745,IWER37,IWER37
388132,ANES2024TimeSeries_20250808,MD,24,20241031,123525,20241031,142652,.,20241204,150042,20241204,162851,IWER01,IWER89
388371,ANES2024TimeSeries_20250808,TX,48,20241006,160156,20241006,171240,.,20241129,160611,20241129,172928,IWER12,IWER10
388372,ANES2024TimeSeries_20250808,MO,29,20241012,090957,20241012,104639,.,20241208,090002,20241208,101955,IWER58,IWER59
388376,ANES2024TimeSeries_20250808,MI,26,20241004,123520,20241005,151427,.,20241113,183250,20241219,192821,IWER81,IWER84
388403,ANES2024TimeSeries_20250808,OR,41,20241012,152427,20241012,165427,.,20241116,160255,20241116,173637,IWER61,IWER61
388443,ANES2024TimeSeries_20250808,GA,13,20240914,150448,20240914,171013,.,20241207,080510,20241207,094722,IWER52,IWER80
388445,ANES2024TimeSeries_20250808,AL,01,20240815,100449,20240815,114743,.,20241115,090403,20241115,104946,IWER32,IWER32
388458,ANES2024TimeSeries_20250808,NJ,34,20241028,110107,20241028,122738,.,.,NA,.,NA,IWER75,-1. Inapplicable
388490,ANES2024TimeSeries_20250808,NJ,34,20241027,085913,20241027,103853,.,.,NA,.,NA,IWER75,-1. Inapplicable
388648,ANES2024TimeSeries_20250808,CT,09,20240814,155351,20240814,170505,.,20241118,140357,20241118,154421,IWER47,IWER93
388667,ANES2024TimeSeries_20250808,TX,48,20240811,111459,20240811,124736,.,20241115,165447,20241115,180237,IWER08,IWER91
388827,ANES2024TimeSeries_20250808,TX,48,20240914,114504,20240914,134335,.,20250114,180446,20250114,195042,IWER59,IWER08
388898,ANES2024TimeSeries_20250808,SC,45,20241003,141430,20241003,153555,.,20241121,140127,20241121,151425,IWER08,IWER90
388929,ANES2024TimeSeries_20250808,CA,06,20241015,185457,20241015,201108,.,20241112,214528,20241113,183822,IWER39,IWER100
388959,ANES2024TimeSeries_20250808,PA,42,20240921,174733,20240921,190103,.,20241117,100753,20241117,111737,IWER10,IWER10
388961,ANES2024TimeSeries_20250808,MO,29,20241024,185131,20241024,201821,.,20241215,194857,20241215,211512,IWER58,IWER76
388982,ANES2024TimeSeries_20250808,CT,09,20240814,133903,20240814,150844,.,20241113,150028,20241113,161547,IWER47,IWER90
388996,ANES2024TimeSeries_20250808,NY,36,20240826,091509,20240826,104710,.,20241202,110450,20241202,123100,IWER10,IWER76
389028,ANES2024TimeSeries_20250808,GA,13,20240823,175949,20240823,215648,.,20241123,150247,20241123,175803,IWER52,IWER52
389211,ANES2024TimeSeries_20250808,TX,48,20240930,140555,20240930,152939,.,20241206,120052,20241206,132312,IWER07,IWER07
389232,ANES2024TimeSeries_20250808,CA,06,20240811,155854,20240811,175819,.,.,NA,.,NA,IWER06,-1. Inapplicable
389371,ANES2024TimeSeries_20250808,AZ,04,20240823,130218,20240823,145758,.,20241210,191440,20241210,213056,IWER11,IWER11
389434,ANES2024TimeSeries_20250808,IN,18,20240910,135120,20240910,160437,.,20241111,145119,20241111,170144,IWER03,IWER92
389494,ANES2024TimeSeries_20250808,OR,41,20241009,191310,20241009,205125,.,20241126,212536,20241126,224213,IWER61,IWER95
389549,ANES2024TimeSeries_20250808,FL,12,20240821,171440,20240821,190304,.,20241120,103536,20241120,121151,IWER14,IWER58
389715,ANES2024TimeSeries_20250808,MO,29,20241008,143109,20241008,161608,.,.,NA,.,NA,IWER24,-1. Inapplicable
389759,ANES2024TimeSeries_20250808,CO,08,20241024,194948,20241024,205918,.,20241227,200244,20241227,220318,IWER72,IWER77
389789,ANES2024TimeSeries_20250808,MN,27,20240923,095406,20240923,113449,.,20241205,162419,20241205,183315,IWER45,IWER71
389829,ANES2024TimeSeries_20250808,SC,45,20241002,190956,20241002,203911,.,.,NA,.,NA,IWER58,-1. Inapplicable
389913,ANES2024TimeSeries_20250808,MO,29,20241101,202043,20241101,214305,.,20241206,190137,20241206,202417,IWER10,IWER72
389940,ANES2024TimeSeries_20250808,TX,48,20240808,123210,20240808,135804,.,20241114,101536,20241114,112804,IWER07,IWER95
389969,ANES2024TimeSeries_20250808,SC,45,20240919,134149,20240919,151021,.,20241126,100845,20241126,113412,IWER51,IWER77
389971,ANES2024TimeSeries_20250808,TN,47,20240918,170116,20240918,190324,.,20241118,110932,20241118,125458,IWER50,IWER50
390206,ANES2024TimeSeries_20250808,MI,26,20240912,124656,20240912,143222,.,20250215,110335,20250215,124848,IWER51,IWER35
390244,ANES2024TimeSeries_20250808,FL,12,20241019,151959,20241019,164126,.,20241116,130204,20241116,144139,IWER16,IWER47
390332,ANES2024TimeSeries_20250808,IN,18,20241021,133357,20241021,152708,.,.,NA,.,NA,IWER67,-1. Inapplicable
390407,ANES2024TimeSeries_20250808,CT,09,20241030,163604,20241030,192230,.,20241203,135503,20241203,155157,IWER47,IWER93
390437,ANES2024TimeSeries_20250808,TX,48,20241001,161857,20241001,182518,.,20250218,153603,20250218,170055,IWER60,IWER11
390479,ANES2024TimeSeries_20250808,CA,06,20241008,110459,20241008,130803,.,20241210,170211,20241210,183004,IWER62,IWER99
390533,ANES2024TimeSeries_20250808,GA,13,20240828,171107,20240828,184226,.,20241120,161307,20241120,175129,IWER52,IWER52
390563,ANES2024TimeSeries_20250808,CA,06,20240803,202250,20240803,214456,.,.,NA,.,NA,IWER39,-1. Inapplicable
390574,ANES2024TimeSeries_20250808,NJ,34,20241014,111146,20241014,124003,.,.,NA,.,NA,IWER75,-1. Inapplicable
390645,ANES2024TimeSeries_20250808,MO,29,20241019,103909,20241019,121729,.,20241212,110403,20241212,122239,IWER58,IWER72
390881,ANES2024TimeSeries_20250808,VA,51,20240827,140757,20240827,152731,.,20241119,154337,20241119,171543,IWER43,IWER43
390979,ANES2024TimeSeries_20250808,SC,45,20240914,135850,20240914,155314,.,20241123,145653,20241123,163344,IWER14,IWER14
391287,ANES2024TimeSeries_20250808,IA,19,20241025,122817,20241025,141958,.,20241211,140057,20241211,160722,IWER85,IWER85
391367,ANES2024TimeSeries_20250808,AZ,04,20241025,101219,20241025,111921,.,20241220,153049,20241220,163940,IWER11,IWER11
391442,ANES2024TimeSeries_20250808,CO,08,20240930,181225,20240930,192440,.,20241203,172823,20241203,183524,IWER65,IWER58
391578,ANES2024TimeSeries_20250808,SC,45,20241104,080007,20241104,093824,.,20241125,150147,20241125,163541,IWER80,IWER14
391737,ANES2024TimeSeries_20250808,TN,47,20241015,110719,20241015,121322,.,20241126,135555,20241126,145554,IWER50,IWER50
391759,ANES2024TimeSeries_20250808,ND,38,20240903,125909,20240903,145849,.,20241123,144130,20241123,162225,IWER45,IWER58
391904,ANES2024TimeSeries_20250808,OR,41,20240924,134514,20241001,153653,.,20241119,162057,20241119,173323,IWER61,IWER91
391919,ANES2024TimeSeries_20250808,TN,47,20241031,140517,20241031,150717,.,20241206,100206,20241206,112155,IWER50,IWER76
391970,ANES2024TimeSeries_20250808,TX,48,20240822,182522,20240822,213421,.,20241125,181012,20241126,190208,IWER12,IWER12
391981,ANES2024TimeSeries_20250808,TN,47,20241003,180837,20241003,191656,.,20241201,120747,20241201,131910,IWER50,IWER50
392069,ANES2024TimeSeries_20250808,NY,36,20241006,110052,20241006,123521,.,20241118,080137,20241118,095117,IWER46,IWER28
392078,ANES2024TimeSeries_20250808,PA,42,20241013,121519,20241013,134312,.,20241215,140448,20241215,153015,IWER10,IWER10
392171,ANES2024TimeSeries_20250808,VA,51,20240826,160845,20240826,175711,.,20241115,151040,20241115,165019,IWER43,IWER43
392210,ANES2024TimeSeries_20250808,VA,51,20241011,144111,20241011,163641,.,20241126,131317,20241211,142830,IWER43,IWER94
392354,ANES2024TimeSeries_20250808,IA,19,20240908,165020,20240908,181511,.,20241114,182007,20241114,195036,IWER32,IWER89
392373,ANES2024TimeSeries_20250808,NC,37,20240905,111901,20240905,130441,.,20241114,100545,20241114,113055,IWER49,IWER90
392584,ANES2024TimeSeries_20250808,IL,17,20240807,191536,20240807,204814,.,20250130,161939,20250130,175514,IWER45,IWER37
392587,ANES2024TimeSeries_20250808,MD,24,20241029,143808,20241029,163346,.,.,NA,.,NA,IWER43,-1. Inapplicable
392763,ANES2024TimeSeries_20250808,UT,49,20240918,154754,20240918,174821,.,20241211,143511,20241211,164144,IWER34,IWER34
392811,ANES2024TimeSeries_20250808,UT,49,20240914,144835,20240914,170000,.,20241121,191250,20241208,164829,IWER34,IWER34
392937,ANES2024TimeSeries_20250808,AR,05,20240817,150406,20240817,165425,.,20241120,150431,20241120,164344,IWER35,IWER35
392941,ANES2024TimeSeries_20250808,OR,41,20241009,134119,20241009,160410,.,20250128,140903,20250128,155929,IWER61,IWER61
392961,ANES2024TimeSeries_20250808,WI,55,20241031,115130,20241031,130924,.,20241212,150157,20241212,161215,IWER80,IWER03
393194,ANES2024TimeSeries_20250808,CA,06,20241016,183339,20241016,200409,.,20241211,090603,20241211,103431,IWER80,IWER62
393245,ANES2024TimeSeries_20250808,NY,36,20240810,101951,20240829,133046,.,20241203,113404,20241203,125626,IWER28,IWER46
393357,ANES2024TimeSeries_20250808,AZ,04,20241018,100345,20241018,111557,.,20241125,122406,20241125,135839,IWER25,IWER10
393531,ANES2024TimeSeries_20250808,CA,06,20240829,180426,20240829,202410,.,20241116,100655,20241116,121355,IWER08,IWER92
393574,ANES2024TimeSeries_20250808,TX,48,20240830,141544,20240830,154706,.,20241119,161612,20241119,180624,IWER44,IWER44
393686,ANES2024TimeSeries_20250808,CA,06,20241013,181611,20241013,201152,.,20250120,160615,20250120,173341,IWER62,IWER62
393753,ANES2024TimeSeries_20250808,MN,27,20241021,132907,20241021,172450,.,20241118,133454,20241118,152354,IWER85,IWER45
393794,ANES2024TimeSeries_20250808,AR,05,20241028,165001,20241028,182222,.,20241118,150009,20241118,162332,IWER14,IWER35
393820,ANES2024TimeSeries_20250808,CA,06,20240829,111610,20240901,141112,.,20241109,160059,20241109,172615,IWER08,IWER93
393905,ANES2024TimeSeries_20250808,IL,17,20241101,131252,20241101,145401,.,20241204,140705,20241204,160348,IWER01,IWER54
393932,ANES2024TimeSeries_20250808,UT,49,20240905,190021,20240905,210558,.,20241112,141416,20241112,155409,IWER34,IWER94
394300,ANES2024TimeSeries_20250808,TX,48,20241006,112609,20241006,123524,.,20241110,115757,20241110,132532,IWER59,IWER93
394391,ANES2024TimeSeries_20250808,CA,06,20240803,142519,20240803,160028,.,20241202,095509,20241202,113621,IWER02,IWER27
394401,ANES2024TimeSeries_20250808,OR,41,20240916,190214,20241004,181014,.,20241117,154323,20241117,174323,IWER61,IWER61
394483,ANES2024TimeSeries_20250808,MO,29,20241025,184031,20241025,202953,.,20241201,143846,20241201,160843,IWER58,IWER92
394739,ANES2024TimeSeries_20250808,MO,29,20240911,133114,20240911,150623,.,20241120,142526,20241120,155340,IWER24,IWER92
394802,ANES2024TimeSeries_20250808,IN,18,20241013,090812,20241013,103723,.,20241231,103512,20241231,120928,IWER03,IWER80
394835,ANES2024TimeSeries_20250808,PA,42,20241013,152455,20241013,163936,.,20250119,140716,20250119,152002,IWER10,IWER10
394872,ANES2024TimeSeries_20250808,CA,06,20241030,122743,20241030,142536,.,20241215,100107,20241215,114552,IWER06,IWER27
395024,ANES2024TimeSeries_20250808,TX,48,20241023,134602,20241023,145849,.,20241203,094703,20241212,110912,IWER08,IWER90
395051,ANES2024TimeSeries_20250808,CA,06,20241027,163241,20241027,180106,.,20250104,103953,20250104,121511,IWER62,IWER62
395137,ANES2024TimeSeries_20250808,TX,48,20241103,101638,20241103,112818,.,20241230,111001,20241230,122107,IWER07,IWER07
395139,ANES2024TimeSeries_20250808,IA,19,20241008,110457,20241008,132255,.,20241206,143117,20241206,164146,IWER85,IWER85
395173,ANES2024TimeSeries_20250808,NY,36,20240915,111518,20240915,122736,.,20241119,155753,20241119,171835,IWER10,IWER89
395180,ANES2024TimeSeries_20250808,AL,01,20241010,164027,20241010,180524,.,20250119,100258,20250119,112244,IWER72,IWER32
395236,ANES2024TimeSeries_20250808,UT,49,20241009,162237,20241009,184952,.,20241126,180012,20250112,132041,IWER34,IWER34
395396,ANES2024TimeSeries_20250808,NY,36,20240806,140348,20240806,162656,.,20241114,181200,20241114,202023,IWER10,IWER92
395598,ANES2024TimeSeries_20250808,WA,53,20241016,165650,20241016,191321,.,20241116,122628,20241116,141812,IWER70,IWER90
395642,ANES2024TimeSeries_20250808,MI,26,20241016,112711,20241016,125202,.,20241121,101409,20241121,113610,IWER69,IWER84
395658,ANES2024TimeSeries_20250808,NY,36,20240826,170759,20240826,195918,.,20241202,135624,20241202,150704,IWER46,IWER91
395742,ANES2024TimeSeries_20250808,CA,06,20241103,151927,20241103,163440,.,20241206,144950,20241206,161903,IWER79,IWER76
395751,ANES2024TimeSeries_20250808,AR,05,20241013,112328,20241013,124244,.,20241122,110522,20241122,124322,IWER65,IWER93
395809,ANES2024TimeSeries_20250808,IL,17,20240922,131055,20240922,141705,.,.,NA,.,NA,IWER53,-1. Inapplicable
395842,ANES2024TimeSeries_20250808,AL,01,20241006,100548,20241006,113448,.,20241208,160745,20241208,173122,IWER72,IWER93
395901,ANES2024TimeSeries_20250808,KY,21,20240925,193648,20240925,210528,.,20241119,180701,20241119,194335,IWER43,IWER94
395904,ANES2024TimeSeries_20250808,OR,41,20240921,132932,20240921,150828,.,20241121,145941,20241121,162335,IWER58,IWER93
395987,ANES2024TimeSeries_20250808,CT,09,20241027,160536,20241027,170708,.,20241220,180040,20241220,193215,IWER47,IWER93
395998,ANES2024TimeSeries_20250808,IA,19,20240910,155822,20240910,173950,.,20241207,110727,20241207,125429,IWER32,IWER85
396012,ANES2024TimeSeries_20250808,TX,48,20240808,181227,20240903,175730,.,20250111,104248,20250111,120306,IWER12,IWER08
396121,ANES2024TimeSeries_20250808,TX,48,20241029,185919,20241029,201301,.,20241215,180640,20241215,191622,IWER12,IWER90
396139,ANES2024TimeSeries_20250808,IL,17,20241029,121026,20241029,132422,.,20241124,090104,20241124,102834,IWER53,IWER80
396227,ANES2024TimeSeries_20250808,OR,41,20241023,162424,20241023,182605,.,20241217,161727,20241217,180429,IWER61,IWER76
396256,ANES2024TimeSeries_20250808,NC,37,20241102,113111,20241102,132739,.,20241119,110424,20241122,115104,IWER90,IWER49
396258,ANES2024TimeSeries_20250808,NJ,34,20241016,150923,20241016,163510,.,20241231,122721,20241231,140212,IWER75,IWER46
396470,ANES2024TimeSeries_20250808,MA,25,20241003,180230,20241003,192706,.,20241107,180644,20241107,195330,IWER32,IWER98
396642,ANES2024TimeSeries_20250808,MI,26,20241101,122556,20241101,140815,.,20241122,100206,20241122,113023,IWER69,IWER84
396669,ANES2024TimeSeries_20250808,OR,41,20241002,091245,20241002,105838,.,20241116,091336,20241116,105856,IWER61,IWER61
396692,ANES2024TimeSeries_20250808,AL,01,20240811,165720,20240811,182458,.,20241118,153445,20241118,165428,IWER32,IWER32
396698,ANES2024TimeSeries_20250808,CT,09,20240827,141551,20240827,153632,.,.,NA,.,NA,IWER21,-1. Inapplicable
396856,ANES2024TimeSeries_20250808,AL,01,20241023,154754,20241023,170632,.,20241208,140909,20241208,153643,IWER32,IWER98
396977,ANES2024TimeSeries_20250808,WA,53,20241030,085946,20241030,101451,.,20241216,100734,20241216,114856,IWER80,IWER61
396998,ANES2024TimeSeries_20250808,IA,19,20241008,143734,20241008,164156,.,20241112,094057,20241112,112415,IWER85,IWER58
397025,ANES2024TimeSeries_20250808,IA,19,20241013,124004,20241013,142131,.,20241209,141439,20241209,160224,IWER14,IWER85
397079,ANES2024TimeSeries_20250808,FL,12,20241020,110341,20241020,123812,.,.,NA,.,NA,IWER71,-1. Inapplicable
397287,ANES2024TimeSeries_20250808,TX,48,20240813,175823,20240813,193051,.,20250111,161159,20250111,174432,IWER12,IWER08
397289,ANES2024TimeSeries_20250808,GA,13,20240810,125258,20240810,135511,.,20241116,101527,20241116,115429,IWER38,IWER52
397466,ANES2024TimeSeries_20250808,VA,51,20241014,135212,20241014,153422,.,20241120,130958,20241120,152453,IWER43,IWER43
397505,ANES2024TimeSeries_20250808,CT,09,20241028,173634,20241028,191426,.,20241217,183902,20241217,202508,IWER47,IWER76
397835,ANES2024TimeSeries_20250808,AR,05,20241011,150720,20241011,162921,.,20241119,114300,20241119,135033,IWER65,IWER35
397938,ANES2024TimeSeries_20250808,GA,13,20241022,183534,20241022,202915,.,.,NA,.,NA,IWER52,-1. Inapplicable
398214,ANES2024TimeSeries_20250808,MN,27,20241027,135757,20241027,153142,.,20241120,200028,20241120,214206,IWER11,IWER45
398435,ANES2024TimeSeries_20250808,TN,47,20241010,170354,20241010,181704,.,20241118,121955,20241120,125301,IWER50,IWER93
398518,ANES2024TimeSeries_20250808,CA,06,20240903,130353,20240903,145056,.,20241119,194229,20241119,205659,IWER08,IWER91
398598,ANES2024TimeSeries_20250808,OR,41,20240918,143357,20240918,161622,.,20241122,172755,20241122,185203,IWER58,IWER92
398837,ANES2024TimeSeries_20250808,ND,38,20240902,183847,20240902,195847,.,20241115,200845,20241115,215116,IWER45,IWER92
398847,ANES2024TimeSeries_20250808,IA,19,20241010,112755,20241010,132002,.,20241126,172400,20241126,190810,IWER14,IWER85
399081,ANES2024TimeSeries_20250808,UT,49,20240917,123303,20241031,154330,.,20241202,103101,20241202,122010,IWER36,IWER34
399113,ANES2024TimeSeries_20250808,AR,05,20241014,163551,20241014,185525,.,.,NA,.,NA,IWER65,-1. Inapplicable
399179,ANES2024TimeSeries_20250808,OR,41,20240926,101258,20240926,121213,.,20241121,140227,20241121,155219,IWER61,IWER58
399317,ANES2024TimeSeries_20250808,FL,12,20241104,105626,20241104,130711,.,20241205,100509,20241205,114032,IWER71,IWER76
399387,ANES2024TimeSeries_20250808,IL,17,20241028,184252,20241028,195612,.,20241207,183623,20241207,195817,IWER84,IWER96
399579,ANES2024TimeSeries_20250808,CO,08,20240816,170149,20240816,194025,.,20241201,151442,20241201,171426,IWER51,IWER58
399764,ANES2024TimeSeries_20250808,CA,06,20241024,182503,20241024,191750,.,.,NA,.,NA,IWER39,-1. Inapplicable
399815,ANES2024TimeSeries_20250808,MN,27,20240927,091729,20240927,105908,.,20241112,110916,20241112,125957,IWER45,IWER76
399830,ANES2024TimeSeries_20250808,VA,51,20241006,150012,20241006,164521,.,.,NA,.,NA,IWER43,-1. Inapplicable
399841,ANES2024TimeSeries_20250808,NJ,34,20241101,110121,20241101,125209,.,20241118,110239,20241118,122755,IWER75,IWER75
399909,ANES2024TimeSeries_20250808,TN,47,20240917,175951,20240917,194540,.,20241126,161445,20241126,175221,IWER50,IWER50
